team_slug,team_name,player_name,player_position,mock_count,unique_mocks,unique_authors,avg_round,median_round,min_round,max_round,avg_pick,median_pick,min_pick,max_pick,team_mock_count,share_of_team_picks
arizona-cardinals,Arizona Cardinals,David Bailey,EDGE,88,80,80,1.0,1.0,1,1,3.090909090909091,3.0,3,7,356,0.24719101123595505
arizona-cardinals,Arizona Cardinals,Francis Mauigoa,OT,71,70,68,1.0,1.0,1,1,4.23943661971831,3.0,3,12,356,0.199438202247191
arizona-cardinals,Arizona Cardinals,Ty Simpson,QB,58,55,55,1.0,1.0,1,1,26.362068965517242,28.5,3,32,356,0.16292134831460675
arizona-cardinals,Arizona Cardinals,Arvell Reese,LB,52,50,49,1.0,1.0,1,1,3.0,3.0,3,3,356,0.14606741573033707
arizona-cardinals,Arizona Cardinals,Jeremiyah Love,RB,17,15,15,1.0,1.0,1,1,3.176470588235294,3.0,3,6,356,0.047752808988764044
arizona-cardinals,Arizona Cardinals,Spencer Fano,OT,14,14,14,1.0,1.0,1,1,10.0,9.5,3,20,356,0.03932584269662921
arizona-cardinals,Arizona Cardinals,Rueben Bain,EDGE,9,9,9,1.0,1.0,1,1,4.0,3.0,3,12,356,0.025280898876404494
arizona-cardinals,Arizona Cardinals,Sonny Styles,LB,8,8,7,1.0,1.0,1,1,3.0,3.0,3,3,356,0.02247191011235955
arizona-cardinals,Arizona Cardinals,Monroe Freeling,OT,7,7,7,1.0,1.0,1,1,11.0,12.0,8,12,356,0.019662921348314606
arizona-cardinals,Arizona Cardinals,Kadyn Proctor,OT,4,4,4,1.0,1.0,1,1,18.25,16.0,12,29,356,0.011235955056179775
arizona-cardinals,Arizona Cardinals,Keldric Faulk,EDGE,4,4,4,1.0,1.0,1,1,20.0,20.0,20,20,356,0.011235955056179775
arizona-cardinals,Arizona Cardinals,Carnell Tate,WR,2,2,2,1.0,1.0,1,1,3.0,3.0,3,3,356,0.0056179775280898875
arizona-cardinals,Arizona Cardinals,Zion Young,EDGE,2,2,2,1.5,1.5,1,2,29.0,29.0,24,34,356,0.0056179775280898875
arizona-cardinals,Arizona Cardinals,Ja'Kobi Lane,WR,2,1,1,4.0,4.0,4,4,104.0,104.0,104,104,356,0.0056179775280898875
arizona-cardinals,Arizona Cardinals,T.J. Parker,EDGE,1,1,1,1.0,1.0,1,1,3.0,3.0,3,3,356,0.0028089887640449437
arizona-cardinals,Arizona Cardinals,Jordyn Tyson,WR,1,1,1,1.0,1.0,1,1,12.0,12.0,12,12,356,0.0028089887640449437
arizona-cardinals,Arizona Cardinals,Olaivavega Ioane,IOL,1,1,1,1.0,1.0,1,1,12.0,12.0,12,12,356,0.0028089887640449437
arizona-cardinals,Arizona Cardinals,Caleb Lomu,OT,1,1,1,1.0,1.0,1,1,20.0,20.0,20,20,356,0.0028089887640449437
arizona-cardinals,Arizona Cardinals,Colton Hood,CB,1,1,1,1.0,1.0,1,1,20.0,20.0,20,20,356,0.0028089887640449437
arizona-cardinals,Arizona Cardinals,Jermod McCoy,CB,1,1,1,1.0,1.0,1,1,20.0,20.0,20,20,356,0.0028089887640449437
arizona-cardinals,Arizona Cardinals,Max Iheanachor,OT,1,1,1,1.0,1.0,1,1,26.0,26.0,26,26,356,0.0028089887640449437
arizona-cardinals,Arizona Cardinals,Drew Allar,QB,1,1,1,1.0,1.0,1,1,28.0,28.0,28,28,356,0.0028089887640449437
arizona-cardinals,Arizona Cardinals,Cashius Howell,EDGE,1,1,1,1.0,1.0,1,1,29.0,29.0,29,29,356,0.0028089887640449437
arizona-cardinals,Arizona Cardinals,C.J. Allen,LB,1,1,1,2.0,2.0,2,2,34.0,34.0,34,34,356,0.0028089887640449437
arizona-cardinals,Arizona Cardinals,Caleb Tiernan,OT,1,1,1,3.0,3.0,3,3,65.0,65.0,65,65,356,0.0028089887640449437
arizona-cardinals,Arizona Cardinals,Domonique Orange,DL,1,1,1,3.0,3.0,3,3,65.0,65.0,65,65,356,0.0028089887640449437
arizona-cardinals,Arizona Cardinals,Emmett Johnson,RB,1,1,1,5.0,5.0,5,5,143.0,143.0,143,143,356,0.0028089887640449437
arizona-cardinals,Arizona Cardinals,Keyshaun Elliott,LB,1,1,1,5.0,5.0,5,5,143.0,143.0,143,143,356,0.0028089887640449437
arizona-cardinals,Arizona Cardinals,C.J. Daniels,WR,1,1,1,6.0,6.0,6,6,183.0,183.0,183,183,356,0.0028089887640449437
arizona-cardinals,Arizona Cardinals,Justin Jefferson,LB,1,1,1,6.0,6.0,6,6,183.0,183.0,183,183,356,0.0028089887640449437
arizona-cardinals,Arizona Cardinals,Eric Rivers,WR,1,1,1,7.0,7.0,7,7,217.0,217.0,217,217,356,0.0028089887640449437
arizona-cardinals,Arizona Cardinals,Sawyer Robertson,QB,1,1,1,7.0,7.0,7,7,217.0,217.0,217,217,356,0.0028089887640449437
atlanta-falcons,Atlanta Falcons,Blake Miller,OT,1,1,1,1.0,1.0,1,1,32.0,32.0,32,32,11,0.09090909090909091
atlanta-falcons,Atlanta Falcons,Anthony Hill Jr.,LB,1,1,1,2.0,2.0,2,2,48.0,48.0,48,48,11,0.09090909090909091
atlanta-falcons,Atlanta Falcons,Christen Miller,DL,1,1,1,2.0,2.0,2,2,48.0,48.0,48,48,11,0.09090909090909091
atlanta-falcons,Atlanta Falcons,Skyler Bell,WR,1,1,1,3.0,3.0,3,3,79.0,79.0,79,79,11,0.09090909090909091
atlanta-falcons,Atlanta Falcons,Ted Hurst,WR,1,1,1,3.0,3.0,3,3,79.0,79.0,79,79,11,0.09090909090909091
atlanta-falcons,Atlanta Falcons,Billy Schrauth,IOL,1,1,1,4.0,4.0,4,4,122.0,122.0,122,122,11,0.09090909090909091
atlanta-falcons,Atlanta Falcons,Harold Perkins,LB,1,1,1,4.0,4.0,4,4,122.0,122.0,122,122,11,0.09090909090909091
atlanta-falcons,Atlanta Falcons,John Michael Gyllenborg,TE,1,1,1,6.0,6.0,6,6,215.0,215.0,215,215,11,0.09090909090909091
atlanta-falcons,Atlanta Falcons,Micah Morris,IOL,1,1,1,6.0,6.0,6,6,215.0,215.0,215,215,11,0.09090909090909091
atlanta-falcons,Atlanta Falcons,Bryson Eason,DL,1,1,1,7.0,7.0,7,7,231.0,231.0,231,231,11,0.09090909090909091
atlanta-falcons,Atlanta Falcons,Domani Jackson,CB,1,1,1,7.0,7.0,7,7,231.0,231.0,231,231,11,0.09090909090909091
baltimore-ravens,Baltimore Ravens,Olaivavega Ioane,IOL,125,115,113,1.0,1.0,1,1,14.104,14.0,14,19,280,0.44642857142857145
baltimore-ravens,Baltimore Ravens,Kenyon Sadiq,TE,31,30,30,1.0,1.0,1,1,14.129032258064516,14.0,14,18,280,0.11071428571428571
baltimore-ravens,Baltimore Ravens,Jordyn Tyson,WR,23,22,22,1.0,1.0,1,1,14.217391304347826,14.0,14,19,280,0.08214285714285714
baltimore-ravens,Baltimore Ravens,Spencer Fano,OT,23,23,23,1.0,1.0,1,1,14.0,14.0,14,14,280,0.08214285714285714
baltimore-ravens,Baltimore Ravens,Makai Lemon,WR,8,8,8,1.0,1.0,1,1,14.0,14.0,14,14,280,0.02857142857142857
baltimore-ravens,Baltimore Ravens,Rueben Bain,EDGE,8,8,8,1.0,1.0,1,1,12.5,14.0,2,14,280,0.02857142857142857
baltimore-ravens,Baltimore Ravens,Jermod McCoy,CB,7,7,7,1.0,1.0,1,1,14.0,14.0,14,14,280,0.025
baltimore-ravens,Baltimore Ravens,Monroe Freeling,OT,5,5,5,1.0,1.0,1,1,14.0,14.0,14,14,280,0.017857142857142856
baltimore-ravens,Baltimore Ravens,Carnell Tate,WR,4,4,4,1.0,1.0,1,1,12.25,14.0,7,14,280,0.014285714285714285
baltimore-ravens,Baltimore Ravens,Denzel Boston,WR,4,4,4,1.0,1.0,1,1,18.0,14.0,14,30,280,0.014285714285714285
baltimore-ravens,Baltimore Ravens,Francis Mauigoa,OT,3,3,3,1.0,1.0,1,1,14.0,14.0,14,14,280,0.010714285714285714
baltimore-ravens,Baltimore Ravens,Kadyn Proctor,OT,3,3,3,1.0,1.0,1,1,14.0,14.0,14,14,280,0.010714285714285714
baltimore-ravens,Baltimore Ravens,Mansoor Delane,CB,3,3,3,1.0,1.0,1,1,14.0,14.0,14,14,280,0.010714285714285714
baltimore-ravens,Baltimore Ravens,Peter Woods,DL,3,3,3,1.0,1.0,1,1,14.0,14.0,14,14,280,0.010714285714285714
baltimore-ravens,Baltimore Ravens,Jeremiyah Love,RB,2,2,2,1.0,1.0,1,1,14.0,14.0,14,14,280,0.007142857142857143
baltimore-ravens,Baltimore Ravens,Keldric Faulk,EDGE,2,2,2,1.0,1.0,1,1,14.0,14.0,14,14,280,0.007142857142857143
baltimore-ravens,Baltimore Ravens,Kevin Coleman Jr.,WR,2,1,1,5.0,5.0,5,5,164.0,164.0,154,174,280,0.007142857142857143
baltimore-ravens,Baltimore Ravens,Jeremiah Wright,IOL,2,1,1,5.0,5.0,5,5,167.5,167.5,162,173,280,0.007142857142857143
baltimore-ravens,Baltimore Ravens,Caleb Banks,DL,1,1,1,1.0,1.0,1,1,14.0,14.0,14,14,280,0.0035714285714285713
baltimore-ravens,Baltimore Ravens,Caleb Downs,S,1,1,1,1.0,1.0,1,1,14.0,14.0,14,14,280,0.0035714285714285713
baltimore-ravens,Baltimore Ravens,Cashius Howell,EDGE,1,1,1,1.0,1.0,1,1,14.0,14.0,14,14,280,0.0035714285714285713
baltimore-ravens,Baltimore Ravens,Connor Lew,IOL,1,1,1,1.0,1.0,1,1,14.0,14.0,14,14,280,0.0035714285714285713
baltimore-ravens,Baltimore Ravens,Kayden McDonald,DL,1,1,1,1.0,1.0,1,1,14.0,14.0,14,14,280,0.0035714285714285713
baltimore-ravens,Baltimore Ravens,Omar Cooper Jr.,WR,1,1,1,1.0,1.0,1,1,14.0,14.0,14,14,280,0.0035714285714285713
baltimore-ravens,Baltimore Ravens,Chase Bisontis,IOL,1,1,1,2.0,2.0,2,2,45.0,45.0,45,45,280,0.0035714285714285713
baltimore-ravens,Baltimore Ravens,Emmanuel Pregnon,IOL,1,1,1,2.0,2.0,2,2,45.0,45.0,45,45,280,0.0035714285714285713
baltimore-ravens,Baltimore Ravens,Joshua Josephs,EDGE,1,1,1,3.0,3.0,3,3,80.0,80.0,80,80,280,0.0035714285714285713
baltimore-ravens,Baltimore Ravens,Romello Height,EDGE,1,1,1,3.0,3.0,3,3,80.0,80.0,80,80,280,0.0035714285714285713
baltimore-ravens,Baltimore Ravens,Jalen Farmer,IOL,1,1,1,4.0,4.0,4,4,115.0,115.0,115,115,280,0.0035714285714285713
baltimore-ravens,Baltimore Ravens,Will Lee III,CB,1,1,1,4.0,4.0,4,4,115.0,115.0,115,115,280,0.0035714285714285713
baltimore-ravens,Baltimore Ravens,Jack Endries,TE,1,1,1,5.0,5.0,5,5,154.0,154.0,154,154,280,0.0035714285714285713
baltimore-ravens,Baltimore Ravens,Landon Robinson,DL,1,1,1,5.0,5.0,5,5,162.0,162.0,162,162,280,0.0035714285714285713
baltimore-ravens,Baltimore Ravens,Kaelon Black,RB,1,1,1,5.0,5.0,5,5,173.0,173.0,173,173,280,0.0035714285714285713
baltimore-ravens,Baltimore Ravens,Matthew Hibner,TE,1,1,1,5.0,5.0,5,5,174.0,174.0,174,174,280,0.0035714285714285713
baltimore-ravens,Baltimore Ravens,Aamil Wagner,OT,1,1,1,6.0,6.0,6,6,211.0,211.0,211,211,280,0.0035714285714285713
baltimore-ravens,Baltimore Ravens,Marlin Klein,TE,1,1,1,6.0,6.0,6,6,211.0,211.0,211,211,280,0.0035714285714285713
baltimore-ravens,Baltimore Ravens,Adam Randall,RB,1,1,1,7.0,7.0,7,7,250.0,250.0,250,250,280,0.0035714285714285713
baltimore-ravens,Baltimore Ravens,Brett Thorson,P,1,1,1,7.0,7.0,7,7,250.0,250.0,250,250,280,0.0035714285714285713
baltimore-ravens,Baltimore Ravens,Barion Brown,WR,1,1,1,7.0,7.0,7,7,253.0,253.0,253,253,280,0.0035714285714285713
baltimore-ravens,Baltimore Ravens,Micah Morris,IOL,1,1,1,7.0,7.0,7,7,253.0,253.0,253,253,280,0.0035714285714285713
buffalo-bills,Buffalo Bills,C.J. Allen,LB,24,24,24,1.0,1.0,1,1,26.041666666666668,26.0,23,30,256,0.09375
buffalo-bills,Buffalo Bills,Kayden McDonald,DL,24,22,22,1.0,1.0,1,1,26.0,26.0,26,26,256,0.09375
buffalo-bills,Buffalo Bills,Cashius Howell,EDGE,22,20,20,1.0,1.0,1,1,26.136363636363637,26.0,26,29,256,0.0859375
buffalo-bills,Buffalo Bills,Kevin Concepcion,WR,17,17,17,1.0,1.0,1,1,25.823529411764707,26.0,23,26,256,0.06640625
buffalo-bills,Buffalo Bills,Malachi Lawrence,EDGE,17,16,16,1.0,1.0,1,1,26.0,26.0,26,26,256,0.06640625
buffalo-bills,Buffalo Bills,Emmanuel McNeil-Warren,S,16,16,15,1.0,1.0,1,1,26.0,26.0,26,26,256,0.0625
buffalo-bills,Buffalo Bills,Keldric Faulk,EDGE,15,14,14,1.0,1.0,1,1,26.0,26.0,26,26,256,0.05859375
buffalo-bills,Buffalo Bills,Akheem Mesidor,EDGE,14,12,12,1.0,1.0,1,1,26.0,26.0,26,26,256,0.0546875
buffalo-bills,Buffalo Bills,T.J. Parker,EDGE,14,14,14,1.0,1.0,1,1,26.0,26.0,26,26,256,0.0546875
buffalo-bills,Buffalo Bills,Denzel Boston,WR,12,12,12,1.0,1.0,1,1,26.0,26.0,26,26,256,0.046875
buffalo-bills,Buffalo Bills,Omar Cooper Jr.,WR,8,8,8,1.0,1.0,1,1,26.0,26.0,26,26,256,0.03125
buffalo-bills,Buffalo Bills,Jordyn Tyson,WR,7,7,7,1.0,1.0,1,1,24.571428571428573,26.0,20,26,256,0.02734375
buffalo-bills,Buffalo Bills,Jacob Rodriguez,LB,6,6,6,1.0,1.0,1,1,26.0,26.0,26,26,256,0.0234375
buffalo-bills,Buffalo Bills,Avieon Terrell,CB,5,5,5,1.0,1.0,1,1,26.0,26.0,26,26,256,0.01953125
buffalo-bills,Buffalo Bills,Chase Bisontis,IOL,5,4,4,1.0,1.0,1,1,26.0,26.0,26,26,256,0.01953125
buffalo-bills,Buffalo Bills,Emmanuel Pregnon,IOL,5,5,5,1.0,1.0,1,1,26.8,26.0,26,30,256,0.01953125
buffalo-bills,Buffalo Bills,Peter Woods,DL,5,5,5,1.0,1.0,1,1,26.0,26.0,26,26,256,0.01953125
buffalo-bills,Buffalo Bills,Zion Young,EDGE,5,5,5,1.0,1.0,1,1,26.0,26.0,26,26,256,0.01953125
buffalo-bills,Buffalo Bills,Olaivavega Ioane,IOL,3,3,3,1.0,1.0,1,1,26.0,26.0,26,26,256,0.01171875
buffalo-bills,Buffalo Bills,Caleb Lomu,OT,2,2,2,1.0,1.0,1,1,26.0,26.0,26,26,256,0.0078125
buffalo-bills,Buffalo Bills,Christen Miller,DL,2,2,2,1.0,1.0,1,1,26.0,26.0,26,26,256,0.0078125
buffalo-bills,Buffalo Bills,Dillon Thieneman,S,2,2,2,1.0,1.0,1,1,26.0,26.0,26,26,256,0.0078125
buffalo-bills,Buffalo Bills,Jermod McCoy,CB,2,2,2,1.0,1.0,1,1,26.0,26.0,26,26,256,0.0078125
buffalo-bills,Buffalo Bills,Taylen Green,QB,2,1,1,6.0,6.0,6,6,182.0,182.0,182,182,256,0.0078125
buffalo-bills,Buffalo Bills,Carnell Tate,WR,1,1,1,1.0,1.0,1,1,7.0,7.0,7,7,256,0.00390625
buffalo-bills,Buffalo Bills,Rueben Bain,EDGE,1,1,1,1.0,1.0,1,1,7.0,7.0,7,7,256,0.00390625
buffalo-bills,Buffalo Bills,Blake Miller,OT,1,1,1,1.0,1.0,1,1,26.0,26.0,26,26,256,0.00390625
buffalo-bills,Buffalo Bills,Caleb Banks,DL,1,1,1,1.0,1.0,1,1,26.0,26.0,26,26,256,0.00390625
buffalo-bills,Buffalo Bills,Chris Johnson,CB,1,1,1,1.0,1.0,1,1,26.0,26.0,26,26,256,0.00390625
buffalo-bills,Buffalo Bills,Colton Hood,CB,1,1,1,1.0,1.0,1,1,26.0,26.0,26,26,256,0.00390625
buffalo-bills,Buffalo Bills,Gabe Jacas,EDGE,1,1,1,1.0,1.0,1,1,26.0,26.0,26,26,256,0.00390625
buffalo-bills,Buffalo Bills,Kadyn Proctor,OT,1,1,1,1.0,1.0,1,1,26.0,26.0,26,26,256,0.00390625
buffalo-bills,Buffalo Bills,Lee Hunter,DL,1,1,1,1.0,1.0,1,1,26.0,26.0,26,26,256,0.00390625
buffalo-bills,Buffalo Bills,Monroe Freeling,OT,1,1,1,1.0,1.0,1,1,26.0,26.0,26,26,256,0.00390625
buffalo-bills,Buffalo Bills,R Mason Thomas,EDGE,1,1,1,1.0,1.0,1,1,26.0,26.0,26,26,256,0.00390625
buffalo-bills,Buffalo Bills,Chris Bell,WR,1,1,1,1.0,1.0,1,1,30.0,30.0,30,30,256,0.00390625
buffalo-bills,Buffalo Bills,Chandler Rivers,CB,1,1,1,3.0,3.0,3,3,91.0,91.0,91,91,256,0.00390625
buffalo-bills,Buffalo Bills,Zakee Wheatley,S,1,1,1,3.0,3.0,3,3,91.0,91.0,91,91,256,0.00390625
buffalo-bills,Buffalo Bills,Aiden Fisher,LB,1,1,1,4.0,4.0,4,4,126.0,126.0,126,126,256,0.00390625
buffalo-bills,Buffalo Bills,Billy Schrauth,IOL,1,1,1,4.0,4.0,4,4,126.0,126.0,126,126,256,0.00390625
buffalo-bills,Buffalo Bills,Charles Demmings,CB,1,1,1,5.0,5.0,5,5,165.0,165.0,165,165,256,0.00390625
buffalo-bills,Buffalo Bills,Parker Brailsford,IOL,1,1,1,5.0,5.0,5,5,165.0,165.0,165,165,256,0.00390625
buffalo-bills,Buffalo Bills,Beau Stephens,IOL,1,1,1,5.0,5.0,5,5,168.0,168.0,168,168,256,0.00390625
buffalo-bills,Buffalo Bills,Logan Taylor,IOL,1,1,1,5.0,5.0,5,5,168.0,168.0,168,168,256,0.00390625
buffalo-bills,Buffalo Bills,Fernando Carmona,IOL,1,1,1,7.0,7.0,7,7,220.0,220.0,220,220,256,0.00390625
buffalo-bills,Buffalo Bills,Roman Hemby,RB,1,1,1,7.0,7.0,7,7,220.0,220.0,220,220,256,0.00390625
carolina-panthers,Carolina Panthers,Kenyon Sadiq,TE,82,78,75,1.0,1.0,1,1,18.9390243902439,19.0,14,19,269,0.3048327137546468
carolina-panthers,Carolina Panthers,Kevin Concepcion,WR,18,17,17,1.0,1.0,1,1,19.944444444444443,19.0,19,28,269,0.06691449814126393
carolina-panthers,Carolina Panthers,Emmanuel McNeil-Warren,S,16,16,16,1.0,1.0,1,1,19.0,19.0,19,19,269,0.05947955390334572
carolina-panthers,Carolina Panthers,Dillon Thieneman,S,14,14,14,1.0,1.0,1,1,18.642857142857142,19.0,14,19,269,0.05204460966542751
carolina-panthers,Carolina Panthers,Kadyn Proctor,OT,14,13,13,1.0,1.0,1,1,19.0,19.0,19,19,269,0.05204460966542751
carolina-panthers,Carolina Panthers,Monroe Freeling,OT,12,11,11,1.0,1.0,1,1,19.0,19.0,19,19,269,0.04460966542750929
carolina-panthers,Carolina Panthers,Omar Cooper Jr.,WR,12,12,12,1.0,1.0,1,1,19.0,19.0,19,19,269,0.04460966542750929
carolina-panthers,Carolina Panthers,Avieon Terrell,CB,9,9,9,1.0,1.0,1,1,19.77777777777778,19.0,19,26,269,0.03345724907063197
carolina-panthers,Carolina Panthers,Jordyn Tyson,WR,9,9,9,1.0,1.0,1,1,18.555555555555557,19.0,15,19,269,0.03345724907063197
carolina-panthers,Carolina Panthers,Keldric Faulk,EDGE,9,8,8,1.0,1.0,1,1,19.666666666666668,19.0,19,25,269,0.03345724907063197
carolina-panthers,Carolina Panthers,Spencer Fano,OT,9,9,9,1.0,1.0,1,1,19.0,19.0,19,19,269,0.03345724907063197
carolina-panthers,Carolina Panthers,Jermod McCoy,CB,7,7,7,1.0,1.0,1,1,19.0,19.0,19,19,269,0.026022304832713755
carolina-panthers,Carolina Panthers,Makai Lemon,WR,7,7,7,1.0,1.0,1,1,19.0,19.0,19,19,269,0.026022304832713755
carolina-panthers,Carolina Panthers,Peter Woods,DL,7,7,7,1.0,1.0,1,1,19.0,19.0,19,19,269,0.026022304832713755
carolina-panthers,Carolina Panthers,Akheem Mesidor,EDGE,5,5,5,1.0,1.0,1,1,18.0,19.0,14,19,269,0.01858736059479554
carolina-panthers,Carolina Panthers,Denzel Boston,WR,5,5,5,1.0,1.0,1,1,19.8,19.0,19,23,269,0.01858736059479554
carolina-panthers,Carolina Panthers,Blake Miller,OT,4,4,4,1.0,1.0,1,1,19.0,19.0,19,19,269,0.01486988847583643
carolina-panthers,Carolina Panthers,Caleb Lomu,OT,4,4,4,1.0,1.0,1,1,20.0,19.0,19,23,269,0.01486988847583643
carolina-panthers,Carolina Panthers,Kayden McDonald,DL,2,2,2,1.0,1.0,1,1,19.0,19.0,19,19,269,0.007434944237918215
carolina-panthers,Carolina Panthers,Caleb Downs,S,1,1,1,1.0,1.0,1,1,13.0,13.0,13,13,269,0.0037174721189591076
carolina-panthers,Carolina Panthers,Francis Mauigoa,OT,1,1,1,1.0,1.0,1,1,16.0,16.0,16,16,269,0.0037174721189591076
carolina-panthers,Carolina Panthers,C.J. Allen,LB,1,1,1,1.0,1.0,1,1,19.0,19.0,19,19,269,0.0037174721189591076
carolina-panthers,Carolina Panthers,Caleb Banks,DL,1,1,1,1.0,1.0,1,1,19.0,19.0,19,19,269,0.0037174721189591076
carolina-panthers,Carolina Panthers,Eli Stowers,TE,1,1,1,1.0,1.0,1,1,19.0,19.0,19,19,269,0.0037174721189591076
carolina-panthers,Carolina Panthers,Emmanuel Pregnon,IOL,1,1,1,1.0,1.0,1,1,19.0,19.0,19,19,269,0.0037174721189591076
carolina-panthers,Carolina Panthers,Lee Hunter,DL,1,1,1,1.0,1.0,1,1,19.0,19.0,19,19,269,0.0037174721189591076
carolina-panthers,Carolina Panthers,Mansoor Delane,CB,1,1,1,1.0,1.0,1,1,19.0,19.0,19,19,269,0.0037174721189591076
carolina-panthers,Carolina Panthers,Max Iheanachor,OT,1,1,1,1.0,1.0,1,1,19.0,19.0,19,19,269,0.0037174721189591076
carolina-panthers,Carolina Panthers,Olaivavega Ioane,IOL,1,1,1,1.0,1.0,1,1,19.0,19.0,19,19,269,0.0037174721189591076
carolina-panthers,Carolina Panthers,T.J. Parker,EDGE,1,1,1,1.0,1.0,1,1,19.0,19.0,19,19,269,0.0037174721189591076
carolina-panthers,Carolina Panthers,Chris Bell,WR,1,1,1,1.0,1.0,1,1,32.0,32.0,32,32,269,0.0037174721189591076
carolina-panthers,Carolina Panthers,D'angelo Ponds,CB,1,1,1,2.0,2.0,2,2,51.0,51.0,51,51,269,0.0037174721189591076
carolina-panthers,Carolina Panthers,Gennings Dunker,OT,1,1,1,2.0,2.0,2,2,51.0,51.0,51,51,269,0.0037174721189591076
carolina-panthers,Carolina Panthers,Bryce Lance,WR,1,1,1,3.0,3.0,3,3,83.0,83.0,83,83,269,0.0037174721189591076
carolina-panthers,Carolina Panthers,Darrell Jackson Jr.,DL,1,1,1,3.0,3.0,3,3,83.0,83.0,83,83,269,0.0037174721189591076
carolina-panthers,Carolina Panthers,Justin Joly,TE,1,1,1,4.0,4.0,4,4,119.0,119.0,119,119,269,0.0037174721189591076
carolina-panthers,Carolina Panthers,Kaleb Elarms-Orr,LB,1,1,1,4.0,4.0,4,4,119.0,119.0,119,119,269,0.0037174721189591076
carolina-panthers,Carolina Panthers,Caden Curry,EDGE,1,1,1,5.0,5.0,5,5,158.0,158.0,158,158,269,0.0037174721189591076
carolina-panthers,Carolina Panthers,Vincent Anthony Jr.,EDGE,1,1,1,5.0,5.0,5,5,158.0,158.0,158,158,269,0.0037174721189591076
carolina-panthers,Carolina Panthers,Diego Pounds,OT,1,1,1,5.0,5.0,5,5,159.0,159.0,159,159,269,0.0037174721189591076
carolina-panthers,Carolina Panthers,Josh Cameron,WR,1,1,1,5.0,5.0,5,5,159.0,159.0,159,159,269,0.0037174721189591076
carolina-panthers,Carolina Panthers,Albert Regis,DL,1,1,1,6.0,6.0,6,6,200.0,200.0,200,200,269,0.0037174721189591076
carolina-panthers,Carolina Panthers,Skyler Gill-Howard,DL,1,1,1,6.0,6.0,6,6,200.0,200.0,200,200,269,0.0037174721189591076
chicago-bears,Chicago Bears,Emmanuel McNeil-Warren,S,54,50,49,1.0,1.0,1,1,25.074074074074073,25.0,25,29,266,0.20300751879699247
chicago-bears,Chicago Bears,Kayden McDonald,DL,34,31,31,1.0,1.0,1,1,25.147058823529413,25.0,25,30,266,0.12781954887218044
chicago-bears,Chicago Bears,Peter Woods,DL,27,24,24,1.0,1.0,1,1,25.22222222222222,25.0,25,31,266,0.10150375939849623
chicago-bears,Chicago Bears,Keldric Faulk,EDGE,23,22,22,1.0,1.0,1,1,24.695652173913043,25.0,15,28,266,0.08646616541353383
chicago-bears,Chicago Bears,T.J. Parker,EDGE,21,21,21,1.0,1.0,1,1,25.142857142857142,25.0,22,31,266,0.07894736842105263
chicago-bears,Chicago Bears,Zion Young,EDGE,18,17,17,1.0,1.0,1,1,25.0,25.0,25,25,266,0.06766917293233082
chicago-bears,Chicago Bears,Akheem Mesidor,EDGE,16,16,16,1.0,1.0,1,1,25.0,25.0,25,25,266,0.06015037593984962
chicago-bears,Chicago Bears,Dillon Thieneman,S,11,11,11,1.0,1.0,1,1,24.636363636363637,25.0,19,30,266,0.041353383458646614
chicago-bears,Chicago Bears,Caleb Banks,DL,7,7,7,1.0,1.0,1,1,25.0,25.0,25,25,266,0.02631578947368421
chicago-bears,Chicago Bears,Kadyn Proctor,OT,6,6,6,1.0,1.0,1,1,24.5,25.0,22,25,266,0.022556390977443608
chicago-bears,Chicago Bears,Cashius Howell,EDGE,5,5,5,1.0,1.0,1,1,25.8,25.0,25,29,266,0.018796992481203006
chicago-bears,Chicago Bears,Blake Miller,OT,3,3,3,1.0,1.0,1,1,25.0,25.0,25,25,266,0.011278195488721804
chicago-bears,Chicago Bears,Malachi Lawrence,EDGE,3,3,3,1.0,1.0,1,1,25.0,25.0,25,25,266,0.011278195488721804
chicago-bears,Chicago Bears,Anthony Hill Jr.,LB,2,2,2,1.0,1.0,1,1,24.0,24.0,23,25,266,0.007518796992481203
chicago-bears,Chicago Bears,Avieon Terrell,CB,2,2,2,1.0,1.0,1,1,25.0,25.0,25,25,266,0.007518796992481203
chicago-bears,Chicago Bears,C.J. Allen,LB,2,2,2,1.0,1.0,1,1,25.0,25.0,25,25,266,0.007518796992481203
chicago-bears,Chicago Bears,Caleb Lomu,OT,2,2,2,1.0,1.0,1,1,25.0,25.0,25,25,266,0.007518796992481203
chicago-bears,Chicago Bears,Chris Johnson,CB,2,2,2,1.0,1.0,1,1,25.0,25.0,25,25,266,0.007518796992481203
chicago-bears,Chicago Bears,Denzel Boston,WR,2,2,2,1.0,1.0,1,1,25.0,25.0,25,25,266,0.007518796992481203
chicago-bears,Chicago Bears,Jermod McCoy,CB,2,2,2,1.0,1.0,1,1,25.0,25.0,25,25,266,0.007518796992481203
chicago-bears,Chicago Bears,Omar Cooper Jr.,WR,2,2,2,1.0,1.0,1,1,25.0,25.0,25,25,266,0.007518796992481203
chicago-bears,Chicago Bears,A.J. Haulcy,S,2,2,2,1.5,1.5,1,2,42.5,42.5,25,60,266,0.007518796992481203
chicago-bears,Chicago Bears,Zavion Thomas,WR,2,1,1,7.0,7.0,7,7,239.0,239.0,239,239,266,0.007518796992481203
chicago-bears,Chicago Bears,Caleb Downs,S,1,1,1,1.0,1.0,1,1,8.0,8.0,8,8,266,0.0037593984962406013
chicago-bears,Chicago Bears,Rueben Bain,EDGE,1,1,1,1.0,1.0,1,1,8.0,8.0,8,8,266,0.0037593984962406013
chicago-bears,Chicago Bears,Jordyn Tyson,WR,1,1,1,1.0,1.0,1,1,18.0,18.0,18,18,266,0.0037593984962406013
chicago-bears,Chicago Bears,Connor Lew,IOL,1,1,1,1.0,1.0,1,1,25.0,25.0,25,25,266,0.0037593984962406013
chicago-bears,Chicago Bears,Kevin Concepcion,WR,1,1,1,1.0,1.0,1,1,25.0,25.0,25,25,266,0.0037593984962406013
chicago-bears,Chicago Bears,Max Iheanachor,OT,1,1,1,1.0,1.0,1,1,25.0,25.0,25,25,266,0.0037593984962406013
chicago-bears,Chicago Bears,Monroe Freeling,OT,1,1,1,1.0,1.0,1,1,25.0,25.0,25,25,266,0.0037593984962406013
chicago-bears,Chicago Bears,Treydan Stukes,CB,1,1,1,1.0,1.0,1,1,27.0,27.0,27,27,266,0.0037593984962406013
chicago-bears,Chicago Bears,Christen Miller,DL,1,1,1,1.0,1.0,1,1,30.0,30.0,30,30,266,0.0037593984962406013
chicago-bears,Chicago Bears,Derrick Moore,EDGE,1,1,1,2.0,2.0,2,2,57.0,57.0,57,57,266,0.0037593984962406013
chicago-bears,Chicago Bears,Germie Bernard,WR,1,1,1,2.0,2.0,2,2,57.0,57.0,57,57,266,0.0037593984962406013
chicago-bears,Chicago Bears,Dani Dennis-Sutton,EDGE,1,1,1,2.0,2.0,2,2,60.0,60.0,60,60,266,0.0037593984962406013
chicago-bears,Chicago Bears,Bud Clark,S,1,1,1,3.0,3.0,3,3,89.0,89.0,89,89,266,0.0037593984962406013
chicago-bears,Chicago Bears,Deion Burks,WR,1,1,1,3.0,3.0,3,3,89.0,89.0,89,89,266,0.0037593984962406013
chicago-bears,Chicago Bears,Bryce Boettcher,LB,1,1,1,4.0,4.0,4,4,129.0,129.0,129,129,266,0.0037593984962406013
chicago-bears,Chicago Bears,DeMonte Capehart,DL,1,1,1,4.0,4.0,4,4,129.0,129.0,129,129,266,0.0037593984962406013
chicago-bears,Chicago Bears,Bishop Fitzgerald,S,1,1,1,7.0,7.0,7,7,241.0,241.0,241,241,266,0.0037593984962406013
chicago-bears,Chicago Bears,Max Bredeson,RB,1,1,1,7.0,7.0,7,7,241.0,241.0,241,241,266,0.0037593984962406013
cincinnati-bengals,Cincinnati Bengals,Caleb Downs,S,56,55,55,1.0,1.0,1,1,10.053571428571429,10.0,10,13,200,0.28
cincinnati-bengals,Cincinnati Bengals,Mansoor Delane,CB,34,32,31,1.0,1.0,1,1,10.0,10.0,10,10,200,0.17
cincinnati-bengals,Cincinnati Bengals,Rueben Bain,EDGE,22,22,22,1.0,1.0,1,1,10.0,10.0,10,10,200,0.11
cincinnati-bengals,Cincinnati Bengals,Jermod McCoy,CB,19,18,17,1.0,1.0,1,1,10.263157894736842,10.0,10,15,200,0.095
cincinnati-bengals,Cincinnati Bengals,Sonny Styles,LB,14,14,13,1.0,1.0,1,1,9.428571428571429,10.0,4,10,200,0.07
cincinnati-bengals,Cincinnati Bengals,Francis Mauigoa,OT,7,7,7,1.0,1.0,1,1,10.0,10.0,10,10,200,0.035
cincinnati-bengals,Cincinnati Bengals,Dillon Thieneman,S,5,5,5,1.0,1.0,1,1,13.2,10.0,10,23,200,0.025
cincinnati-bengals,Cincinnati Bengals,Jeremiyah Love,RB,5,5,5,1.0,1.0,1,1,10.0,10.0,10,10,200,0.025
cincinnati-bengals,Cincinnati Bengals,Peter Woods,DL,5,4,4,1.0,1.0,1,1,10.4,10.0,10,12,200,0.025
cincinnati-bengals,Cincinnati Bengals,Spencer Fano,OT,5,5,5,1.0,1.0,1,1,10.0,10.0,10,10,200,0.025
cincinnati-bengals,Cincinnati Bengals,Olaivavega Ioane,IOL,3,3,3,1.0,1.0,1,1,10.0,10.0,10,10,200,0.015
cincinnati-bengals,Cincinnati Bengals,Caleb Lomu,OT,2,2,2,1.0,1.0,1,1,10.0,10.0,10,10,200,0.01
cincinnati-bengals,Cincinnati Bengals,Carnell Tate,WR,2,2,2,1.0,1.0,1,1,10.0,10.0,10,10,200,0.01
cincinnati-bengals,Cincinnati Bengals,David Bailey,EDGE,2,2,2,1.0,1.0,1,1,10.0,10.0,10,10,200,0.01
cincinnati-bengals,Cincinnati Bengals,Monroe Freeling,OT,2,2,2,1.0,1.0,1,1,10.0,10.0,10,10,200,0.01
cincinnati-bengals,Cincinnati Bengals,Keldric Faulk,EDGE,1,1,1,1.0,1.0,1,1,10.0,10.0,10,10,200,0.005
cincinnati-bengals,Cincinnati Bengals,Kenyon Sadiq,TE,1,1,1,1.0,1.0,1,1,10.0,10.0,10,10,200,0.005
cincinnati-bengals,Cincinnati Bengals,C.J. Allen,LB,1,1,1,1.0,1.0,1,1,32.0,32.0,32,32,200,0.005
cincinnati-bengals,Cincinnati Bengals,Christen Miller,DL,1,1,1,2.0,2.0,2,2,41.0,41.0,41,41,200,0.005
cincinnati-bengals,Cincinnati Bengals,Lee Hunter,DL,1,1,1,2.0,2.0,2,2,41.0,41.0,41,41,200,0.005
cincinnati-bengals,Cincinnati Bengals,Gracen Halton,DL,1,1,1,3.0,3.0,3,3,72.0,72.0,72,72,200,0.005
cincinnati-bengals,Cincinnati Bengals,Kamari Ramsey,S,1,1,1,3.0,3.0,3,3,72.0,72.0,72,72,200,0.005
cincinnati-bengals,Cincinnati Bengals,Brenen Thompson,WR,1,1,1,4.0,4.0,4,4,110.0,110.0,110,110,200,0.005
cincinnati-bengals,Cincinnati Bengals,Keyron Crawford,EDGE,1,1,1,4.0,4.0,4,4,110.0,110.0,110,110,200,0.005
cincinnati-bengals,Cincinnati Bengals,Adam Randall,RB,1,1,1,6.0,6.0,6,6,189.0,189.0,189,189,200,0.005
cincinnati-bengals,Cincinnati Bengals,Cyrus Allen,WR,1,1,1,6.0,6.0,6,6,189.0,189.0,189,189,200,0.005
cincinnati-bengals,Cincinnati Bengals,Kaden Wetjen,WR,1,1,1,6.0,6.0,6,6,199.0,199.0,199,199,200,0.005
cincinnati-bengals,Cincinnati Bengals,Tanner Koziol,TE,1,1,1,6.0,6.0,6,6,199.0,199.0,199,199,200,0.005
cincinnati-bengals,Cincinnati Bengals,Kendrick Law,WR,1,1,1,7.0,7.0,7,7,221.0,221.0,221,221,200,0.005
cincinnati-bengals,Cincinnati Bengals,Lorenzo Styles Jr.,CB,1,1,1,7.0,7.0,7,7,221.0,221.0,221,221,200,0.005
cincinnati-bengals,Cincinnati Bengals,Albert Regis,DL,1,1,1,7.0,7.0,7,7,226.0,226.0,226,226,200,0.005
cincinnati-bengals,Cincinnati Bengals,Skyler Gill-Howard,DL,1,1,1,7.0,7.0,7,7,226.0,226.0,226,226,200,0.005
cleveland-browns,Cleveland Browns,Carnell Tate,WR,96,91,91,1.0,1.0,1,1,6.104166666666667,6.0,6,10,560,0.17142857142857143
cleveland-browns,Cleveland Browns,Monroe Freeling,OT,74,71,65,1.0,1.0,1,1,10.391891891891891,6.0,6,24,560,0.13214285714285715
cleveland-browns,Cleveland Browns,Kevin Concepcion,WR,43,41,40,1.0,1.0,1,1,23.53488372093023,24.0,20,24,560,0.07678571428571429
cleveland-browns,Cleveland Browns,Francis Mauigoa,OT,42,42,42,1.0,1.0,1,1,6.285714285714286,6.0,3,12,560,0.075
cleveland-browns,Cleveland Browns,Spencer Fano,OT,42,41,41,1.0,1.0,1,1,8.595238095238095,6.0,6,24,560,0.075
cleveland-browns,Cleveland Browns,Denzel Boston,WR,37,36,33,1.0,1.0,1,1,23.7027027027027,24.0,20,29,560,0.06607142857142857
cleveland-browns,Cleveland Browns,Caleb Lomu,OT,31,29,29,1.0,1.0,1,1,22.0,24.0,6,24,560,0.055357142857142855
cleveland-browns,Cleveland Browns,Omar Cooper Jr.,WR,31,30,30,1.0,1.0,1,1,24.0,24.0,20,28,560,0.055357142857142855
cleveland-browns,Cleveland Browns,Kadyn Proctor,OT,24,23,23,1.0,1.0,1,1,16.25,18.0,6,24,560,0.04285714285714286
cleveland-browns,Cleveland Browns,Blake Miller,OT,15,15,15,1.0,1.0,1,1,23.266666666666666,24.0,6,31,560,0.026785714285714284
cleveland-browns,Cleveland Browns,Jordyn Tyson,WR,13,12,12,1.0,1.0,1,1,21.076923076923077,24.0,6,24,560,0.023214285714285715
cleveland-browns,Cleveland Browns,Makai Lemon,WR,11,10,10,1.0,1.0,1,1,20.363636363636363,24.0,6,24,560,0.019642857142857142
cleveland-browns,Cleveland Browns,Max Iheanachor,OT,9,9,9,1.0,1.0,1,1,24.0,24.0,24,24,560,0.01607142857142857
cleveland-browns,Cleveland Browns,Jermod McCoy,CB,8,7,7,1.0,1.0,1,1,24.0,24.0,24,24,560,0.014285714285714285
cleveland-browns,Cleveland Browns,Ty Simpson,QB,8,8,8,1.0,1.0,1,1,27.875,27.5,24,32,560,0.014285714285714285
cleveland-browns,Cleveland Browns,Rueben Bain,EDGE,7,7,7,1.0,1.0,1,1,8.142857142857142,6.0,6,21,560,0.0125
cleveland-browns,Cleveland Browns,Emmanuel McNeil-Warren,S,6,6,6,1.0,1.0,1,1,24.0,24.0,24,24,560,0.010714285714285714
cleveland-browns,Cleveland Browns,T.J. Parker,EDGE,6,6,6,1.0,1.0,1,1,24.0,24.0,24,24,560,0.010714285714285714
cleveland-browns,Cleveland Browns,Caleb Downs,S,5,4,4,1.0,1.0,1,1,6.0,6.0,6,6,560,0.008928571428571428
cleveland-browns,Cleveland Browns,Sonny Styles,LB,4,4,4,1.0,1.0,1,1,6.0,6.0,6,6,560,0.007142857142857143
cleveland-browns,Cleveland Browns,Avieon Terrell,CB,4,3,3,1.0,1.0,1,1,24.0,24.0,24,24,560,0.007142857142857143
cleveland-browns,Cleveland Browns,Colton Hood,CB,4,4,4,1.0,1.0,1,1,24.0,24.0,24,24,560,0.007142857142857143
cleveland-browns,Cleveland Browns,Kenyon Sadiq,TE,3,3,3,1.0,1.0,1,1,22.666666666666668,24.0,20,24,560,0.005357142857142857
cleveland-browns,Cleveland Browns,Olaivavega Ioane,IOL,3,3,3,1.0,1.0,1,1,24.0,24.0,24,24,560,0.005357142857142857
cleveland-browns,Cleveland Browns,David Bailey,EDGE,2,2,2,1.0,1.0,1,1,6.0,6.0,6,6,560,0.0035714285714285713
cleveland-browns,Cleveland Browns,Mansoor Delane,CB,2,2,2,1.0,1.0,1,1,6.0,6.0,6,6,560,0.0035714285714285713
cleveland-browns,Cleveland Browns,Akheem Mesidor,EDGE,2,2,2,1.0,1.0,1,1,24.0,24.0,24,24,560,0.0035714285714285713
cleveland-browns,Cleveland Browns,Chris Brazzell,WR,2,2,2,1.0,1.0,1,1,24.0,24.0,24,24,560,0.0035714285714285713
cleveland-browns,Cleveland Browns,Dillon Thieneman,S,2,2,2,1.0,1.0,1,1,24.0,24.0,24,24,560,0.0035714285714285713
cleveland-browns,Cleveland Browns,Chris Johnson,CB,2,2,2,1.5,1.5,1,2,31.5,31.5,24,39,560,0.0035714285714285713
cleveland-browns,Cleveland Browns,Drew Allar,QB,2,1,1,4.5,4.5,4,5,124.0,124.0,107,141,560,0.0035714285714285713
cleveland-browns,Cleveland Browns,Arvell Reese,LB,1,1,1,1.0,1.0,1,1,6.0,6.0,6,6,560,0.0017857142857142857
cleveland-browns,Cleveland Browns,Jeremiyah Love,RB,1,1,1,1.0,1.0,1,1,6.0,6.0,6,6,560,0.0017857142857142857
cleveland-browns,Cleveland Browns,Cashius Howell,EDGE,1,1,1,1.0,1.0,1,1,24.0,24.0,24,24,560,0.0017857142857142857
cleveland-browns,Cleveland Browns,Emmanuel Pregnon,IOL,1,1,1,1.0,1.0,1,1,24.0,24.0,24,24,560,0.0017857142857142857
cleveland-browns,Cleveland Browns,Kayden McDonald,DL,1,1,1,1.0,1.0,1,1,24.0,24.0,24,24,560,0.0017857142857142857
cleveland-browns,Cleveland Browns,Keldric Faulk,EDGE,1,1,1,1.0,1.0,1,1,24.0,24.0,24,24,560,0.0017857142857142857
cleveland-browns,Cleveland Browns,Zion Young,EDGE,1,1,1,1.0,1.0,1,1,24.0,24.0,24,24,560,0.0017857142857142857
cleveland-browns,Cleveland Browns,R Mason Thomas,EDGE,1,1,1,2.0,2.0,2,2,39.0,39.0,39,39,560,0.0017857142857142857
cleveland-browns,Cleveland Browns,Kamari Ramsey,S,1,1,1,3.0,3.0,3,3,70.0,70.0,70,70,560,0.0017857142857142857
cleveland-browns,Cleveland Browns,Treydan Stukes,CB,1,1,1,3.0,3.0,3,3,70.0,70.0,70,70,560,0.0017857142857142857
cleveland-browns,Cleveland Browns,Logan Jones,IOL,1,1,1,4.0,4.0,4,4,107.0,107.0,107,107,560,0.0017857142857142857
cleveland-browns,Cleveland Browns,Keagen Trost,IOL,1,1,1,5.0,5.0,5,5,141.0,141.0,141,141,560,0.0017857142857142857
cleveland-browns,Cleveland Browns,Beau Stephens,IOL,1,1,1,5.0,5.0,5,5,146.0,146.0,146,146,560,0.0017857142857142857
cleveland-browns,Cleveland Browns,Parker Brailsford,IOL,1,1,1,5.0,5.0,5,5,146.0,146.0,146,146,560,0.0017857142857142857
cleveland-browns,Cleveland Browns,Drew Shelton,OT,1,1,1,5.0,5.0,5,5,149.0,149.0,149,149,560,0.0017857142857142857
cleveland-browns,Cleveland Browns,Mikail Kamara,EDGE,1,1,1,5.0,5.0,5,5,149.0,149.0,149,149,560,0.0017857142857142857
cleveland-browns,Cleveland Browns,D.J. Campbell,IOL,1,1,1,6.0,6.0,6,6,206.0,206.0,206,206,560,0.0017857142857142857
cleveland-browns,Cleveland Browns,Domani Jackson,CB,1,1,1,6.0,6.0,6,6,206.0,206.0,206,206,560,0.0017857142857142857
cleveland-browns,Cleveland Browns,Josh Cuevas,TE,1,1,1,7.0,7.0,7,7,248.0,248.0,248,248,560,0.0017857142857142857
cleveland-browns,Cleveland Browns,Nyjalik Kelly,EDGE,1,1,1,7.0,7.0,7,7,248.0,248.0,248,248,560,0.0017857142857142857
dallas-cowboys,Dallas Cowboys,Jermod McCoy,CB,80,73,72,1.0,1.0,1,1,13.5625,12.0,12,21,500,0.16
dallas-cowboys,Dallas Cowboys,Keldric Faulk,EDGE,53,51,50,1.0,1.0,1,1,18.11320754716981,20.0,12,24,500,0.106
dallas-cowboys,Dallas Cowboys,Sonny Styles,LB,36,34,34,1.0,1.0,1,1,9.277777777777779,8.0,4,20,500,0.072
dallas-cowboys,Dallas Cowboys,Dillon Thieneman,S,31,29,29,1.0,1.0,1,1,13.741935483870968,12.0,12,20,500,0.062
dallas-cowboys,Dallas Cowboys,C.J. Allen,LB,28,27,26,1.0,1.0,1,1,20.0,20.0,20,20,500,0.056
dallas-cowboys,Dallas Cowboys,Mansoor Delane,CB,27,27,26,1.0,1.0,1,1,12.074074074074074,12.0,8,20,500,0.054
dallas-cowboys,Dallas Cowboys,Akheem Mesidor,EDGE,26,24,24,1.0,1.0,1,1,19.0,20.0,12,26,500,0.052
dallas-cowboys,Dallas Cowboys,Caleb Downs,S,21,21,21,1.0,1.0,1,1,10.523809523809524,12.0,6,12,500,0.042
dallas-cowboys,Dallas Cowboys,David Bailey,EDGE,18,18,17,1.0,1.0,1,1,5.444444444444445,3.0,3,12,500,0.036
dallas-cowboys,Dallas Cowboys,Rueben Bain,EDGE,18,18,18,1.0,1.0,1,1,10.944444444444445,12.0,6,12,500,0.036
dallas-cowboys,Dallas Cowboys,Colton Hood,CB,17,16,16,1.0,1.0,1,1,20.058823529411764,20.0,12,29,500,0.034
dallas-cowboys,Dallas Cowboys,Avieon Terrell,CB,14,14,14,1.0,1.0,1,1,20.0,20.0,20,20,500,0.028
dallas-cowboys,Dallas Cowboys,Arvell Reese,LB,12,11,11,1.0,1.0,1,1,4.75,3.0,3,12,500,0.024
dallas-cowboys,Dallas Cowboys,Emmanuel McNeil-Warren,S,12,11,11,1.0,1.0,1,1,20.083333333333332,20.0,20,21,500,0.024
dallas-cowboys,Dallas Cowboys,Jacob Rodriguez,LB,10,10,10,1.0,1.0,1,1,20.4,20.0,20,24,500,0.02
dallas-cowboys,Dallas Cowboys,T.J. Parker,EDGE,10,10,10,1.0,1.0,1,1,18.4,20.0,12,20,500,0.02
dallas-cowboys,Dallas Cowboys,Jeremiyah Love,RB,9,9,9,1.0,1.0,1,1,7.111111111111111,4.0,3,12,500,0.018
dallas-cowboys,Dallas Cowboys,Chris Johnson,CB,8,8,8,1.0,1.0,1,1,22.125,20.0,20,29,500,0.016
dallas-cowboys,Dallas Cowboys,Kadyn Proctor,OT,7,5,5,1.0,1.0,1,1,18.857142857142858,20.0,12,20,500,0.014
dallas-cowboys,Dallas Cowboys,Monroe Freeling,OT,7,7,7,1.0,1.0,1,1,18.142857142857142,20.0,12,20,500,0.014
dallas-cowboys,Dallas Cowboys,Spencer Fano,OT,6,6,6,1.0,1.0,1,1,16.0,16.0,12,20,500,0.012
dallas-cowboys,Dallas Cowboys,Cashius Howell,EDGE,6,6,6,1.0,1.0,1,1,19.333333333333332,20.0,16,20,500,0.012
dallas-cowboys,Dallas Cowboys,Peter Woods,DL,4,4,4,1.0,1.0,1,1,19.0,20.0,16,20,500,0.008
dallas-cowboys,Dallas Cowboys,Malachi Lawrence,EDGE,4,4,4,1.0,1.0,1,1,24.75,24.5,20,30,500,0.008
dallas-cowboys,Dallas Cowboys,Omar Cooper Jr.,WR,3,3,3,1.0,1.0,1,1,17.333333333333332,20.0,12,20,500,0.006
dallas-cowboys,Dallas Cowboys,R Mason Thomas,EDGE,3,3,3,1.0,1.0,1,1,17.333333333333332,20.0,12,20,500,0.006
dallas-cowboys,Dallas Cowboys,Francis Mauigoa,OT,2,2,2,1.0,1.0,1,1,12.0,12.0,12,12,500,0.004
dallas-cowboys,Dallas Cowboys,Jordyn Tyson,WR,2,2,2,1.0,1.0,1,1,12.0,12.0,12,12,500,0.004
dallas-cowboys,Dallas Cowboys,Denzel Boston,WR,2,2,2,1.0,1.0,1,1,20.0,20.0,20,20,500,0.004
dallas-cowboys,Dallas Cowboys,Zion Young,EDGE,2,2,2,1.0,1.0,1,1,20.0,20.0,20,20,500,0.004
dallas-cowboys,Dallas Cowboys,Carnell Tate,WR,1,1,1,1.0,1.0,1,1,12.0,12.0,12,12,500,0.002
dallas-cowboys,Dallas Cowboys,Kenyon Sadiq,TE,1,1,1,1.0,1.0,1,1,12.0,12.0,12,12,500,0.002
dallas-cowboys,Dallas Cowboys,Makai Lemon,WR,1,1,1,1.0,1.0,1,1,12.0,12.0,12,12,500,0.002
dallas-cowboys,Dallas Cowboys,Olaivavega Ioane,IOL,1,1,1,1.0,1.0,1,1,12.0,12.0,12,12,500,0.002
dallas-cowboys,Dallas Cowboys,Anthony Hill Jr.,LB,1,1,1,1.0,1.0,1,1,20.0,20.0,20,20,500,0.002
dallas-cowboys,Dallas Cowboys,Brandon Cisse,CB,1,1,1,1.0,1.0,1,1,20.0,20.0,20,20,500,0.002
dallas-cowboys,Dallas Cowboys,Caleb Banks,DL,1,1,1,1.0,1.0,1,1,20.0,20.0,20,20,500,0.002
dallas-cowboys,Dallas Cowboys,Caleb Lomu,OT,1,1,1,1.0,1.0,1,1,20.0,20.0,20,20,500,0.002
dallas-cowboys,Dallas Cowboys,Jake Golday,LB,1,1,1,1.0,1.0,1,1,20.0,20.0,20,20,500,0.002
dallas-cowboys,Dallas Cowboys,Treydan Stukes,CB,1,1,1,1.0,1.0,1,1,20.0,20.0,20,20,500,0.002
dallas-cowboys,Dallas Cowboys,L.T. Overton,EDGE,1,1,1,3.0,3.0,3,3,92.0,92.0,92,92,500,0.002
dallas-cowboys,Dallas Cowboys,Malik Muhammad,CB,1,1,1,3.0,3.0,3,3,92.0,92.0,92,92,500,0.002
dallas-cowboys,Dallas Cowboys,Tacario Davis,CB,1,1,1,4.0,4.0,4,4,112.0,112.0,112,112,500,0.002
dallas-cowboys,Dallas Cowboys,Zxavian Harris,DL,1,1,1,4.0,4.0,4,4,112.0,112.0,112,112,500,0.002
dallas-cowboys,Dallas Cowboys,Caden Curry,EDGE,1,1,1,5.0,5.0,5,5,152.0,152.0,152,152,500,0.002
dallas-cowboys,Dallas Cowboys,Max Llewellyn,EDGE,1,1,1,5.0,5.0,5,5,152.0,152.0,152,152,500,0.002
dallas-cowboys,Dallas Cowboys,Josh Cameron,WR,1,1,1,5.0,5.0,5,5,177.0,177.0,177,177,500,0.002
dallas-cowboys,Dallas Cowboys,VJ Payne,S,1,1,1,5.0,5.0,5,5,177.0,177.0,177,177,500,0.002
dallas-cowboys,Dallas Cowboys,Jalen Huskey,CB,1,1,1,5.0,5.0,5,5,180.0,180.0,180,180,500,0.002
dallas-cowboys,Dallas Cowboys,Nadame Tucker,EDGE,1,1,1,5.0,5.0,5,5,180.0,180.0,180,180,500,0.002
dallas-cowboys,Dallas Cowboys,Ahmari Harvey,CB,1,1,1,7.0,7.0,7,7,218.0,218.0,218,218,500,0.002
dallas-cowboys,Dallas Cowboys,J'Mari Taylor,RB,1,1,1,7.0,7.0,7,7,218.0,218.0,218,218,500,0.002
denver-broncos,Denver Broncos,Caleb Banks,DL,2,2,2,1.0,1.0,1,1,30.0,30.0,30,30,27,0.07407407407407407
denver-broncos,Denver Broncos,Christen Miller,DL,2,2,2,1.0,1.0,1,1,30.0,30.0,30,30,27,0.07407407407407407
denver-broncos,Denver Broncos,Denzel Boston,WR,2,2,2,1.0,1.0,1,1,30.0,30.0,30,30,27,0.07407407407407407
denver-broncos,Denver Broncos,Lee Hunter,DL,2,2,2,1.0,1.0,1,1,30.0,30.0,30,30,27,0.07407407407407407
denver-broncos,Denver Broncos,Kenyon Sadiq,TE,1,1,1,1.0,1.0,1,1,27.0,27.0,27,27,27,0.037037037037037035
denver-broncos,Denver Broncos,C.J. Allen,LB,1,1,1,1.0,1.0,1,1,30.0,30.0,30,30,27,0.037037037037037035
denver-broncos,Denver Broncos,Colton Hood,CB,1,1,1,1.0,1.0,1,1,30.0,30.0,30,30,27,0.037037037037037035
denver-broncos,Denver Broncos,Jacob Rodriguez,LB,1,1,1,1.0,1.0,1,1,30.0,30.0,30,30,27,0.037037037037037035
denver-broncos,Denver Broncos,Kayden McDonald,DL,1,1,1,1.0,1.0,1,1,30.0,30.0,30,30,27,0.037037037037037035
denver-broncos,Denver Broncos,Eli Stowers,TE,1,1,1,2.0,2.0,2,2,62.0,62.0,62,62,27,0.037037037037037035
denver-broncos,Denver Broncos,Zachariah Branch,WR,1,1,1,2.0,2.0,2,2,62.0,62.0,62,62,27,0.037037037037037035
denver-broncos,Denver Broncos,Brian Parker II,OT,1,1,1,4.0,4.0,4,4,108.0,108.0,108,108,27,0.037037037037037035
denver-broncos,Denver Broncos,Zane Durant,DL,1,1,1,4.0,4.0,4,4,108.0,108.0,108,108,27,0.037037037037037035
denver-broncos,Denver Broncos,Deontae Lawson,LB,1,1,1,4.0,4.0,4,4,111.0,111.0,111,111,27,0.037037037037037035
denver-broncos,Denver Broncos,Harold Perkins,LB,1,1,1,4.0,4.0,4,4,111.0,111.0,111,111,27,0.037037037037037035
denver-broncos,Denver Broncos,Dallen Bentley,TE,1,1,1,5.0,5.0,5,5,170.0,170.0,170,170,27,0.037037037037037035
denver-broncos,Denver Broncos,Jakobe Thomas,S,1,1,1,5.0,5.0,5,5,170.0,170.0,170,170,27,0.037037037037037035
denver-broncos,Denver Broncos,James Thompson Jr.,DL,1,1,1,7.0,7.0,7,7,246.0,246.0,246,246,27,0.037037037037037035
denver-broncos,Denver Broncos,Luke Altmyer,QB,1,1,1,7.0,7.0,7,7,246.0,246.0,246,246,27,0.037037037037037035
denver-broncos,Denver Broncos,Carver Willis,OT,1,1,1,7.0,7.0,7,7,256.0,256.0,256,256,27,0.037037037037037035
denver-broncos,Denver Broncos,Preston Hodge,CB,1,1,1,7.0,7.0,7,7,256.0,256.0,256,256,27,0.037037037037037035
denver-broncos,Denver Broncos,Jamarion Miller,RB,1,1,1,7.0,7.0,7,7,257.0,257.0,257,257,27,0.037037037037037035
denver-broncos,Denver Broncos,Travis Burke,OT,1,1,1,7.0,7.0,7,7,257.0,257.0,257,257,27,0.037037037037037035
detroit-lions,Detroit Lions,Kadyn Proctor,OT,84,77,77,1.0,1.0,1,1,16.88095238095238,17.0,13,17,274,0.30656934306569344
detroit-lions,Detroit Lions,Monroe Freeling,OT,70,66,66,1.0,1.0,1,1,16.757142857142856,17.0,6,17,274,0.25547445255474455
detroit-lions,Detroit Lions,Spencer Fano,OT,30,30,29,1.0,1.0,1,1,16.533333333333335,17.0,11,17,274,0.10948905109489052
detroit-lions,Detroit Lions,Blake Miller,OT,19,18,18,1.0,1.0,1,1,17.0,17.0,17,17,274,0.06934306569343066
detroit-lions,Detroit Lions,Caleb Lomu,OT,11,11,11,1.0,1.0,1,1,17.0,17.0,17,17,274,0.040145985401459854
detroit-lions,Detroit Lions,Akheem Mesidor,EDGE,9,9,8,1.0,1.0,1,1,17.0,17.0,17,17,274,0.032846715328467155
detroit-lions,Detroit Lions,Olaivavega Ioane,IOL,8,7,7,1.0,1.0,1,1,17.0,17.0,17,17,274,0.029197080291970802
detroit-lions,Detroit Lions,Francis Mauigoa,OT,6,6,6,1.0,1.0,1,1,14.0,15.5,6,17,274,0.021897810218978103
detroit-lions,Detroit Lions,Keldric Faulk,EDGE,4,3,3,1.0,1.0,1,1,17.0,17.0,17,17,274,0.014598540145985401
detroit-lions,Detroit Lions,Max Iheanachor,OT,3,3,3,1.0,1.0,1,1,17.0,17.0,17,17,274,0.010948905109489052
detroit-lions,Detroit Lions,Cashius Howell,EDGE,2,2,2,1.0,1.0,1,1,17.0,17.0,17,17,274,0.0072992700729927005
detroit-lions,Detroit Lions,Jermod McCoy,CB,2,2,2,1.0,1.0,1,1,17.0,17.0,17,17,274,0.0072992700729927005
detroit-lions,Detroit Lions,C.J. Allen,LB,2,2,2,1.0,1.0,1,1,20.0,20.0,17,23,274,0.0072992700729927005
detroit-lions,Detroit Lions,Trey Moore,EDGE,2,1,1,6.0,6.0,6,6,205.0,205.0,205,205,274,0.0072992700729927005
detroit-lions,Detroit Lions,Avieon Terrell,CB,1,1,1,1.0,1.0,1,1,17.0,17.0,17,17,274,0.0036496350364963502
detroit-lions,Detroit Lions,Caleb Downs,S,1,1,1,1.0,1.0,1,1,17.0,17.0,17,17,274,0.0036496350364963502
detroit-lions,Detroit Lions,Dillon Thieneman,S,1,1,1,1.0,1.0,1,1,17.0,17.0,17,17,274,0.0036496350364963502
detroit-lions,Detroit Lions,Jacob Rodriguez,LB,1,1,1,1.0,1.0,1,1,17.0,17.0,17,17,274,0.0036496350364963502
detroit-lions,Detroit Lions,Jordyn Tyson,WR,1,1,1,1.0,1.0,1,1,17.0,17.0,17,17,274,0.0036496350364963502
detroit-lions,Detroit Lions,Kayden McDonald,DL,1,1,1,1.0,1.0,1,1,17.0,17.0,17,17,274,0.0036496350364963502
detroit-lions,Detroit Lions,Kenyon Sadiq,TE,1,1,1,1.0,1.0,1,1,17.0,17.0,17,17,274,0.0036496350364963502
detroit-lions,Detroit Lions,T.J. Parker,EDGE,1,1,1,1.0,1.0,1,1,17.0,17.0,17,17,274,0.0036496350364963502
detroit-lions,Detroit Lions,D'angelo Ponds,CB,1,1,1,2.0,2.0,2,2,50.0,50.0,50,50,274,0.0036496350364963502
detroit-lions,Detroit Lions,Jake Golday,LB,1,1,1,2.0,2.0,2,2,50.0,50.0,50,50,274,0.0036496350364963502
detroit-lions,Detroit Lions,Markel Bell,OT,1,1,1,4.0,4.0,4,4,118.0,118.0,118,118,274,0.0036496350364963502
detroit-lions,Detroit Lions,Zxavian Harris,DL,1,1,1,4.0,4.0,4,4,118.0,118.0,118,118,274,0.0036496350364963502
detroit-lions,Detroit Lions,Austin Barber,OT,1,1,1,4.0,4.0,4,4,128.0,128.0,128,128,274,0.0036496350364963502
detroit-lions,Detroit Lions,Keyshaun Elliott,LB,1,1,1,4.0,4.0,4,4,128.0,128.0,128,128,274,0.0036496350364963502
detroit-lions,Detroit Lions,Jager Burton,IOL,1,1,1,5.0,5.0,5,5,157.0,157.0,157,157,274,0.0036496350364963502
detroit-lions,Detroit Lions,Kaytron Allen,RB,1,1,1,5.0,5.0,5,5,157.0,157.0,157,157,274,0.0036496350364963502
detroit-lions,Detroit Lions,Jimmy Rolder,LB,1,1,1,5.0,5.0,5,5,181.0,181.0,181,181,274,0.0036496350364963502
detroit-lions,Detroit Lions,Michael Taaffe,S,1,1,1,5.0,5.0,5,5,181.0,181.0,181,181,274,0.0036496350364963502
detroit-lions,Detroit Lions,Fa'alili Fa'amoe,OT,1,1,1,6.0,6.0,6,6,213.0,213.0,213,213,274,0.0036496350364963502
detroit-lions,Detroit Lions,J'Mari Taylor,RB,1,1,1,6.0,6.0,6,6,213.0,213.0,213,213,274,0.0036496350364963502
detroit-lions,Detroit Lions,Bishop Fitzgerald,S,1,1,1,7.0,7.0,7,7,222.0,222.0,222,222,274,0.0036496350364963502
detroit-lions,Detroit Lions,Fernando Carmona,IOL,1,1,1,7.0,7.0,7,7,222.0,222.0,222,222,274,0.0036496350364963502
green-bay-packers,Green Bay Packers,Sam Hecht,IOL,2,1,1,3.0,3.0,3,3,84.0,84.0,84,84,14,0.14285714285714285
green-bay-packers,Green Bay Packers,Caleb Douglas,WR,2,1,1,7.0,7.0,7,7,236.0,236.0,236,236,14,0.14285714285714285
green-bay-packers,Green Bay Packers,Gabe Jacas,EDGE,1,1,1,2.0,2.0,2,2,52.0,52.0,52,52,14,0.07142857142857142
green-bay-packers,Green Bay Packers,Keith Abney II,CB,1,1,1,2.0,2.0,2,2,52.0,52.0,52,52,14,0.07142857142857142
green-bay-packers,Green Bay Packers,DeMonte Capehart,DL,1,1,1,4.0,4.0,4,4,120.0,120.0,120,120,14,0.07142857142857142
green-bay-packers,Green Bay Packers,Will Lee III,CB,1,1,1,4.0,4.0,4,4,120.0,120.0,120,120,14,0.07142857142857142
green-bay-packers,Green Bay Packers,J.C. Davis,OT,1,1,1,5.0,5.0,5,5,160.0,160.0,160,160,14,0.07142857142857142
green-bay-packers,Green Bay Packers,Kaytron Allen,RB,1,1,1,5.0,5.0,5,5,160.0,160.0,160,160,14,0.07142857142857142
green-bay-packers,Green Bay Packers,Enrique Cruz Jr.,OT,1,1,1,6.0,6.0,6,6,201.0,201.0,201,201,14,0.07142857142857142
green-bay-packers,Green Bay Packers,Nate Boerkircher,TE,1,1,1,6.0,6.0,6,6,201.0,201.0,201,201,14,0.07142857142857142
green-bay-packers,Green Bay Packers,Haynes King,QB,1,1,1,7.0,7.0,7,7,255.0,255.0,255,255,14,0.07142857142857142
green-bay-packers,Green Bay Packers,Tyren Montgomery,WR,1,1,1,7.0,7.0,7,7,255.0,255.0,255,255,14,0.07142857142857142
houston-texans,Houston Texans,Kayden McDonald,DL,47,44,44,1.0212765957446808,1.0,1,2,28.085106382978722,28.0,22,38,251,0.18725099601593626
houston-texans,Houston Texans,Peter Woods,DL,37,36,35,1.0,1.0,1,1,28.0,28.0,28,28,251,0.14741035856573706
houston-texans,Houston Texans,Blake Miller,OT,32,28,28,1.0,1.0,1,1,27.8125,28.0,19,31,251,0.12749003984063745
houston-texans,Houston Texans,Caleb Lomu,OT,21,19,19,1.0,1.0,1,1,28.0,28.0,28,28,251,0.08366533864541832
houston-texans,Houston Texans,Chase Bisontis,IOL,20,20,20,1.0,1.0,1,1,28.0,28.0,28,28,251,0.0796812749003984
houston-texans,Houston Texans,Max Iheanachor,OT,19,19,19,1.0,1.0,1,1,28.0,28.0,28,28,251,0.07569721115537849
houston-texans,Houston Texans,Kadyn Proctor,OT,11,11,11,1.0,1.0,1,1,27.727272727272727,28.0,25,28,251,0.043824701195219126
houston-texans,Houston Texans,Caleb Banks,DL,10,10,10,1.1,1.0,1,2,28.6,28.0,24,38,251,0.0398406374501992
houston-texans,Houston Texans,Emmanuel Pregnon,IOL,10,10,10,1.0,1.0,1,1,28.0,28.0,28,28,251,0.0398406374501992
houston-texans,Houston Texans,Christen Miller,DL,7,7,7,1.0,1.0,1,1,28.0,28.0,28,28,251,0.027888446215139442
houston-texans,Houston Texans,Jacob Rodriguez,LB,4,4,4,1.0,1.0,1,1,28.0,28.0,28,28,251,0.01593625498007968
houston-texans,Houston Texans,Akheem Mesidor,EDGE,3,3,3,1.0,1.0,1,1,28.0,28.0,28,28,251,0.01195219123505976
houston-texans,Houston Texans,Keylan Rutledge,IOL,3,2,2,2.3333333333333335,3.0,1,3,55.333333333333336,69.0,28,69,251,0.01195219123505976
houston-texans,Houston Texans,Avieon Terrell,CB,2,2,2,1.0,1.0,1,1,25.5,25.5,23,28,251,0.00796812749003984
houston-texans,Houston Texans,C.J. Allen,LB,2,2,2,1.0,1.0,1,1,28.0,28.0,28,28,251,0.00796812749003984
houston-texans,Houston Texans,Cashius Howell,EDGE,2,2,2,1.0,1.0,1,1,28.0,28.0,28,28,251,0.00796812749003984
houston-texans,Houston Texans,Jadarian Price,RB,2,1,1,1.0,1.0,1,1,28.0,28.0,28,28,251,0.00796812749003984
houston-texans,Houston Texans,Jonah Coleman,RB,2,1,1,4.0,4.0,4,4,106.0,106.0,106,106,251,0.00796812749003984
houston-texans,Houston Texans,Francis Mauigoa,OT,1,1,1,1.0,1.0,1,1,5.0,5.0,5,5,251,0.00398406374501992
houston-texans,Houston Texans,Sonny Styles,LB,1,1,1,1.0,1.0,1,1,5.0,5.0,5,5,251,0.00398406374501992
houston-texans,Houston Texans,Spencer Fano,OT,1,1,1,1.0,1.0,1,1,16.0,16.0,16,16,251,0.00398406374501992
houston-texans,Houston Texans,Anthony Hill Jr.,LB,1,1,1,1.0,1.0,1,1,28.0,28.0,28,28,251,0.00398406374501992
houston-texans,Houston Texans,Chris Johnson,CB,1,1,1,1.0,1.0,1,1,28.0,28.0,28,28,251,0.00398406374501992
houston-texans,Houston Texans,Eli Stowers,TE,1,1,1,1.0,1.0,1,1,28.0,28.0,28,28,251,0.00398406374501992
houston-texans,Houston Texans,Kevin Concepcion,WR,1,1,1,1.0,1.0,1,1,28.0,28.0,28,28,251,0.00398406374501992
houston-texans,Houston Texans,Olaivavega Ioane,IOL,1,1,1,1.0,1.0,1,1,28.0,28.0,28,28,251,0.00398406374501992
houston-texans,Houston Texans,Omar Cooper Jr.,WR,1,1,1,1.0,1.0,1,1,28.0,28.0,28,28,251,0.00398406374501992
houston-texans,Houston Texans,T.J. Parker,EDGE,1,1,1,1.0,1.0,1,1,28.0,28.0,28,28,251,0.00398406374501992
houston-texans,Houston Texans,Ty Simpson,QB,1,1,1,1.0,1.0,1,1,28.0,28.0,28,28,251,0.00398406374501992
houston-texans,Houston Texans,Jake Golday,LB,1,1,1,2.0,2.0,2,2,59.0,59.0,59,59,251,0.00398406374501992
houston-texans,Houston Texans,Josiah Trotter,LB,1,1,1,2.0,2.0,2,2,59.0,59.0,59,59,251,0.00398406374501992
houston-texans,Houston Texans,Jimmy Rolder,LB,1,1,1,5.0,5.0,5,5,167.0,167.0,167,167,251,0.00398406374501992
houston-texans,Houston Texans,Keagen Trost,IOL,1,1,1,5.0,5.0,5,5,167.0,167.0,167,167,251,0.00398406374501992
houston-texans,Houston Texans,Aaron Anderson,WR,1,1,1,7.0,7.0,7,7,243.0,243.0,243,243,251,0.00398406374501992
houston-texans,Houston Texans,Anez Cooper,IOL,1,1,1,7.0,7.0,7,7,243.0,243.0,243,243,251,0.00398406374501992
indianapolis-colts,Indianapolis Colts,Chris Brazzell,WR,1,1,1,2.0,2.0,2,2,47.0,47.0,47,47,14,0.07142857142857142
indianapolis-colts,Indianapolis Colts,R Mason Thomas,EDGE,1,1,1,2.0,2.0,2,2,47.0,47.0,47,47,14,0.07142857142857142
indianapolis-colts,Indianapolis Colts,Joshua Josephs,EDGE,1,1,1,3.0,3.0,3,3,78.0,78.0,78,78,14,0.07142857142857142
indianapolis-colts,Indianapolis Colts,Kyle Louis,LB,1,1,1,3.0,3.0,3,3,78.0,78.0,78,78,14,0.07142857142857142
indianapolis-colts,Indianapolis Colts,Dontay Corleone,DL,1,1,1,4.0,4.0,4,4,113.0,113.0,113,113,14,0.07142857142857142
indianapolis-colts,Indianapolis Colts,Tacario Davis,CB,1,1,1,4.0,4.0,4,4,113.0,113.0,113,113,14,0.07142857142857142
indianapolis-colts,Indianapolis Colts,De'Zhaun Stribling,WR,1,1,1,5.0,5.0,5,5,156.0,156.0,156,156,14,0.07142857142857142
indianapolis-colts,Indianapolis Colts,Justin Jefferson,LB,1,1,1,5.0,5.0,5,5,156.0,156.0,156,156,14,0.07142857142857142
indianapolis-colts,Indianapolis Colts,Eli Heidenreich,WR,1,1,1,6.0,6.0,6,6,214.0,214.0,214,214,14,0.07142857142857142
indianapolis-colts,Indianapolis Colts,Riley Nowakowski,TE,1,1,1,6.0,6.0,6,6,214.0,214.0,214,214,14,0.07142857142857142
indianapolis-colts,Indianapolis Colts,Diego Pavia,QB,1,1,1,7.0,7.0,7,7,249.0,249.0,249,249,14,0.07142857142857142
indianapolis-colts,Indianapolis Colts,Robert Henry Jr.,RB,1,1,1,7.0,7.0,7,7,249.0,249.0,249,249,14,0.07142857142857142
indianapolis-colts,Indianapolis Colts,Chase Roberts,WR,1,1,1,7.0,7.0,7,7,254.0,254.0,254,254,14,0.07142857142857142
indianapolis-colts,Indianapolis Colts,Wesley Williams,DL,1,1,1,7.0,7.0,7,7,254.0,254.0,254,254,14,0.07142857142857142
jacksonville-jaguars,Jacksonville Jaguars,Peter Woods,DL,1,1,1,1.0,1.0,1,1,30.0,30.0,30,30,23,0.043478260869565216
jacksonville-jaguars,Jacksonville Jaguars,Anthony Hill Jr.,LB,1,1,1,2.0,2.0,2,2,56.0,56.0,56,56,23,0.043478260869565216
jacksonville-jaguars,Jacksonville Jaguars,Chris Brazzell,WR,1,1,1,2.0,2.0,2,2,56.0,56.0,56,56,23,0.043478260869565216
jacksonville-jaguars,Jacksonville Jaguars,Julian Neal,CB,1,1,1,3.0,3.0,3,3,81.0,81.0,81,81,23,0.043478260869565216
jacksonville-jaguars,Jacksonville Jaguars,Mike Washington Jr.,RB,1,1,1,3.0,3.0,3,3,81.0,81.0,81,81,23,0.043478260869565216
jacksonville-jaguars,Jacksonville Jaguars,Keyron Crawford,EDGE,1,1,1,3.0,3.0,3,3,88.0,88.0,88,88,23,0.043478260869565216
jacksonville-jaguars,Jacksonville Jaguars,Zakee Wheatley,S,1,1,1,3.0,3.0,3,3,88.0,88.0,88,88,23,0.043478260869565216
jacksonville-jaguars,Jacksonville Jaguars,Daylen Everette,CB,1,1,1,3.0,3.0,3,3,100.0,100.0,100,100,23,0.043478260869565216
jacksonville-jaguars,Jacksonville Jaguars,Dontay Corleone,DL,1,1,1,3.0,3.0,3,3,100.0,100.0,100,100,23,0.043478260869565216
jacksonville-jaguars,Jacksonville Jaguars,Anthony Lucas,EDGE,1,1,1,4.0,4.0,4,4,124.0,124.0,124,124,23,0.043478260869565216
jacksonville-jaguars,Jacksonville Jaguars,Chris McClellan,DL,1,1,1,4.0,4.0,4,4,124.0,124.0,124,124,23,0.043478260869565216
jacksonville-jaguars,Jacksonville Jaguars,Charles Demmings,CB,1,1,1,5.0,5.0,5,5,164.0,164.0,164,164,23,0.043478260869565216
jacksonville-jaguars,Jacksonville Jaguars,Seth McGowan,RB,1,1,1,5.0,5.0,5,5,164.0,164.0,164,164,23,0.043478260869565216
jacksonville-jaguars,Jacksonville Jaguars,Cyrus Allen,WR,1,1,1,5.0,5.0,5,5,166.0,166.0,166,166,23,0.043478260869565216
jacksonville-jaguars,Jacksonville Jaguars,Kaelon Black,RB,1,1,1,5.0,5.0,5,5,166.0,166.0,166,166,23,0.043478260869565216
jacksonville-jaguars,Jacksonville Jaguars,Eric Gentry,LB,1,1,1,6.0,6.0,6,6,203.0,203.0,203,203,23,0.043478260869565216
jacksonville-jaguars,Jacksonville Jaguars,Thaddeus Dixon,CB,1,1,1,6.0,6.0,6,6,203.0,203.0,203,203,23,0.043478260869565216
jacksonville-jaguars,Jacksonville Jaguars,Red Murdock,LB,1,1,1,7.0,7.0,7,7,233.0,233.0,233,233,23,0.043478260869565216
jacksonville-jaguars,Jacksonville Jaguars,Roman Hemby,RB,1,1,1,7.0,7.0,7,7,233.0,233.0,233,233,23,0.043478260869565216
jacksonville-jaguars,Jacksonville Jaguars,Kendal Daniels,S,1,1,1,7.0,7.0,7,7,240.0,240.0,240,240,23,0.043478260869565216
jacksonville-jaguars,Jacksonville Jaguars,Wesley Williams,DL,1,1,1,7.0,7.0,7,7,240.0,240.0,240,240,23,0.043478260869565216
jacksonville-jaguars,Jacksonville Jaguars,Bryson Eason,DL,1,1,1,7.0,7.0,7,7,245.0,245.0,245,245,23,0.043478260869565216
jacksonville-jaguars,Jacksonville Jaguars,Robert Spears-Jennings,S,1,1,1,7.0,7.0,7,7,245.0,245.0,245,245,23,0.043478260869565216
kansas-city-chiefs,Kansas City Chiefs,Rueben Bain,EDGE,71,66,64,1.0,1.0,1,1,8.830985915492958,9.0,4,12,538,0.13197026022304834
kansas-city-chiefs,Kansas City Chiefs,Mansoor Delane,CB,69,66,66,1.0,1.0,1,1,9.0,9.0,6,12,538,0.12825278810408922
kansas-city-chiefs,Kansas City Chiefs,Colton Hood,CB,42,42,41,1.0,1.0,1,1,29.0,29.0,29,29,538,0.07806691449814127
kansas-city-chiefs,Kansas City Chiefs,Avieon Terrell,CB,27,26,25,1.0,1.0,1,1,28.814814814814813,29.0,24,29,538,0.05018587360594796
kansas-city-chiefs,Kansas City Chiefs,Jermod McCoy,CB,24,24,24,1.0,1.0,1,1,19.625,24.0,9,29,538,0.04460966542750929
kansas-city-chiefs,Kansas City Chiefs,Francis Mauigoa,OT,21,21,20,1.0,1.0,1,1,9.19047619047619,9.0,6,16,538,0.03903345724907063
kansas-city-chiefs,Kansas City Chiefs,Spencer Fano,OT,19,19,19,1.0,1.0,1,1,9.578947368421053,9.0,9,20,538,0.03531598513011153
kansas-city-chiefs,Kansas City Chiefs,Denzel Boston,WR,18,18,18,1.0,1.0,1,1,29.0,29.0,29,29,538,0.03345724907063197
kansas-city-chiefs,Kansas City Chiefs,Jordyn Tyson,WR,17,17,17,1.0,1.0,1,1,11.882352941176471,9.0,9,29,538,0.031598513011152414
kansas-city-chiefs,Kansas City Chiefs,Kenyon Sadiq,TE,15,14,14,1.0,1.0,1,1,18.533333333333335,15.0,9,29,538,0.027881040892193308
kansas-city-chiefs,Kansas City Chiefs,T.J. Parker,EDGE,15,14,14,1.0,1.0,1,1,29.0,29.0,29,29,538,0.027881040892193308
kansas-city-chiefs,Kansas City Chiefs,Caleb Downs,S,13,13,13,1.0,1.0,1,1,9.0,9.0,9,9,538,0.024163568773234202
kansas-city-chiefs,Kansas City Chiefs,Kevin Concepcion,WR,13,13,13,1.0,1.0,1,1,29.0,29.0,29,29,538,0.024163568773234202
kansas-city-chiefs,Kansas City Chiefs,David Bailey,EDGE,12,11,11,1.0,1.0,1,1,6.833333333333333,9.0,3,9,538,0.022304832713754646
kansas-city-chiefs,Kansas City Chiefs,Carnell Tate,WR,11,11,11,1.0,1.0,1,1,7.545454545454546,9.0,4,9,538,0.020446096654275093
kansas-city-chiefs,Kansas City Chiefs,Blake Miller,OT,11,10,10,1.0,1.0,1,1,26.454545454545453,29.0,9,29,538,0.020446096654275093
kansas-city-chiefs,Kansas City Chiefs,Chris Johnson,CB,11,11,11,1.0,1.0,1,1,29.272727272727273,29.0,29,32,538,0.020446096654275093
kansas-city-chiefs,Kansas City Chiefs,Keldric Faulk,EDGE,10,10,10,1.0,1.0,1,1,23.9,29.0,9,29,538,0.01858736059479554
kansas-city-chiefs,Kansas City Chiefs,Max Iheanachor,OT,9,9,9,1.0,1.0,1,1,29.11111111111111,29.0,29,30,538,0.016728624535315983
kansas-city-chiefs,Kansas City Chiefs,Omar Cooper Jr.,WR,9,8,8,1.0,1.0,1,1,28.0,29.0,20,29,538,0.016728624535315983
kansas-city-chiefs,Kansas City Chiefs,Makai Lemon,WR,8,8,8,1.0,1.0,1,1,11.5,9.0,9,29,538,0.01486988847583643
kansas-city-chiefs,Kansas City Chiefs,Cashius Howell,EDGE,8,8,8,1.0,1.0,1,1,29.0,29.0,29,29,538,0.01486988847583643
kansas-city-chiefs,Kansas City Chiefs,Arvell Reese,LB,7,6,6,1.0,1.0,1,1,4.428571428571429,3.0,3,9,538,0.013011152416356878
kansas-city-chiefs,Kansas City Chiefs,Monroe Freeling,OT,5,5,5,1.0,1.0,1,1,9.0,9.0,9,9,538,0.00929368029739777
kansas-city-chiefs,Kansas City Chiefs,Sonny Styles,LB,5,5,5,1.0,1.0,1,1,8.4,9.0,6,9,538,0.00929368029739777
kansas-city-chiefs,Kansas City Chiefs,Caleb Lomu,OT,5,4,4,1.0,1.0,1,1,29.0,29.0,29,29,538,0.00929368029739777
kansas-city-chiefs,Kansas City Chiefs,Malachi Lawrence,EDGE,5,4,4,1.4,1.0,1,2,33.4,29.0,29,40,538,0.00929368029739777
kansas-city-chiefs,Kansas City Chiefs,Zion Young,EDGE,5,5,5,1.0,1.0,1,1,29.0,29.0,29,29,538,0.00929368029739777
kansas-city-chiefs,Kansas City Chiefs,Brandon Cisse,CB,4,4,4,1.0,1.0,1,1,29.0,29.0,29,29,538,0.007434944237918215
kansas-city-chiefs,Kansas City Chiefs,R Mason Thomas,EDGE,4,4,4,1.0,1.0,1,1,29.0,29.0,29,29,538,0.007434944237918215
kansas-city-chiefs,Kansas City Chiefs,Kadyn Proctor,OT,3,3,3,1.0,1.0,1,1,23.666666666666668,22.0,20,29,538,0.0055762081784386614
kansas-city-chiefs,Kansas City Chiefs,Akheem Mesidor,EDGE,3,3,3,1.0,1.0,1,1,29.0,29.0,29,29,538,0.0055762081784386614
kansas-city-chiefs,Kansas City Chiefs,C.J. Allen,LB,3,1,1,1.0,1.0,1,1,29.0,29.0,29,29,538,0.0055762081784386614
kansas-city-chiefs,Kansas City Chiefs,Caleb Banks,DL,3,3,3,1.0,1.0,1,1,29.0,29.0,29,29,538,0.0055762081784386614
kansas-city-chiefs,Kansas City Chiefs,Emmanuel McNeil-Warren,S,3,3,3,1.0,1.0,1,1,29.0,29.0,29,29,538,0.0055762081784386614
kansas-city-chiefs,Kansas City Chiefs,Dillon Thieneman,S,2,2,2,1.0,1.0,1,1,19.0,19.0,9,29,538,0.0037174721189591076
kansas-city-chiefs,Kansas City Chiefs,Chris Brazzell,WR,2,2,2,1.0,1.0,1,1,29.0,29.0,29,29,538,0.0037174721189591076
kansas-city-chiefs,Kansas City Chiefs,Kayden McDonald,DL,2,2,2,1.0,1.0,1,1,29.0,29.0,29,29,538,0.0037174721189591076
kansas-city-chiefs,Kansas City Chiefs,Peter Woods,DL,2,2,2,1.0,1.0,1,1,29.0,29.0,29,29,538,0.0037174721189591076
kansas-city-chiefs,Kansas City Chiefs,Eli Raridon,TE,2,2,2,3.0,3.0,1,5,99.0,99.0,29,169,538,0.0037174721189591076
kansas-city-chiefs,Kansas City Chiefs,Ted Hurst,WR,1,1,1,1.0,1.0,1,1,9.0,9.0,9,9,538,0.0018587360594795538
kansas-city-chiefs,Kansas City Chiefs,Antonio Williams,WR,1,1,1,1.0,1.0,1,1,29.0,29.0,29,29,538,0.0018587360594795538
kansas-city-chiefs,Kansas City Chiefs,D'angelo Ponds,CB,1,1,1,1.0,1.0,1,1,29.0,29.0,29,29,538,0.0018587360594795538
kansas-city-chiefs,Kansas City Chiefs,Emmanuel Pregnon,IOL,1,1,1,1.0,1.0,1,1,29.0,29.0,29,29,538,0.0018587360594795538
kansas-city-chiefs,Kansas City Chiefs,Gabe Jacas,EDGE,1,1,1,1.0,1.0,1,1,29.0,29.0,29,29,538,0.0018587360594795538
kansas-city-chiefs,Kansas City Chiefs,Jacob Rodriguez,LB,1,1,1,1.0,1.0,1,1,29.0,29.0,29,29,538,0.0018587360594795538
kansas-city-chiefs,Kansas City Chiefs,Nic Scourton,EDGE,1,1,1,1.0,1.0,1,1,29.0,29.0,29,29,538,0.0018587360594795538
kansas-city-chiefs,Kansas City Chiefs,Romello Height,EDGE,1,1,1,1.0,1.0,1,1,29.0,29.0,29,29,538,0.0018587360594795538
kansas-city-chiefs,Kansas City Chiefs,Ty Simpson,QB,1,1,1,1.0,1.0,1,1,29.0,29.0,29,29,538,0.0018587360594795538
kansas-city-chiefs,Kansas City Chiefs,Eli Stowers,TE,1,1,1,3.0,3.0,3,3,74.0,74.0,74,74,538,0.0018587360594795538
kansas-city-chiefs,Kansas City Chiefs,Max Klare,TE,1,1,1,3.0,3.0,3,3,74.0,74.0,74,74,538,0.0018587360594795538
kansas-city-chiefs,Kansas City Chiefs,Jude Bowry,OT,1,1,1,4.0,4.0,4,4,109.0,109.0,109,109,538,0.0018587360594795538
kansas-city-chiefs,Kansas City Chiefs,Michael Trigg,TE,1,1,1,4.0,4.0,4,4,109.0,109.0,109,109,538,0.0018587360594795538
kansas-city-chiefs,Kansas City Chiefs,Anthony Lucas,EDGE,1,1,1,5.0,5.0,5,5,148.0,148.0,148,148,538,0.0018587360594795538
kansas-city-chiefs,Kansas City Chiefs,Diego Pounds,OT,1,1,1,5.0,5.0,5,5,148.0,148.0,148,148,538,0.0018587360594795538
kansas-city-chiefs,Kansas City Chiefs,C.J. Daniels,WR,1,1,1,5.0,5.0,5,5,169.0,169.0,169,169,538,0.0018587360594795538
kansas-city-chiefs,Kansas City Chiefs,Michael Taaffe,S,1,1,1,5.0,5.0,5,5,176.0,176.0,176,176,538,0.0018587360594795538
kansas-city-chiefs,Kansas City Chiefs,Will Kacmarek,TE,1,1,1,5.0,5.0,5,5,176.0,176.0,176,176,538,0.0018587360594795538
kansas-city-chiefs,Kansas City Chiefs,George Gumbs Jr.,EDGE,1,1,1,6.0,6.0,6,6,210.0,210.0,210,210,538,0.0018587360594795538
kansas-city-chiefs,Kansas City Chiefs,Marlin Klein,TE,1,1,1,6.0,6.0,6,6,210.0,210.0,210,210,538,0.0018587360594795538
las-vegas-raiders,Las Vegas Raiders,Fernando Mendoza,QB,274,246,240,1.0,1.0,1,1,1.0,1.0,1,1,307,0.8925081433224755
las-vegas-raiders,Las Vegas Raiders,Max Iheanachor,OT,6,6,6,1.1666666666666667,1.0,1,2,32.0,32.0,28,36,307,0.019543973941368076
las-vegas-raiders,Las Vegas Raiders,Omar Cooper Jr.,WR,5,5,5,1.0,1.0,1,1,26.8,26.0,24,30,307,0.016286644951140065
las-vegas-raiders,Las Vegas Raiders,Caleb Downs,S,1,1,1,1.0,1.0,1,1,1.0,1.0,1,1,307,0.003257328990228013
las-vegas-raiders,Las Vegas Raiders,Arvell Reese,LB,1,1,1,1.0,1.0,1,1,2.0,2.0,2,2,307,0.003257328990228013
las-vegas-raiders,Las Vegas Raiders,Denzel Boston,WR,1,1,1,1.0,1.0,1,1,26.0,26.0,26,26,307,0.003257328990228013
las-vegas-raiders,Las Vegas Raiders,Avieon Terrell,CB,1,1,1,1.0,1.0,1,1,27.0,27.0,27,27,307,0.003257328990228013
las-vegas-raiders,Las Vegas Raiders,Caleb Lomu,OT,1,1,1,1.0,1.0,1,1,32.0,32.0,32,32,307,0.003257328990228013
las-vegas-raiders,Las Vegas Raiders,Caleb Banks,DL,1,1,1,2.0,2.0,2,2,36.0,36.0,36,36,307,0.003257328990228013
las-vegas-raiders,Las Vegas Raiders,Domonique Orange,DL,1,1,1,3.0,3.0,3,3,67.0,67.0,67,67,307,0.003257328990228013
las-vegas-raiders,Las Vegas Raiders,Zachariah Branch,WR,1,1,1,3.0,3.0,3,3,67.0,67.0,67,67,307,0.003257328990228013
las-vegas-raiders,Las Vegas Raiders,Jake Slaughter,IOL,1,1,1,4.0,4.0,4,4,102.0,102.0,102,102,307,0.003257328990228013
las-vegas-raiders,Las Vegas Raiders,Kaleb Proctor,DL,1,1,1,4.0,4.0,4,4,102.0,102.0,102,102,307,0.003257328990228013
las-vegas-raiders,Las Vegas Raiders,Brenen Thompson,WR,1,1,1,4.0,4.0,4,4,117.0,117.0,117,117,307,0.003257328990228013
las-vegas-raiders,Las Vegas Raiders,Jude Bowry,OT,1,1,1,4.0,4.0,4,4,117.0,117.0,117,117,307,0.003257328990228013
las-vegas-raiders,Las Vegas Raiders,Kage Casey,OT,1,1,1,4.0,4.0,4,4,134.0,134.0,134,134,307,0.003257328990228013
las-vegas-raiders,Las Vegas Raiders,Mikail Kamara,EDGE,1,1,1,4.0,4.0,4,4,134.0,134.0,134,134,307,0.003257328990228013
las-vegas-raiders,Las Vegas Raiders,Jakobe Thomas,S,1,1,1,5.0,5.0,5,5,175.0,175.0,175,175,307,0.003257328990228013
las-vegas-raiders,Las Vegas Raiders,Louis Moore,S,1,1,1,5.0,5.0,5,5,175.0,175.0,175,175,307,0.003257328990228013
las-vegas-raiders,Las Vegas Raiders,Max Llewellyn,EDGE,1,1,1,6.0,6.0,6,6,185.0,185.0,185,185,307,0.003257328990228013
las-vegas-raiders,Las Vegas Raiders,Tyren Montgomery,WR,1,1,1,6.0,6.0,6,6,185.0,185.0,185,185,307,0.003257328990228013
las-vegas-raiders,Las Vegas Raiders,Ar'maj Reed-Adams,IOL,1,1,1,6.0,6.0,6,6,208.0,208.0,208,208,307,0.003257328990228013
las-vegas-raiders,Las Vegas Raiders,Jaeden Roberts,IOL,1,1,1,6.0,6.0,6,6,208.0,208.0,208,208,307,0.003257328990228013
las-vegas-raiders,Las Vegas Raiders,Eli Heidenreich,WR,1,1,1,7.0,7.0,7,7,219.0,219.0,219,219,307,0.003257328990228013
las-vegas-raiders,Las Vegas Raiders,Lander Barton,LB,1,1,1,7.0,7.0,7,7,219.0,219.0,219,219,307,0.003257328990228013
los-angeles-chargers,Los Angeles Chargers,Peter Woods,DL,26,24,24,1.0,1.0,1,1,22.115384615384617,22.0,22,25,262,0.09923664122137404
los-angeles-chargers,Los Angeles Chargers,Akheem Mesidor,EDGE,24,24,24,1.0,1.0,1,1,22.0,22.0,22,22,262,0.0916030534351145
los-angeles-chargers,Los Angeles Chargers,Olaivavega Ioane,IOL,24,23,23,1.0,1.0,1,1,22.0,22.0,22,22,262,0.0916030534351145
los-angeles-chargers,Los Angeles Chargers,T.J. Parker,EDGE,21,20,17,1.0,1.0,1,1,22.666666666666668,22.0,22,30,262,0.08015267175572519
los-angeles-chargers,Los Angeles Chargers,Kayden McDonald,DL,18,16,16,1.0,1.0,1,1,22.38888888888889,22.0,22,29,262,0.06870229007633588
los-angeles-chargers,Los Angeles Chargers,Kadyn Proctor,OT,17,17,17,1.0,1.0,1,1,22.0,22.0,22,22,262,0.0648854961832061
los-angeles-chargers,Los Angeles Chargers,Chase Bisontis,IOL,16,16,16,1.0,1.0,1,1,22.1875,22.0,22,25,262,0.061068702290076333
los-angeles-chargers,Los Angeles Chargers,Keldric Faulk,EDGE,15,14,14,1.0,1.0,1,1,22.0,22.0,22,22,262,0.05725190839694656
los-angeles-chargers,Los Angeles Chargers,Caleb Banks,DL,10,10,10,1.0,1.0,1,1,22.0,22.0,22,22,262,0.03816793893129771
los-angeles-chargers,Los Angeles Chargers,Blake Miller,OT,8,8,8,1.0,1.0,1,1,22.0,22.0,22,22,262,0.030534351145038167
los-angeles-chargers,Los Angeles Chargers,Cashius Howell,EDGE,8,6,6,1.0,1.0,1,1,22.0,22.0,22,22,262,0.030534351145038167
los-angeles-chargers,Los Angeles Chargers,Emmanuel Pregnon,IOL,8,7,7,1.0,1.0,1,1,22.0,22.0,22,22,262,0.030534351145038167
los-angeles-chargers,Los Angeles Chargers,Spencer Fano,OT,8,8,8,1.0,1.0,1,1,20.625,22.0,11,22,262,0.030534351145038167
los-angeles-chargers,Los Angeles Chargers,Emmanuel McNeil-Warren,S,6,6,6,1.0,1.0,1,1,22.833333333333332,22.0,22,27,262,0.022900763358778626
los-angeles-chargers,Los Angeles Chargers,Avieon Terrell,CB,5,3,3,1.0,1.0,1,1,22.0,22.0,22,22,262,0.019083969465648856
los-angeles-chargers,Los Angeles Chargers,Chris Johnson,CB,5,5,5,1.0,1.0,1,1,22.6,22.0,22,25,262,0.019083969465648856
los-angeles-chargers,Los Angeles Chargers,Jordyn Tyson,WR,5,5,5,1.0,1.0,1,1,22.0,22.0,22,22,262,0.019083969465648856
los-angeles-chargers,Los Angeles Chargers,Zion Young,EDGE,5,5,5,1.0,1.0,1,1,24.4,22.0,22,30,262,0.019083969465648856
los-angeles-chargers,Los Angeles Chargers,Caleb Lomu,OT,4,4,4,1.0,1.0,1,1,22.0,22.0,22,22,262,0.015267175572519083
los-angeles-chargers,Los Angeles Chargers,Jermod McCoy,CB,4,4,4,1.0,1.0,1,1,22.0,22.0,22,22,262,0.015267175572519083
los-angeles-chargers,Los Angeles Chargers,Monroe Freeling,OT,3,3,3,1.0,1.0,1,1,22.0,22.0,22,22,262,0.011450381679389313
los-angeles-chargers,Los Angeles Chargers,Omar Cooper Jr.,WR,3,3,3,1.0,1.0,1,1,22.0,22.0,22,22,262,0.011450381679389313
los-angeles-chargers,Los Angeles Chargers,Denzel Boston,WR,2,2,2,1.0,1.0,1,1,22.0,22.0,22,22,262,0.007633587786259542
los-angeles-chargers,Los Angeles Chargers,Dillon Thieneman,S,2,2,2,1.0,1.0,1,1,22.0,22.0,22,22,262,0.007633587786259542
los-angeles-chargers,Los Angeles Chargers,Kevin Concepcion,WR,2,2,2,1.0,1.0,1,1,22.0,22.0,22,22,262,0.007633587786259542
los-angeles-chargers,Los Angeles Chargers,Keionte Scott,CB,2,1,1,2.0,2.0,2,2,55.0,55.0,55,55,262,0.007633587786259542
los-angeles-chargers,Los Angeles Chargers,Anthony Hill Jr.,LB,1,1,1,1.0,1.0,1,1,22.0,22.0,22,22,262,0.003816793893129771
los-angeles-chargers,Los Angeles Chargers,Colton Hood,CB,1,1,1,1.0,1.0,1,1,22.0,22.0,22,22,262,0.003816793893129771
los-angeles-chargers,Los Angeles Chargers,Francis Mauigoa,OT,1,1,1,1.0,1.0,1,1,22.0,22.0,22,22,262,0.003816793893129771
los-angeles-chargers,Los Angeles Chargers,Malachi Lawrence,EDGE,1,1,1,1.0,1.0,1,1,22.0,22.0,22,22,262,0.003816793893129771
los-angeles-chargers,Los Angeles Chargers,Keylan Rutledge,IOL,1,1,1,1.0,1.0,1,1,29.0,29.0,29,29,262,0.003816793893129771
los-angeles-chargers,Los Angeles Chargers,Devin Moore,CB,1,1,1,3.0,3.0,3,3,86.0,86.0,86,86,262,0.003816793893129771
los-angeles-chargers,Los Angeles Chargers,Genesis Smith,S,1,1,1,3.0,3.0,3,3,86.0,86.0,86,86,262,0.003816793893129771
los-angeles-chargers,Los Angeles Chargers,Chris McClellan,DL,1,1,1,4.0,4.0,4,4,123.0,123.0,123,123,262,0.003816793893129771
los-angeles-chargers,Los Angeles Chargers,Hezekiah Masses,CB,1,1,1,4.0,4.0,4,4,123.0,123.0,123,123,262,0.003816793893129771
los-angeles-chargers,Los Angeles Chargers,Cade Klubnik,QB,1,1,1,6.0,6.0,6,6,204.0,204.0,204,204,262,0.003816793893129771
los-angeles-chargers,Los Angeles Chargers,Jager Burton,IOL,1,1,1,6.0,6.0,6,6,204.0,204.0,204,204,262,0.003816793893129771
los-angeles-rams,Los Angeles Rams,Makai Lemon,WR,88,87,87,1.0,1.0,1,1,13.159090909090908,13.0,13,20,275,0.32
los-angeles-rams,Los Angeles Rams,Jordyn Tyson,WR,30,30,30,1.0,1.0,1,1,12.8,13.0,7,13,275,0.10909090909090909
los-angeles-rams,Los Angeles Rams,Spencer Fano,OT,27,25,25,1.0,1.0,1,1,13.0,13.0,13,13,275,0.09818181818181818
los-angeles-rams,Los Angeles Rams,Monroe Freeling,OT,24,24,24,1.0,1.0,1,1,13.333333333333334,13.0,13,21,275,0.08727272727272728
los-angeles-rams,Los Angeles Rams,Francis Mauigoa,OT,23,19,19,1.0,1.0,1,1,12.73913043478261,13.0,10,13,275,0.08363636363636363
los-angeles-rams,Los Angeles Rams,Omar Cooper Jr.,WR,21,21,21,1.0,1.0,1,1,14.714285714285714,13.0,13,24,275,0.07636363636363637
los-angeles-rams,Los Angeles Rams,Kenyon Sadiq,TE,13,13,13,1.0,1.0,1,1,13.692307692307692,13.0,13,18,275,0.04727272727272727
los-angeles-rams,Los Angeles Rams,Kevin Concepcion,WR,8,8,8,1.0,1.0,1,1,13.75,13.0,13,17,275,0.02909090909090909
los-angeles-rams,Los Angeles Rams,Carnell Tate,WR,6,6,6,1.0,1.0,1,1,10.666666666666666,11.5,5,13,275,0.02181818181818182
los-angeles-rams,Los Angeles Rams,Jermod McCoy,CB,4,4,4,1.0,1.0,1,1,13.0,13.0,13,13,275,0.014545454545454545
los-angeles-rams,Los Angeles Rams,Rueben Bain,EDGE,3,3,3,1.0,1.0,1,1,13.0,13.0,13,13,275,0.01090909090909091
los-angeles-rams,Los Angeles Rams,Sonny Styles,LB,3,3,3,1.0,1.0,1,1,13.0,13.0,13,13,275,0.01090909090909091
los-angeles-rams,Los Angeles Rams,Ty Simpson,QB,3,3,3,1.0,1.0,1,1,30.0,31.0,28,31,275,0.01090909090909091
los-angeles-rams,Los Angeles Rams,Jeremiyah Love,RB,2,2,2,1.0,1.0,1,1,8.5,8.5,4,13,275,0.007272727272727273
los-angeles-rams,Los Angeles Rams,Kadyn Proctor,OT,2,2,2,1.0,1.0,1,1,13.0,13.0,13,13,275,0.007272727272727273
los-angeles-rams,Los Angeles Rams,Mansoor Delane,CB,2,2,2,1.0,1.0,1,1,13.0,13.0,13,13,275,0.007272727272727273
los-angeles-rams,Los Angeles Rams,Garrett Nussmeier,QB,2,1,1,3.0,3.0,3,3,93.0,93.0,93,93,275,0.007272727272727273
los-angeles-rams,Los Angeles Rams,Caleb Downs,S,1,1,1,1.0,1.0,1,1,13.0,13.0,13,13,275,0.0036363636363636364
los-angeles-rams,Los Angeles Rams,Caleb Lomu,OT,1,1,1,1.0,1.0,1,1,13.0,13.0,13,13,275,0.0036363636363636364
los-angeles-rams,Los Angeles Rams,Denzel Boston,WR,1,1,1,1.0,1.0,1,1,13.0,13.0,13,13,275,0.0036363636363636364
los-angeles-rams,Los Angeles Rams,Olaivavega Ioane,IOL,1,1,1,1.0,1.0,1,1,13.0,13.0,13,13,275,0.0036363636363636364
los-angeles-rams,Los Angeles Rams,Gennings Dunker,OT,1,1,1,2.0,2.0,2,2,61.0,61.0,61,61,275,0.0036363636363636364
los-angeles-rams,Los Angeles Rams,Josiah Trotter,LB,1,1,1,2.0,2.0,2,2,61.0,61.0,61,61,275,0.0036363636363636364
los-angeles-rams,Los Angeles Rams,Jack Kelly,LB,1,1,1,6.0,6.0,6,6,207.0,207.0,207,207,275,0.0036363636363636364
los-angeles-rams,Los Angeles Rams,Quintayvious Hutchins,EDGE,1,1,1,6.0,6.0,6,6,207.0,207.0,207,207,275,0.0036363636363636364
los-angeles-rams,Los Angeles Rams,Cameron Ball,DL,1,1,1,7.0,7.0,7,7,232.0,232.0,232,232,275,0.0036363636363636364
los-angeles-rams,Los Angeles Rams,Riley Nowakowski,TE,1,1,1,7.0,7.0,7,7,232.0,232.0,232,232,275,0.0036363636363636364
los-angeles-rams,Los Angeles Rams,Jalen Stroman,S,1,1,1,7.0,7.0,7,7,251.0,251.0,251,251,275,0.0036363636363636364
los-angeles-rams,Los Angeles Rams,Robert Spears-Jennings,S,1,1,1,7.0,7.0,7,7,251.0,251.0,251,251,275,0.0036363636363636364
los-angeles-rams,Los Angeles Rams,Lake McRee,TE,1,1,1,7.0,7.0,7,7,252.0,252.0,252,252,275,0.0036363636363636364
los-angeles-rams,Los Angeles Rams,Noah Whittington,RB,1,1,1,7.0,7.0,7,7,252.0,252.0,252,252,275,0.0036363636363636364
miami-dolphins,Miami Dolphins,Makai Lemon,WR,43,40,39,1.0,1.0,1,1,11.30232558139535,11.0,7,25,512,0.083984375
miami-dolphins,Miami Dolphins,Mansoor Delane,CB,41,40,40,1.0,1.0,1,1,11.0,11.0,11,11,512,0.080078125
miami-dolphins,Miami Dolphins,Francis Mauigoa,OT,40,37,37,1.0,1.0,1,1,11.05,11.0,9,15,512,0.078125
miami-dolphins,Miami Dolphins,Spencer Fano,OT,36,35,34,1.0,1.0,1,1,11.0,11.0,11,11,512,0.0703125
miami-dolphins,Miami Dolphins,Colton Hood,CB,28,26,26,1.0,1.0,1,1,30.0,30.0,30,30,512,0.0546875
miami-dolphins,Miami Dolphins,Kevin Concepcion,WR,28,27,27,1.0,1.0,1,1,29.285714285714285,30.0,22,30,512,0.0546875
miami-dolphins,Miami Dolphins,Jermod McCoy,CB,25,25,25,1.0,1.0,1,1,13.28,11.0,11,30,512,0.048828125
miami-dolphins,Miami Dolphins,Denzel Boston,WR,23,23,23,1.0,1.0,1,1,30.0,30.0,30,30,512,0.044921875
miami-dolphins,Miami Dolphins,Chris Johnson,CB,22,21,21,1.0454545454545454,1.0,1,2,30.59090909090909,30.0,30,43,512,0.04296875
miami-dolphins,Miami Dolphins,Avieon Terrell,CB,19,18,17,1.0,1.0,1,1,29.63157894736842,30.0,23,30,512,0.037109375
miami-dolphins,Miami Dolphins,Keldric Faulk,EDGE,16,15,15,1.0,1.0,1,1,24.9375,30.0,11,30,512,0.03125
miami-dolphins,Miami Dolphins,Emmanuel McNeil-Warren,S,15,15,15,1.0,1.0,1,1,28.466666666666665,30.0,11,30,512,0.029296875
miami-dolphins,Miami Dolphins,Jordyn Tyson,WR,14,14,14,1.0,1.0,1,1,11.0,11.0,11,11,512,0.02734375
miami-dolphins,Miami Dolphins,Caleb Downs,S,13,13,13,1.0,1.0,1,1,10.615384615384615,11.0,6,11,512,0.025390625
miami-dolphins,Miami Dolphins,Rueben Bain,EDGE,13,13,13,1.0,1.0,1,1,10.692307692307692,11.0,7,11,512,0.025390625
miami-dolphins,Miami Dolphins,Carnell Tate,WR,11,11,11,1.0,1.0,1,1,11.0,11.0,11,11,512,0.021484375
miami-dolphins,Miami Dolphins,Omar Cooper Jr.,WR,10,10,10,1.0,1.0,1,1,28.5,30.0,22,30,512,0.01953125
miami-dolphins,Miami Dolphins,Akheem Mesidor,EDGE,9,9,9,1.0,1.0,1,1,28.22222222222222,30.0,18,30,512,0.017578125
miami-dolphins,Miami Dolphins,Kenyon Sadiq,TE,7,7,7,1.0,1.0,1,1,16.571428571428573,11.0,11,30,512,0.013671875
miami-dolphins,Miami Dolphins,Monroe Freeling,OT,7,7,7,1.0,1.0,1,1,12.428571428571429,11.0,11,21,512,0.013671875
miami-dolphins,Miami Dolphins,Dillon Thieneman,S,7,7,7,1.0,1.0,1,1,21.857142857142858,30.0,11,30,512,0.013671875
miami-dolphins,Miami Dolphins,Kayden McDonald,DL,6,6,6,1.0,1.0,1,1,30.0,30.0,30,30,512,0.01171875
miami-dolphins,Miami Dolphins,T.J. Parker,EDGE,6,6,6,1.0,1.0,1,1,30.0,30.0,30,30,512,0.01171875
miami-dolphins,Miami Dolphins,Olaivavega Ioane,IOL,5,5,5,1.0,1.0,1,1,13.0,11.0,11,21,512,0.009765625
miami-dolphins,Miami Dolphins,Caleb Lomu,OT,5,5,5,1.0,1.0,1,1,30.0,30.0,30,30,512,0.009765625
miami-dolphins,Miami Dolphins,Blake Miller,OT,4,4,4,1.0,1.0,1,1,26.75,30.0,17,30,512,0.0078125
miami-dolphins,Miami Dolphins,Brandon Cisse,CB,4,3,3,1.0,1.0,1,1,30.0,30.0,30,30,512,0.0078125
miami-dolphins,Miami Dolphins,Zion Young,EDGE,4,4,4,1.0,1.0,1,1,30.0,30.0,30,30,512,0.0078125
miami-dolphins,Miami Dolphins,C.J. Allen,LB,3,2,2,1.0,1.0,1,1,30.0,30.0,30,30,512,0.005859375
miami-dolphins,Miami Dolphins,Cashius Howell,EDGE,3,3,3,1.0,1.0,1,1,25.666666666666668,30.0,17,30,512,0.005859375
miami-dolphins,Miami Dolphins,Chris Bell,WR,3,3,3,1.3333333333333333,1.0,1,2,34.333333333333336,30.0,30,43,512,0.005859375
miami-dolphins,Miami Dolphins,Max Iheanachor,OT,3,3,3,1.0,1.0,1,1,30.0,30.0,30,30,512,0.005859375
miami-dolphins,Miami Dolphins,Fernando Mendoza,QB,2,2,2,1.0,1.0,1,1,3.0,3.0,3,3,512,0.00390625
miami-dolphins,Miami Dolphins,Kadyn Proctor,OT,2,2,2,1.0,1.0,1,1,20.5,20.5,11,30,512,0.00390625
miami-dolphins,Miami Dolphins,Chase Bisontis,IOL,2,2,2,1.0,1.0,1,1,30.0,30.0,30,30,512,0.00390625
miami-dolphins,Miami Dolphins,Chris Brazzell,WR,2,2,2,1.0,1.0,1,1,30.0,30.0,30,30,512,0.00390625
miami-dolphins,Miami Dolphins,D'angelo Ponds,CB,2,2,2,1.0,1.0,1,1,30.0,30.0,30,30,512,0.00390625
miami-dolphins,Miami Dolphins,Emmanuel Pregnon,IOL,2,2,2,1.0,1.0,1,1,30.0,30.0,30,30,512,0.00390625
miami-dolphins,Miami Dolphins,Peter Woods,DL,2,2,2,1.0,1.0,1,1,30.0,30.0,30,30,512,0.00390625
miami-dolphins,Miami Dolphins,David Bailey,EDGE,1,1,1,1.0,1.0,1,1,11.0,11.0,11,11,512,0.001953125
miami-dolphins,Miami Dolphins,Sonny Styles,LB,1,1,1,1.0,1.0,1,1,11.0,11.0,11,11,512,0.001953125
miami-dolphins,Miami Dolphins,Caleb Banks,DL,1,1,1,1.0,1.0,1,1,26.0,26.0,26,26,512,0.001953125
miami-dolphins,Miami Dolphins,Anthony Hill Jr.,LB,1,1,1,1.0,1.0,1,1,30.0,30.0,30,30,512,0.001953125
miami-dolphins,Miami Dolphins,Antonio Williams,WR,1,1,1,1.0,1.0,1,1,30.0,30.0,30,30,512,0.001953125
miami-dolphins,Miami Dolphins,Christen Miller,DL,1,1,1,1.0,1.0,1,1,30.0,30.0,30,30,512,0.001953125
miami-dolphins,Miami Dolphins,Malachi Lawrence,EDGE,1,1,1,1.0,1.0,1,1,30.0,30.0,30,30,512,0.001953125
miami-dolphins,Miami Dolphins,Treydan Stukes,CB,1,1,1,1.0,1.0,1,1,30.0,30.0,30,30,512,0.001953125
miami-dolphins,Miami Dolphins,Ty Simpson,QB,1,1,1,1.0,1.0,1,1,30.0,30.0,30,30,512,0.001953125
miami-dolphins,Miami Dolphins,Genesis Smith,S,1,1,1,3.0,3.0,3,3,75.0,75.0,75,75,512,0.001953125
miami-dolphins,Miami Dolphins,Ted Hurst,WR,1,1,1,3.0,3.0,3,3,75.0,75.0,75,75,512,0.001953125
miami-dolphins,Miami Dolphins,Bud Clark,S,1,1,1,3.0,3.0,3,3,87.0,87.0,87,87,512,0.001953125
miami-dolphins,Miami Dolphins,Skyler Bell,WR,1,1,1,3.0,3.0,3,3,87.0,87.0,87,87,512,0.001953125
miami-dolphins,Miami Dolphins,Deion Burks,WR,1,1,1,3.0,3.0,3,3,90.0,90.0,90,90,512,0.001953125
miami-dolphins,Miami Dolphins,Jalon Kilgore,S,1,1,1,3.0,3.0,3,3,90.0,90.0,90,90,512,0.001953125
miami-dolphins,Miami Dolphins,Dametrious Crownover,OT,1,1,1,3.0,3.0,3,3,94.0,94.0,94,94,512,0.001953125
miami-dolphins,Miami Dolphins,Oscar Delp,TE,1,1,1,3.0,3.0,3,3,94.0,94.0,94,94,512,0.001953125
miami-dolphins,Miami Dolphins,Michael Trigg,TE,1,1,1,4.0,4.0,4,4,130.0,130.0,130,130,512,0.001953125
miami-dolphins,Miami Dolphins,Tim Keenan III,DL,1,1,1,4.0,4.0,4,4,130.0,130.0,130,130,512,0.001953125
miami-dolphins,Miami Dolphins,Jack Endries,TE,1,1,1,5.0,5.0,5,5,151.0,151.0,151,151,512,0.001953125
miami-dolphins,Miami Dolphins,Joe Royer,TE,1,1,1,5.0,5.0,5,5,151.0,151.0,151,151,512,0.001953125
miami-dolphins,Miami Dolphins,Cade Klubnik,QB,1,1,1,7.0,7.0,7,7,227.0,227.0,227,227,512,0.001953125
miami-dolphins,Miami Dolphins,John Michael Gyllenborg,TE,1,1,1,7.0,7.0,7,7,227.0,227.0,227,227,512,0.001953125
miami-dolphins,Miami Dolphins,Lander Barton,LB,1,1,1,7.0,7.0,7,7,238.0,238.0,238,238,512,0.001953125
miami-dolphins,Miami Dolphins,Xavier Nwankpa,S,1,1,1,7.0,7.0,7,7,238.0,238.0,238,238,512,0.001953125
minnesota-vikings,Minnesota Vikings,Dillon Thieneman,S,158,144,141,1.0,1.0,1,1,18.025316455696203,18.0,13,23,272,0.5808823529411765
minnesota-vikings,Minnesota Vikings,Emmanuel McNeil-Warren,S,25,22,22,1.0,1.0,1,1,18.8,18.0,18,25,272,0.09191176470588236
minnesota-vikings,Minnesota Vikings,Jermod McCoy,CB,12,12,12,1.0,1.0,1,1,18.083333333333332,18.0,14,23,272,0.04411764705882353
minnesota-vikings,Minnesota Vikings,Peter Woods,DL,10,10,10,1.0,1.0,1,1,17.7,18.0,15,18,272,0.03676470588235294
minnesota-vikings,Minnesota Vikings,Jeremiyah Love,RB,6,6,6,1.0,1.0,1,1,15.333333333333334,18.0,9,18,272,0.022058823529411766
minnesota-vikings,Minnesota Vikings,Kenyon Sadiq,TE,6,5,5,1.0,1.0,1,1,18.0,18.0,18,18,272,0.022058823529411766
minnesota-vikings,Minnesota Vikings,Keldric Faulk,EDGE,5,5,5,1.0,1.0,1,1,17.6,18.0,16,18,272,0.01838235294117647
minnesota-vikings,Minnesota Vikings,Spencer Fano,OT,4,4,4,1.0,1.0,1,1,18.0,18.0,18,18,272,0.014705882352941176
minnesota-vikings,Minnesota Vikings,Akheem Mesidor,EDGE,3,3,3,1.0,1.0,1,1,18.0,18.0,18,18,272,0.011029411764705883
minnesota-vikings,Minnesota Vikings,Avieon Terrell,CB,3,3,3,1.0,1.0,1,1,18.0,18.0,18,18,272,0.011029411764705883
minnesota-vikings,Minnesota Vikings,Caleb Downs,S,3,3,3,1.0,1.0,1,1,18.0,18.0,18,18,272,0.011029411764705883
minnesota-vikings,Minnesota Vikings,Colton Hood,CB,3,3,3,1.0,1.0,1,1,18.0,18.0,18,18,272,0.011029411764705883
minnesota-vikings,Minnesota Vikings,Kayden McDonald,DL,3,3,3,1.0,1.0,1,1,18.0,18.0,18,18,272,0.011029411764705883
minnesota-vikings,Minnesota Vikings,Caleb Banks,DL,2,2,2,1.0,1.0,1,1,18.0,18.0,18,18,272,0.007352941176470588
minnesota-vikings,Minnesota Vikings,Jordyn Tyson,WR,2,2,2,1.0,1.0,1,1,18.0,18.0,18,18,272,0.007352941176470588
minnesota-vikings,Minnesota Vikings,Kadyn Proctor,OT,2,2,2,1.0,1.0,1,1,18.0,18.0,18,18,272,0.007352941176470588
minnesota-vikings,Minnesota Vikings,Mansoor Delane,CB,2,2,2,1.0,1.0,1,1,18.0,18.0,18,18,272,0.007352941176470588
minnesota-vikings,Minnesota Vikings,Jadarian Price,RB,2,1,1,2.0,2.0,2,2,49.0,49.0,49,49,272,0.007352941176470588
minnesota-vikings,Minnesota Vikings,C.J. Allen,LB,1,1,1,1.0,1.0,1,1,18.0,18.0,18,18,272,0.003676470588235294
minnesota-vikings,Minnesota Vikings,Chris Johnson,CB,1,1,1,1.0,1.0,1,1,18.0,18.0,18,18,272,0.003676470588235294
minnesota-vikings,Minnesota Vikings,Denzel Boston,WR,1,1,1,1.0,1.0,1,1,18.0,18.0,18,18,272,0.003676470588235294
minnesota-vikings,Minnesota Vikings,Olaivavega Ioane,IOL,1,1,1,1.0,1.0,1,1,18.0,18.0,18,18,272,0.003676470588235294
minnesota-vikings,Minnesota Vikings,Omar Cooper Jr.,WR,1,1,1,1.0,1.0,1,1,18.0,18.0,18,18,272,0.003676470588235294
minnesota-vikings,Minnesota Vikings,Treydan Stukes,CB,1,1,1,1.0,1.0,1,1,18.0,18.0,18,18,272,0.003676470588235294
minnesota-vikings,Minnesota Vikings,Zion Young,EDGE,1,1,1,1.0,1.0,1,1,18.0,18.0,18,18,272,0.003676470588235294
minnesota-vikings,Minnesota Vikings,Connor Lew,IOL,1,1,1,3.0,3.0,3,3,82.0,82.0,82,82,272,0.003676470588235294
minnesota-vikings,Minnesota Vikings,Romello Height,EDGE,1,1,1,3.0,3.0,3,3,82.0,82.0,82,82,272,0.003676470588235294
minnesota-vikings,Minnesota Vikings,Julian Neal,CB,1,1,1,3.0,3.0,3,3,97.0,97.0,97,97,272,0.003676470588235294
minnesota-vikings,Minnesota Vikings,Malik Muhammad,CB,1,1,1,3.0,3.0,3,3,97.0,97.0,97,97,272,0.003676470588235294
minnesota-vikings,Minnesota Vikings,Jadon Canady,CB,1,1,1,5.0,5.0,5,5,163.0,163.0,163,163,272,0.003676470588235294
minnesota-vikings,Minnesota Vikings,VJ Payne,S,1,1,1,5.0,5.0,5,5,163.0,163.0,163,163,272,0.003676470588235294
minnesota-vikings,Minnesota Vikings,D.J. Campbell,IOL,1,1,1,6.0,6.0,6,6,196.0,196.0,196,196,272,0.003676470588235294
minnesota-vikings,Minnesota Vikings,Will Kacmarek,TE,1,1,1,6.0,6.0,6,6,196.0,196.0,196,196,272,0.003676470588235294
minnesota-vikings,Minnesota Vikings,DJ Rogers,TE,1,1,1,7.0,7.0,7,7,234.0,234.0,234,234,272,0.003676470588235294
minnesota-vikings,Minnesota Vikings,James Thompson Jr.,DL,1,1,1,7.0,7.0,7,7,234.0,234.0,234,234,272,0.003676470588235294
minnesota-vikings,Minnesota Vikings,Anez Cooper,IOL,1,1,1,7.0,7.0,7,7,235.0,235.0,235,235,272,0.003676470588235294
minnesota-vikings,Minnesota Vikings,Matthew Hibner,TE,1,1,1,7.0,7.0,7,7,235.0,235.0,235,235,272,0.003676470588235294
minnesota-vikings,Minnesota Vikings,Desmond Reid,RB,1,1,1,7.0,7.0,7,7,244.0,244.0,244,244,272,0.003676470588235294
minnesota-vikings,Minnesota Vikings,Terion Stewart,RB,1,1,1,7.0,7.0,7,7,244.0,244.0,244,244,272,0.003676470588235294
new-england-patriots,New England Patriots,Max Iheanachor,OT,29,28,28,1.0,1.0,1,1,30.379310344827587,31.0,23,31,262,0.11068702290076336
new-england-patriots,New England Patriots,Blake Miller,OT,28,27,27,1.0,1.0,1,1,31.0,31.0,31,31,262,0.10687022900763359
new-england-patriots,New England Patriots,Cashius Howell,EDGE,22,20,19,1.0,1.0,1,1,31.0,31.0,31,31,262,0.08396946564885496
new-england-patriots,New England Patriots,Denzel Boston,WR,15,15,15,1.0,1.0,1,1,30.8,31.0,28,31,262,0.05725190839694656
new-england-patriots,New England Patriots,T.J. Parker,EDGE,14,13,13,1.0,1.0,1,1,31.0,31.0,31,31,262,0.05343511450381679
new-england-patriots,New England Patriots,Caleb Lomu,OT,12,12,12,1.0,1.0,1,1,31.0,31.0,31,31,262,0.04580152671755725
new-england-patriots,New England Patriots,Zion Young,EDGE,12,12,12,1.0,1.0,1,1,31.0,31.0,31,31,262,0.04580152671755725
new-england-patriots,New England Patriots,Malachi Lawrence,EDGE,10,10,10,1.0,1.0,1,1,31.0,31.0,31,31,262,0.03816793893129771
new-england-patriots,New England Patriots,Omar Cooper Jr.,WR,10,10,10,1.0,1.0,1,1,31.0,31.0,31,31,262,0.03816793893129771
new-england-patriots,New England Patriots,C.J. Allen,LB,8,6,6,1.0,1.0,1,1,31.0,31.0,31,31,262,0.030534351145038167
new-england-patriots,New England Patriots,Kayden McDonald,DL,8,7,7,1.0,1.0,1,1,31.0,31.0,31,31,262,0.030534351145038167
new-england-patriots,New England Patriots,Keldric Faulk,EDGE,7,7,7,1.0,1.0,1,1,30.0,31.0,24,31,262,0.026717557251908396
new-england-patriots,New England Patriots,Caleb Banks,DL,6,4,4,1.0,1.0,1,1,31.0,31.0,31,31,262,0.022900763358778626
new-england-patriots,New England Patriots,Emmanuel McNeil-Warren,S,6,6,6,1.0,1.0,1,1,31.0,31.0,31,31,262,0.022900763358778626
new-england-patriots,New England Patriots,Jacob Rodriguez,LB,6,6,6,1.0,1.0,1,1,31.0,31.0,31,31,262,0.022900763358778626
new-england-patriots,New England Patriots,Akheem Mesidor,EDGE,5,5,5,1.0,1.0,1,1,29.6,31.0,24,31,262,0.019083969465648856
new-england-patriots,New England Patriots,Kadyn Proctor,OT,5,5,5,1.0,1.0,1,1,29.8,31.0,25,31,262,0.019083969465648856
new-england-patriots,New England Patriots,R Mason Thomas,EDGE,5,5,5,1.0,1.0,1,1,31.0,31.0,31,31,262,0.019083969465648856
new-england-patriots,New England Patriots,Colton Hood,CB,4,4,4,1.0,1.0,1,1,31.0,31.0,31,31,262,0.015267175572519083
new-england-patriots,New England Patriots,Eli Stowers,TE,4,4,4,1.0,1.0,1,1,31.0,31.0,31,31,262,0.015267175572519083
new-england-patriots,New England Patriots,Kevin Concepcion,WR,3,3,3,1.0,1.0,1,1,31.0,31.0,31,31,262,0.011450381679389313
new-england-patriots,New England Patriots,Peter Woods,DL,3,3,3,1.0,1.0,1,1,31.0,31.0,31,31,262,0.011450381679389313
new-england-patriots,New England Patriots,Arvell Reese,LB,2,2,2,1.0,1.0,1,1,2.0,2.0,2,2,262,0.007633587786259542
new-england-patriots,New England Patriots,Chase Bisontis,IOL,2,1,1,1.0,1.0,1,1,31.0,31.0,31,31,262,0.007633587786259542
new-england-patriots,New England Patriots,Jake Golday,LB,2,2,2,1.0,1.0,1,1,31.0,31.0,31,31,262,0.007633587786259542
new-england-patriots,New England Patriots,Jermod McCoy,CB,2,2,2,1.0,1.0,1,1,31.0,31.0,31,31,262,0.007633587786259542
new-england-patriots,New England Patriots,Kenyon Sadiq,TE,2,2,2,1.0,1.0,1,1,31.0,31.0,31,31,262,0.007633587786259542
new-england-patriots,New England Patriots,Anthony Hill Jr.,LB,1,1,1,1.0,1.0,1,1,31.0,31.0,31,31,262,0.003816793893129771
new-england-patriots,New England Patriots,Avieon Terrell,CB,1,1,1,1.0,1.0,1,1,31.0,31.0,31,31,262,0.003816793893129771
new-england-patriots,New England Patriots,Chris Bell,WR,1,1,1,1.0,1.0,1,1,31.0,31.0,31,31,262,0.003816793893129771
new-england-patriots,New England Patriots,Chris Brazzell,WR,1,1,1,1.0,1.0,1,1,31.0,31.0,31,31,262,0.003816793893129771
new-england-patriots,New England Patriots,Chris Johnson,CB,1,1,1,1.0,1.0,1,1,31.0,31.0,31,31,262,0.003816793893129771
new-england-patriots,New England Patriots,Christen Miller,DL,1,1,1,1.0,1.0,1,1,31.0,31.0,31,31,262,0.003816793893129771
new-england-patriots,New England Patriots,Dillon Thieneman,S,1,1,1,1.0,1.0,1,1,31.0,31.0,31,31,262,0.003816793893129771
new-england-patriots,New England Patriots,Gabe Jacas,EDGE,1,1,1,1.0,1.0,1,1,31.0,31.0,31,31,262,0.003816793893129771
new-england-patriots,New England Patriots,Matayo Uiagalelei,EDGE,1,1,1,1.0,1.0,1,1,31.0,31.0,31,31,262,0.003816793893129771
new-england-patriots,New England Patriots,Monroe Freeling,OT,1,1,1,1.0,1.0,1,1,31.0,31.0,31,31,262,0.003816793893129771
new-england-patriots,New England Patriots,Antonio Williams,WR,1,1,1,2.0,2.0,2,2,63.0,63.0,63,63,262,0.003816793893129771
new-england-patriots,New England Patriots,Dani Dennis-Sutton,EDGE,1,1,1,2.0,2.0,2,2,63.0,63.0,63,63,262,0.003816793893129771
new-england-patriots,New England Patriots,L.T. Overton,EDGE,1,1,1,3.0,3.0,3,3,95.0,95.0,95,95,262,0.003816793893129771
new-england-patriots,New England Patriots,Sam Roush,TE,1,1,1,3.0,3.0,3,3,95.0,95.0,95,95,262,0.003816793893129771
new-england-patriots,New England Patriots,Justin Joly,TE,1,1,1,4.0,4.0,4,4,125.0,125.0,125,125,262,0.003816793893129771
new-england-patriots,New England Patriots,Trey Zuhn III,OT,1,1,1,4.0,4.0,4,4,125.0,125.0,125,125,262,0.003816793893129771
new-england-patriots,New England Patriots,Kaleb Elarms-Orr,LB,1,1,1,4.0,4.0,4,4,131.0,131.0,131,131,262,0.003816793893129771
new-england-patriots,New England Patriots,Rayshaun Benny,DL,1,1,1,4.0,4.0,4,4,131.0,131.0,131,131,262,0.003816793893129771
new-england-patriots,New England Patriots,Landon Robinson,DL,1,1,1,5.0,5.0,5,5,171.0,171.0,171,171,262,0.003816793893129771
new-england-patriots,New England Patriots,Reggie Virgil,WR,1,1,1,5.0,5.0,5,5,171.0,171.0,171,171,262,0.003816793893129771
new-england-patriots,New England Patriots,Jadon Canady,CB,1,1,1,6.0,6.0,6,6,191.0,191.0,191,191,262,0.003816793893129771
new-england-patriots,New England Patriots,Pat Coogan,IOL,1,1,1,6.0,6.0,6,6,191.0,191.0,191,191,262,0.003816793893129771
new-england-patriots,New England Patriots,Devon Marshall,CB,1,1,1,6.0,6.0,6,6,198.0,198.0,198,198,262,0.003816793893129771
new-england-patriots,New England Patriots,Mason Reiger,EDGE,1,1,1,6.0,6.0,6,6,198.0,198.0,198,198,262,0.003816793893129771
new-england-patriots,New England Patriots,Dallen Bentley,TE,1,1,1,6.0,6.0,6,6,202.0,202.0,202,202,262,0.003816793893129771
new-england-patriots,New England Patriots,Tyler Onyedim,DL,1,1,1,6.0,6.0,6,6,202.0,202.0,202,202,262,0.003816793893129771
new-england-patriots,New England Patriots,Lorenzo Styles Jr.,CB,1,1,1,6.0,6.0,6,6,212.0,212.0,212,212,262,0.003816793893129771
new-england-patriots,New England Patriots,Owen Heinecke,LB,1,1,1,6.0,6.0,6,6,212.0,212.0,212,212,262,0.003816793893129771
new-england-patriots,New England Patriots,Quintayvious Hutchins,EDGE,1,1,1,7.0,7.0,7,7,247.0,247.0,247,247,262,0.003816793893129771
new-england-patriots,New England Patriots,Toriano Pride,CB,1,1,1,7.0,7.0,7,7,247.0,247.0,247,247,262,0.003816793893129771
new-orleans-saints,New Orleans Saints,Rueben Bain,EDGE,61,56,56,1.0,1.0,1,1,8.131147540983607,8.0,8,12,292,0.2089041095890411
new-orleans-saints,New Orleans Saints,Mansoor Delane,CB,55,50,48,1.0,1.0,1,1,8.036363636363637,8.0,8,10,292,0.18835616438356165
new-orleans-saints,New Orleans Saints,Carnell Tate,WR,50,48,47,1.0,1.0,1,1,8.02,8.0,5,12,292,0.17123287671232876
new-orleans-saints,New Orleans Saints,Jordyn Tyson,WR,26,25,25,1.0,1.0,1,1,8.307692307692308,8.0,8,12,292,0.08904109589041095
new-orleans-saints,New Orleans Saints,Makai Lemon,WR,24,22,22,1.0,1.0,1,1,8.166666666666666,8.0,8,12,292,0.0821917808219178
new-orleans-saints,New Orleans Saints,David Bailey,EDGE,19,18,18,1.0,1.0,1,1,7.368421052631579,8.0,3,8,292,0.06506849315068493
new-orleans-saints,New Orleans Saints,Caleb Downs,S,14,14,14,1.0,1.0,1,1,8.0,8.0,8,8,292,0.04794520547945205
new-orleans-saints,New Orleans Saints,Sonny Styles,LB,9,9,9,1.0,1.0,1,1,8.0,8.0,8,8,292,0.030821917808219176
new-orleans-saints,New Orleans Saints,Jermod McCoy,CB,6,6,6,1.0,1.0,1,1,8.666666666666666,8.0,8,12,292,0.02054794520547945
new-orleans-saints,New Orleans Saints,Francis Mauigoa,OT,4,4,4,1.0,1.0,1,1,8.0,8.0,8,8,292,0.0136986301369863
new-orleans-saints,New Orleans Saints,Jeremiyah Love,RB,3,3,3,1.0,1.0,1,1,8.0,8.0,8,8,292,0.010273972602739725
new-orleans-saints,New Orleans Saints,Arvell Reese,LB,2,2,2,1.0,1.0,1,1,3.0,3.0,3,3,292,0.00684931506849315
new-orleans-saints,New Orleans Saints,Denzel Boston,WR,2,2,2,1.0,1.0,1,1,12.5,12.5,8,17,292,0.00684931506849315
new-orleans-saints,New Orleans Saints,Jacob Rodriguez,LB,2,1,1,2.0,2.0,2,2,42.0,42.0,42,42,292,0.00684931506849315
new-orleans-saints,New Orleans Saints,Dae'Quan Wright,TE,2,1,1,4.5,4.5,4,5,143.0,143.0,136,150,292,0.00684931506849315
new-orleans-saints,New Orleans Saints,Kenyon Sadiq,TE,1,1,1,1.0,1.0,1,1,8.0,8.0,8,8,292,0.003424657534246575
new-orleans-saints,New Orleans Saints,Keldric Faulk,EDGE,1,1,1,1.0,1.0,1,1,25.0,25.0,25,25,292,0.003424657534246575
new-orleans-saints,New Orleans Saints,Zion Young,EDGE,1,1,1,1.0,1.0,1,1,32.0,32.0,32,32,292,0.003424657534246575
new-orleans-saints,New Orleans Saints,Elijah Sarratt,WR,1,1,1,3.0,3.0,3,3,73.0,73.0,73,73,292,0.003424657534246575
new-orleans-saints,New Orleans Saints,Gracen Halton,DL,1,1,1,3.0,3.0,3,3,73.0,73.0,73,73,292,0.003424657534246575
new-orleans-saints,New Orleans Saints,Emmett Johnson,RB,1,1,1,4.0,4.0,4,4,132.0,132.0,132,132,292,0.003424657534246575
new-orleans-saints,New Orleans Saints,Taurean York,LB,1,1,1,4.0,4.0,4,4,132.0,132.0,132,132,292,0.003424657534246575
new-orleans-saints,New Orleans Saints,TJ Hall,CB,1,1,1,4.0,4.0,4,4,136.0,136.0,136,136,292,0.003424657534246575
new-orleans-saints,New Orleans Saints,Aiden Fisher,LB,1,1,1,5.0,5.0,5,5,150.0,150.0,150,150,292,0.003424657534246575
new-orleans-saints,New Orleans Saints,Eric McAlister,WR,1,1,1,5.0,5.0,5,5,172.0,172.0,172,172,292,0.003424657534246575
new-orleans-saints,New Orleans Saints,Nate Boerkircher,TE,1,1,1,5.0,5.0,5,5,172.0,172.0,172,172,292,0.003424657534246575
new-orleans-saints,New Orleans Saints,Devon Marshall,CB,1,1,1,6.0,6.0,6,6,190.0,190.0,190,190,292,0.003424657534246575
new-orleans-saints,New Orleans Saints,Nadame Tucker,EDGE,1,1,1,6.0,6.0,6,6,190.0,190.0,190,190,292,0.003424657534246575
new-york-giants,New York Giants,Sonny Styles,LB,123,113,111,1.0,1.0,1,1,5.2439024390243905,5.0,5,10,385,0.3194805194805195
new-york-giants,New York Giants,Caleb Downs,S,85,80,80,1.0,1.0,1,1,6.529411764705882,5.0,5,10,385,0.22077922077922077
new-york-giants,New York Giants,Jordyn Tyson,WR,37,37,37,1.0,1.0,1,1,9.054054054054054,10.0,5,10,385,0.09610389610389611
new-york-giants,New York Giants,Francis Mauigoa,OT,28,28,28,1.0,1.0,1,1,5.714285714285714,5.0,5,10,385,0.07272727272727272
new-york-giants,New York Giants,Carnell Tate,WR,26,25,25,1.0,1.0,1,1,5.769230769230769,5.0,5,10,385,0.06753246753246753
new-york-giants,New York Giants,Jeremiyah Love,RB,24,24,23,1.0,1.0,1,1,4.916666666666667,5.0,3,5,385,0.06233766233766234
new-york-giants,New York Giants,Olaivavega Ioane,IOL,9,9,9,1.0,1.0,1,1,11.0,10.0,10,13,385,0.023376623376623377
new-york-giants,New York Giants,Spencer Fano,OT,7,7,7,1.0,1.0,1,1,7.857142857142857,10.0,5,10,385,0.01818181818181818
new-york-giants,New York Giants,Arvell Reese,LB,6,6,6,1.0,1.0,1,1,5.0,5.0,5,5,385,0.015584415584415584
new-york-giants,New York Giants,Mansoor Delane,CB,6,6,6,1.0,1.0,1,1,6.666666666666667,5.0,5,10,385,0.015584415584415584
new-york-giants,New York Giants,Makai Lemon,WR,5,5,5,1.0,1.0,1,1,8.8,10.0,5,10,385,0.012987012987012988
new-york-giants,New York Giants,Rueben Bain,EDGE,4,4,4,1.0,1.0,1,1,8.75,10.0,5,10,385,0.01038961038961039
new-york-giants,New York Giants,David Bailey,EDGE,3,3,3,1.0,1.0,1,1,5.0,5.0,5,5,385,0.007792207792207792
new-york-giants,New York Giants,Brandon Cisse,CB,3,3,3,1.3333333333333333,1.0,1,2,24.666666666666668,32.0,5,37,385,0.007792207792207792
new-york-giants,New York Giants,Jermod McCoy,CB,2,2,2,1.0,1.0,1,1,18.5,18.5,5,32,385,0.005194805194805195
new-york-giants,New York Giants,Peter Woods,DL,2,2,2,1.0,1.0,1,1,19.0,19.0,10,28,385,0.005194805194805195
new-york-giants,New York Giants,Kayden McDonald,DL,2,2,2,1.0,1.0,1,1,28.0,28.0,28,28,385,0.005194805194805195
new-york-giants,New York Giants,Kenyon Sadiq,TE,1,1,1,1.0,1.0,1,1,10.0,10.0,10,10,385,0.0025974025974025974
new-york-giants,New York Giants,Avieon Terrell,CB,1,1,1,1.0,1.0,1,1,31.0,31.0,31,31,385,0.0025974025974025974
new-york-giants,New York Giants,Max Iheanachor,OT,1,1,1,2.0,2.0,2,2,37.0,37.0,37,37,385,0.0025974025974025974
new-york-giants,New York Giants,Dametrious Crownover,OT,1,1,1,4.0,4.0,4,4,105.0,105.0,105,105,385,0.0025974025974025974
new-york-giants,New York Giants,Logan Jones,IOL,1,1,1,4.0,4.0,4,4,105.0,105.0,105,105,385,0.0025974025974025974
new-york-giants,New York Giants,De'Zhaun Stribling,WR,1,1,1,5.0,5.0,5,5,145.0,145.0,145,145,385,0.0025974025974025974
new-york-giants,New York Giants,TJ Hall,CB,1,1,1,5.0,5.0,5,5,145.0,145.0,145,145,385,0.0025974025974025974
new-york-giants,New York Giants,Jaeden Roberts,IOL,1,1,1,6.0,6.0,6,6,186.0,186.0,186,186,385,0.0025974025974025974
new-york-giants,New York Giants,Reggie Virgil,WR,1,1,1,6.0,6.0,6,6,186.0,186.0,186,186,385,0.0025974025974025974
new-york-giants,New York Giants,Louis Moore,S,1,1,1,6.0,6.0,6,6,192.0,192.0,192,192,385,0.0025974025974025974
new-york-giants,New York Giants,Thaddeus Dixon,CB,1,1,1,6.0,6.0,6,6,192.0,192.0,192,192,385,0.0025974025974025974
new-york-giants,New York Giants,Jeff Caldwell,WR,1,1,1,6.0,6.0,6,6,193.0,193.0,193,193,385,0.0025974025974025974
new-york-giants,New York Giants,Tyreak Sapp,EDGE,1,1,1,6.0,6.0,6,6,193.0,193.0,193,193,385,0.0025974025974025974
new-york-jets,New York Jets,Arvell Reese,LB,177,163,158,1.0,1.0,1,1,2.0,2.0,2,2,555,0.31891891891891894
new-york-jets,New York Jets,David Bailey,EDGE,81,75,75,1.0,1.0,1,1,2.0,2.0,2,2,555,0.14594594594594595
new-york-jets,New York Jets,Omar Cooper Jr.,WR,51,47,47,1.0,1.0,1,1,16.098039215686274,16.0,16,21,555,0.0918918918918919
new-york-jets,New York Jets,Jordyn Tyson,WR,49,48,48,1.0,1.0,1,1,15.959183673469388,16.0,9,24,555,0.08828828828828829
new-york-jets,New York Jets,Makai Lemon,WR,46,42,40,1.0,1.0,1,1,15.630434782608695,16.0,7,16,555,0.08288288288288288
new-york-jets,New York Jets,Ty Simpson,QB,18,18,18,1.0555555555555556,1.0,1,2,20.22222222222222,16.0,16,44,555,0.032432432432432434
new-york-jets,New York Jets,Denzel Boston,WR,16,15,15,1.0,1.0,1,1,17.1875,16.0,16,23,555,0.02882882882882883
new-york-jets,New York Jets,Jermod McCoy,CB,15,15,15,1.0,1.0,1,1,16.533333333333335,16.0,16,23,555,0.02702702702702703
new-york-jets,New York Jets,Kevin Concepcion,WR,11,11,11,1.0,1.0,1,1,17.181818181818183,16.0,16,24,555,0.01981981981981982
new-york-jets,New York Jets,Olaivavega Ioane,IOL,10,10,9,1.0,1.0,1,1,15.7,16.0,13,16,555,0.018018018018018018
new-york-jets,New York Jets,Kenyon Sadiq,TE,9,9,9,1.0,1.0,1,1,16.0,16.0,16,16,555,0.016216216216216217
new-york-jets,New York Jets,Avieon Terrell,CB,8,8,8,1.0,1.0,1,1,19.0,16.0,16,28,555,0.014414414414414415
new-york-jets,New York Jets,Carnell Tate,WR,7,7,7,1.0,1.0,1,1,5.428571428571429,2.0,2,16,555,0.012612612612612612
new-york-jets,New York Jets,Rueben Bain,EDGE,5,5,5,1.0,1.0,1,1,2.0,2.0,2,2,555,0.009009009009009009
new-york-jets,New York Jets,Sonny Styles,LB,5,5,5,1.0,1.0,1,1,7.6,2.0,2,16,555,0.009009009009009009
new-york-jets,New York Jets,Caleb Downs,S,4,4,4,1.0,1.0,1,1,10.75,10.5,6,16,555,0.007207207207207207
new-york-jets,New York Jets,Dillon Thieneman,S,4,4,4,1.0,1.0,1,1,16.0,16.0,16,16,555,0.007207207207207207
new-york-jets,New York Jets,Keldric Faulk,EDGE,4,4,4,1.0,1.0,1,1,16.0,16.0,16,16,555,0.007207207207207207
new-york-jets,New York Jets,Spencer Fano,OT,4,4,4,1.0,1.0,1,1,16.0,16.0,16,16,555,0.007207207207207207
new-york-jets,New York Jets,Francis Mauigoa,OT,3,3,3,1.0,1.0,1,1,6.666666666666667,2.0,2,16,555,0.005405405405405406
new-york-jets,New York Jets,Fernando Mendoza,QB,2,2,2,1.0,1.0,1,1,1.5,1.5,1,2,555,0.0036036036036036037
new-york-jets,New York Jets,Emmanuel McNeil-Warren,S,2,2,2,1.0,1.0,1,1,17.5,17.5,16,19,555,0.0036036036036036037
new-york-jets,New York Jets,Jaishawn Barham,LB,2,1,1,4.0,4.0,4,4,103.0,103.0,103,103,555,0.0036036036036036037
new-york-jets,New York Jets,Jeremiyah Love,RB,1,1,1,1.0,1.0,1,1,2.0,2.0,2,2,555,0.0018018018018018018
new-york-jets,New York Jets,A.J. Harris,CB,1,1,1,1.0,1.0,1,1,16.0,16.0,16,16,555,0.0018018018018018018
new-york-jets,New York Jets,Akheem Mesidor,EDGE,1,1,1,1.0,1.0,1,1,16.0,16.0,16,16,555,0.0018018018018018018
new-york-jets,New York Jets,Chris Johnson,CB,1,1,1,1.0,1.0,1,1,16.0,16.0,16,16,555,0.0018018018018018018
new-york-jets,New York Jets,Colton Hood,CB,1,1,1,1.0,1.0,1,1,16.0,16.0,16,16,555,0.0018018018018018018
new-york-jets,New York Jets,Mansoor Delane,CB,1,1,1,1.0,1.0,1,1,16.0,16.0,16,16,555,0.0018018018018018018
new-york-jets,New York Jets,Monroe Freeling,OT,1,1,1,1.0,1.0,1,1,16.0,16.0,16,16,555,0.0018018018018018018
new-york-jets,New York Jets,T.J. Parker,EDGE,1,1,1,1.0,1.0,1,1,16.0,16.0,16,16,555,0.0018018018018018018
new-york-jets,New York Jets,Max Iheanachor,OT,1,1,1,1.0,1.0,1,1,18.0,18.0,18,18,555,0.0018018018018018018
new-york-jets,New York Jets,Cole Payton,QB,1,1,1,1.0,1.0,1,1,30.0,30.0,30,30,555,0.0018018018018018018
new-york-jets,New York Jets,Zion Young,EDGE,1,1,1,1.0,1.0,1,1,31.0,31.0,31,31,555,0.0018018018018018018
new-york-jets,New York Jets,C.J. Allen,LB,1,1,1,2.0,2.0,2,2,33.0,33.0,33,33,555,0.0018018018018018018
new-york-jets,New York Jets,Kayden McDonald,DL,1,1,1,2.0,2.0,2,2,33.0,33.0,33,33,555,0.0018018018018018018
new-york-jets,New York Jets,Lee Hunter,DL,1,1,1,2.0,2.0,2,2,44.0,44.0,44,44,555,0.0018018018018018018
new-york-jets,New York Jets,Carson Beck,QB,1,1,1,4.0,4.0,4,4,140.0,140.0,140,140,555,0.0018018018018018018
new-york-jets,New York Jets,Kaleb Proctor,DL,1,1,1,4.0,4.0,4,4,140.0,140.0,140,140,555,0.0018018018018018018
new-york-jets,New York Jets,Nick Barrett,DL,1,1,1,5.0,5.0,5,5,179.0,179.0,179,179,555,0.0018018018018018018
new-york-jets,New York Jets,Vincent Anthony Jr.,EDGE,1,1,1,5.0,5.0,5,5,179.0,179.0,179,179,555,0.0018018018018018018
new-york-jets,New York Jets,Jack Kelly,LB,1,1,1,7.0,7.0,7,7,228.0,228.0,228,228,555,0.0018018018018018018
new-york-jets,New York Jets,Red Murdock,LB,1,1,1,7.0,7.0,7,7,228.0,228.0,228,228,555,0.0018018018018018018
new-york-jets,New York Jets,DJ Rogers,TE,1,1,1,7.0,7.0,7,7,242.0,242.0,242,242,555,0.0018018018018018018
new-york-jets,New York Jets,Fa'alili Fa'amoe,OT,1,1,1,7.0,7.0,7,7,242.0,242.0,242,242,555,0.0018018018018018018
philadelphia-eagles,Philadelphia Eagles,Blake Miller,OT,36,36,35,1.0,1.0,1,1,22.97222222222222,23.0,15,30,272,0.1323529411764706
philadelphia-eagles,Philadelphia Eagles,Max Iheanachor,OT,36,35,35,1.0,1.0,1,1,23.52777777777778,23.0,21,31,272,0.1323529411764706
philadelphia-eagles,Philadelphia Eagles,Kadyn Proctor,OT,24,24,24,1.0,1.0,1,1,22.291666666666668,23.0,16,23,272,0.08823529411764706
philadelphia-eagles,Philadelphia Eagles,Kenyon Sadiq,TE,18,17,17,1.0,1.0,1,1,22.77777777777778,23.0,19,23,272,0.0661764705882353
philadelphia-eagles,Philadelphia Eagles,Monroe Freeling,OT,17,17,17,1.0,1.0,1,1,22.352941176470587,23.0,16,23,272,0.0625
philadelphia-eagles,Philadelphia Eagles,Caleb Lomu,OT,15,13,13,1.0,1.0,1,1,23.2,23.0,23,26,272,0.05514705882352941
philadelphia-eagles,Philadelphia Eagles,Emmanuel McNeil-Warren,S,14,12,12,1.0,1.0,1,1,23.0,23.0,23,23,272,0.051470588235294115
philadelphia-eagles,Philadelphia Eagles,Denzel Boston,WR,12,12,12,1.0,1.0,1,1,23.666666666666668,23.0,23,28,272,0.04411764705882353
philadelphia-eagles,Philadelphia Eagles,Akheem Mesidor,EDGE,11,10,10,1.0,1.0,1,1,22.545454545454547,23.0,18,23,272,0.04044117647058824
philadelphia-eagles,Philadelphia Eagles,Omar Cooper Jr.,WR,8,8,8,1.0,1.0,1,1,23.0,23.0,23,23,272,0.029411764705882353
philadelphia-eagles,Philadelphia Eagles,T.J. Parker,EDGE,8,8,8,1.0,1.0,1,1,23.0,23.0,23,23,272,0.029411764705882353
philadelphia-eagles,Philadelphia Eagles,Keldric Faulk,EDGE,7,7,7,1.0,1.0,1,1,23.0,23.0,23,23,272,0.025735294117647058
philadelphia-eagles,Philadelphia Eagles,Kevin Concepcion,WR,7,6,6,1.0,1.0,1,1,23.0,23.0,23,23,272,0.025735294117647058
philadelphia-eagles,Philadelphia Eagles,Dillon Thieneman,S,6,6,6,1.0,1.0,1,1,21.333333333333332,23.0,17,23,272,0.022058823529411766
philadelphia-eagles,Philadelphia Eagles,Jordyn Tyson,WR,5,5,5,1.0,1.0,1,1,20.0,23.0,10,23,272,0.01838235294117647
philadelphia-eagles,Philadelphia Eagles,Malachi Lawrence,EDGE,4,3,3,1.0,1.0,1,1,25.0,23.0,23,31,272,0.014705882352941176
philadelphia-eagles,Philadelphia Eagles,Spencer Fano,OT,4,4,4,1.0,1.0,1,1,22.0,23.0,19,23,272,0.014705882352941176
philadelphia-eagles,Philadelphia Eagles,Olaivavega Ioane,IOL,3,3,3,1.0,1.0,1,1,18.0,16.0,15,23,272,0.011029411764705883
philadelphia-eagles,Philadelphia Eagles,Ty Simpson,QB,3,3,3,1.0,1.0,1,1,23.0,23.0,23,23,272,0.011029411764705883
philadelphia-eagles,Philadelphia Eagles,Francis Mauigoa,OT,2,2,2,1.0,1.0,1,1,16.5,16.5,10,23,272,0.007352941176470588
philadelphia-eagles,Philadelphia Eagles,Avieon Terrell,CB,2,1,1,1.0,1.0,1,1,23.0,23.0,23,23,272,0.007352941176470588
philadelphia-eagles,Philadelphia Eagles,C.J. Allen,LB,2,2,2,1.0,1.0,1,1,23.0,23.0,23,23,272,0.007352941176470588
philadelphia-eagles,Philadelphia Eagles,Peter Woods,DL,2,2,2,1.0,1.0,1,1,23.0,23.0,23,23,272,0.007352941176470588
philadelphia-eagles,Philadelphia Eagles,Zion Young,EDGE,2,2,2,1.0,1.0,1,1,24.0,24.0,23,25,272,0.007352941176470588
philadelphia-eagles,Philadelphia Eagles,Cole Payton,QB,2,1,1,4.5,4.5,4,5,157.5,157.5,137,178,272,0.007352941176470588
philadelphia-eagles,Philadelphia Eagles,Caleb Downs,S,1,1,1,1.0,1.0,1,1,11.0,11.0,11,11,272,0.003676470588235294
philadelphia-eagles,Philadelphia Eagles,Carnell Tate,WR,1,1,1,1.0,1.0,1,1,11.0,11.0,11,11,272,0.003676470588235294
philadelphia-eagles,Philadelphia Eagles,Cashius Howell,EDGE,1,1,1,1.0,1.0,1,1,23.0,23.0,23,23,272,0.003676470588235294
philadelphia-eagles,Philadelphia Eagles,Colton Hood,CB,1,1,1,1.0,1.0,1,1,23.0,23.0,23,23,272,0.003676470588235294
philadelphia-eagles,Philadelphia Eagles,Germie Bernard,WR,1,1,1,1.0,1.0,1,1,23.0,23.0,23,23,272,0.003676470588235294
philadelphia-eagles,Philadelphia Eagles,Jermod McCoy,CB,1,1,1,1.0,1.0,1,1,23.0,23.0,23,23,272,0.003676470588235294
philadelphia-eagles,Philadelphia Eagles,Keylan Rutledge,IOL,1,1,1,1.0,1.0,1,1,23.0,23.0,23,23,272,0.003676470588235294
philadelphia-eagles,Philadelphia Eagles,Zachariah Branch,WR,1,1,1,1.0,1.0,1,1,23.0,23.0,23,23,272,0.003676470588235294
philadelphia-eagles,Philadelphia Eagles,Derrick Moore,EDGE,1,1,1,2.0,2.0,2,2,54.0,54.0,54,54,272,0.003676470588235294
philadelphia-eagles,Philadelphia Eagles,Gabe Jacas,EDGE,1,1,1,2.0,2.0,2,2,54.0,54.0,54,54,272,0.003676470588235294
philadelphia-eagles,Philadelphia Eagles,Caleb Tiernan,OT,1,1,1,3.0,3.0,3,3,68.0,68.0,68,68,272,0.003676470588235294
philadelphia-eagles,Philadelphia Eagles,Max Klare,TE,1,1,1,3.0,3.0,3,3,68.0,68.0,68,68,272,0.003676470588235294
philadelphia-eagles,Philadelphia Eagles,Brian Parker II,OT,1,1,1,3.0,3.0,3,3,98.0,98.0,98,98,272,0.003676470588235294
philadelphia-eagles,Philadelphia Eagles,Devin Moore,CB,1,1,1,3.0,3.0,3,3,98.0,98.0,98,98,272,0.003676470588235294
philadelphia-eagles,Philadelphia Eagles,Oscar Delp,TE,1,1,1,4.0,4.0,4,4,114.0,114.0,114,114,272,0.003676470588235294
philadelphia-eagles,Philadelphia Eagles,Sam Roush,TE,1,1,1,4.0,4.0,4,4,114.0,114.0,114,114,272,0.003676470588235294
philadelphia-eagles,Philadelphia Eagles,Joe Royer,TE,1,1,1,4.0,4.0,4,4,137.0,137.0,137,137,272,0.003676470588235294
philadelphia-eagles,Philadelphia Eagles,Eli Raridon,TE,1,1,1,5.0,5.0,5,5,153.0,153.0,153,153,272,0.003676470588235294
philadelphia-eagles,Philadelphia Eagles,Matt Gulbin,IOL,1,1,1,5.0,5.0,5,5,153.0,153.0,153,153,272,0.003676470588235294
philadelphia-eagles,Philadelphia Eagles,Eric McAlister,WR,1,1,1,5.0,5.0,5,5,178.0,178.0,178,178,272,0.003676470588235294
philadelphia-eagles,Philadelphia Eagles,Aaron Anderson,WR,1,1,1,6.0,6.0,6,6,197.0,197.0,197,197,272,0.003676470588235294
philadelphia-eagles,Philadelphia Eagles,Pat Coogan,IOL,1,1,1,6.0,6.0,6,6,197.0,197.0,197,197,272,0.003676470588235294
pittsburgh-steelers,Pittsburgh Steelers,Olaivavega Ioane,IOL,38,38,37,1.0,1.0,1,1,20.55263157894737,21.0,12,21,276,0.13768115942028986
pittsburgh-steelers,Pittsburgh Steelers,Ty Simpson,QB,28,26,26,1.0357142857142858,1.0,1,2,22.214285714285715,21.0,21,53,276,0.10144927536231885
pittsburgh-steelers,Pittsburgh Steelers,Omar Cooper Jr.,WR,26,25,25,1.0,1.0,1,1,20.807692307692307,21.0,16,21,276,0.09420289855072464
pittsburgh-steelers,Pittsburgh Steelers,Monroe Freeling,OT,20,17,17,1.0,1.0,1,1,20.45,21.0,15,21,276,0.07246376811594203
pittsburgh-steelers,Pittsburgh Steelers,Kadyn Proctor,OT,19,19,19,1.0,1.0,1,1,20.736842105263158,21.0,16,21,276,0.06884057971014493
pittsburgh-steelers,Pittsburgh Steelers,Blake Miller,OT,17,14,14,1.0,1.0,1,1,21.0,21.0,21,21,276,0.06159420289855073
pittsburgh-steelers,Pittsburgh Steelers,Kevin Concepcion,WR,17,17,17,1.0,1.0,1,1,21.0,21.0,21,21,276,0.06159420289855073
pittsburgh-steelers,Pittsburgh Steelers,Caleb Lomu,OT,10,10,10,1.0,1.0,1,1,21.0,21.0,21,21,276,0.036231884057971016
pittsburgh-steelers,Pittsburgh Steelers,Makai Lemon,WR,10,10,10,1.0,1.0,1,1,18.9,21.0,12,21,276,0.036231884057971016
pittsburgh-steelers,Pittsburgh Steelers,Spencer Fano,OT,9,9,9,1.0,1.0,1,1,20.666666666666668,21.0,15,24,276,0.03260869565217391
pittsburgh-steelers,Pittsburgh Steelers,Emmanuel McNeil-Warren,S,8,8,8,1.0,1.0,1,1,21.25,21.0,21,23,276,0.028985507246376812
pittsburgh-steelers,Pittsburgh Steelers,Jordyn Tyson,WR,8,8,8,1.0,1.0,1,1,19.25,21.0,13,21,276,0.028985507246376812
pittsburgh-steelers,Pittsburgh Steelers,Denzel Boston,WR,6,6,6,1.0,1.0,1,1,22.333333333333332,21.0,21,29,276,0.021739130434782608
pittsburgh-steelers,Pittsburgh Steelers,Kayden McDonald,DL,5,5,5,1.0,1.0,1,1,22.8,21.0,21,30,276,0.018115942028985508
pittsburgh-steelers,Pittsburgh Steelers,T.J. Parker,EDGE,4,4,4,1.0,1.0,1,1,21.0,21.0,21,21,276,0.014492753623188406
pittsburgh-steelers,Pittsburgh Steelers,Avieon Terrell,CB,3,3,3,1.0,1.0,1,1,21.0,21.0,21,21,276,0.010869565217391304
pittsburgh-steelers,Pittsburgh Steelers,C.J. Allen,LB,3,3,3,1.0,1.0,1,1,21.0,21.0,21,21,276,0.010869565217391304
pittsburgh-steelers,Pittsburgh Steelers,Francis Mauigoa,OT,3,3,3,1.0,1.0,1,1,19.0,21.0,15,21,276,0.010869565217391304
pittsburgh-steelers,Pittsburgh Steelers,Max Iheanachor,OT,3,3,3,1.0,1.0,1,1,21.0,21.0,21,21,276,0.010869565217391304
pittsburgh-steelers,Pittsburgh Steelers,Dillon Thieneman,S,2,2,2,1.0,1.0,1,1,21.0,21.0,21,21,276,0.007246376811594203
pittsburgh-steelers,Pittsburgh Steelers,Emmanuel Pregnon,IOL,2,2,2,1.0,1.0,1,1,21.0,21.0,21,21,276,0.007246376811594203
pittsburgh-steelers,Pittsburgh Steelers,Keldric Faulk,EDGE,2,2,2,1.0,1.0,1,1,21.0,21.0,21,21,276,0.007246376811594203
pittsburgh-steelers,Pittsburgh Steelers,Caleb Downs,S,1,1,1,1.0,1.0,1,1,13.0,13.0,13,13,276,0.0036231884057971015
pittsburgh-steelers,Pittsburgh Steelers,Akheem Mesidor,EDGE,1,1,1,1.0,1.0,1,1,21.0,21.0,21,21,276,0.0036231884057971015
pittsburgh-steelers,Pittsburgh Steelers,Caleb Banks,DL,1,1,1,1.0,1.0,1,1,21.0,21.0,21,21,276,0.0036231884057971015
pittsburgh-steelers,Pittsburgh Steelers,Chase Bisontis,IOL,1,1,1,1.0,1.0,1,1,21.0,21.0,21,21,276,0.0036231884057971015
pittsburgh-steelers,Pittsburgh Steelers,Chris Johnson,CB,1,1,1,1.0,1.0,1,1,21.0,21.0,21,21,276,0.0036231884057971015
pittsburgh-steelers,Pittsburgh Steelers,Colton Hood,CB,1,1,1,1.0,1.0,1,1,21.0,21.0,21,21,276,0.0036231884057971015
pittsburgh-steelers,Pittsburgh Steelers,Drew Shelton,OT,1,1,1,1.0,1.0,1,1,21.0,21.0,21,21,276,0.0036231884057971015
pittsburgh-steelers,Pittsburgh Steelers,Jacob Rodriguez,LB,1,1,1,1.0,1.0,1,1,21.0,21.0,21,21,276,0.0036231884057971015
pittsburgh-steelers,Pittsburgh Steelers,Josiah Trotter,LB,1,1,1,1.0,1.0,1,1,21.0,21.0,21,21,276,0.0036231884057971015
pittsburgh-steelers,Pittsburgh Steelers,Kenyon Sadiq,TE,1,1,1,1.0,1.0,1,1,21.0,21.0,21,21,276,0.0036231884057971015
pittsburgh-steelers,Pittsburgh Steelers,Peter Woods,DL,1,1,1,1.0,1.0,1,1,21.0,21.0,21,21,276,0.0036231884057971015
pittsburgh-steelers,Pittsburgh Steelers,Zion Young,EDGE,1,1,1,1.0,1.0,1,1,21.0,21.0,21,21,276,0.0036231884057971015
pittsburgh-steelers,Pittsburgh Steelers,Chris Bell,WR,1,1,1,2.0,2.0,2,2,53.0,53.0,53,53,276,0.0036231884057971015
pittsburgh-steelers,Pittsburgh Steelers,Connor Lew,IOL,1,1,1,3.0,3.0,3,3,76.0,76.0,76,76,276,0.0036231884057971015
pittsburgh-steelers,Pittsburgh Steelers,Elijah Sarratt,WR,1,1,1,3.0,3.0,3,3,76.0,76.0,76,76,276,0.0036231884057971015
pittsburgh-steelers,Pittsburgh Steelers,Bryce Lance,WR,1,1,1,3.0,3.0,3,3,85.0,85.0,85,85,276,0.0036231884057971015
pittsburgh-steelers,Pittsburgh Steelers,Jalon Kilgore,S,1,1,1,3.0,3.0,3,3,85.0,85.0,85,85,276,0.0036231884057971015
pittsburgh-steelers,Pittsburgh Steelers,Chandler Rivers,CB,1,1,1,3.0,3.0,3,3,99.0,99.0,99,99,276,0.0036231884057971015
pittsburgh-steelers,Pittsburgh Steelers,Daylen Everette,CB,1,1,1,3.0,3.0,3,3,99.0,99.0,99,99,276,0.0036231884057971015
pittsburgh-steelers,Pittsburgh Steelers,Bryce Boettcher,LB,1,1,1,4.0,4.0,4,4,121.0,121.0,121,121,276,0.0036231884057971015
pittsburgh-steelers,Pittsburgh Steelers,Hezekiah Masses,CB,1,1,1,4.0,4.0,4,4,121.0,121.0,121,121,276,0.0036231884057971015
pittsburgh-steelers,Pittsburgh Steelers,Ephesians Prysock,CB,1,1,1,4.0,4.0,4,4,135.0,135.0,135,135,276,0.0036231884057971015
pittsburgh-steelers,Pittsburgh Steelers,Kage Casey,OT,1,1,1,4.0,4.0,4,4,135.0,135.0,135,135,276,0.0036231884057971015
pittsburgh-steelers,Pittsburgh Steelers,Ar'maj Reed-Adams,IOL,1,1,1,5.0,5.0,5,5,161.0,161.0,161,161,276,0.0036231884057971015
pittsburgh-steelers,Pittsburgh Steelers,Carson Beck,QB,1,1,1,5.0,5.0,5,5,161.0,161.0,161,161,276,0.0036231884057971015
pittsburgh-steelers,Pittsburgh Steelers,Enrique Cruz Jr.,OT,1,1,1,6.0,6.0,6,6,216.0,216.0,216,216,276,0.0036231884057971015
pittsburgh-steelers,Pittsburgh Steelers,Owen Heinecke,LB,1,1,1,6.0,6.0,6,6,216.0,216.0,216,216,276,0.0036231884057971015
pittsburgh-steelers,Pittsburgh Steelers,Eric Rivers,WR,1,1,1,7.0,7.0,7,7,224.0,224.0,224,224,276,0.0036231884057971015
pittsburgh-steelers,Pittsburgh Steelers,George Gumbs Jr.,EDGE,1,1,1,7.0,7.0,7,7,224.0,224.0,224,224,276,0.0036231884057971015
pittsburgh-steelers,Pittsburgh Steelers,Nolan Rucci,OT,1,1,1,7.0,7.0,7,7,230.0,230.0,230,230,276,0.0036231884057971015
pittsburgh-steelers,Pittsburgh Steelers,Toriano Pride,CB,1,1,1,7.0,7.0,7,7,230.0,230.0,230,230,276,0.0036231884057971015
pittsburgh-steelers,Pittsburgh Steelers,Cole Wisniewski,S,1,1,1,7.0,7.0,7,7,237.0,237.0,237,237,276,0.0036231884057971015
pittsburgh-steelers,Pittsburgh Steelers,Eric Gentry,LB,1,1,1,7.0,7.0,7,7,237.0,237.0,237,237,276,0.0036231884057971015
san-francisco-49ers,San Francisco 49ers,Caleb Lomu,OT,59,58,58,1.0,1.0,1,1,27.0,27.0,27,27,262,0.22519083969465647
san-francisco-49ers,San Francisco 49ers,Kevin Concepcion,WR,21,21,21,1.0,1.0,1,1,27.0,27.0,27,27,262,0.08015267175572519
san-francisco-49ers,San Francisco 49ers,Max Iheanachor,OT,21,21,21,1.0,1.0,1,1,27.0,27.0,27,27,262,0.08015267175572519
san-francisco-49ers,San Francisco 49ers,Omar Cooper Jr.,WR,15,15,14,1.0,1.0,1,1,26.866666666666667,27.0,25,27,262,0.05725190839694656
san-francisco-49ers,San Francisco 49ers,Blake Miller,OT,14,14,14,1.0,1.0,1,1,27.285714285714285,27.0,27,31,262,0.05343511450381679
san-francisco-49ers,San Francisco 49ers,Kadyn Proctor,OT,14,12,12,1.0,1.0,1,1,27.0,27.0,27,27,262,0.05343511450381679
san-francisco-49ers,San Francisco 49ers,T.J. Parker,EDGE,11,9,9,1.0,1.0,1,1,27.0,27.0,27,27,262,0.04198473282442748
san-francisco-49ers,San Francisco 49ers,Keldric Faulk,EDGE,10,10,10,1.0,1.0,1,1,27.0,27.0,27,27,262,0.03816793893129771
san-francisco-49ers,San Francisco 49ers,Akheem Mesidor,EDGE,9,8,8,1.0,1.0,1,1,27.0,27.0,27,27,262,0.03435114503816794
san-francisco-49ers,San Francisco 49ers,Cashius Howell,EDGE,9,8,8,1.0,1.0,1,1,27.0,27.0,27,27,262,0.03435114503816794
san-francisco-49ers,San Francisco 49ers,Emmanuel McNeil-Warren,S,7,7,7,1.0,1.0,1,1,27.0,27.0,27,27,262,0.026717557251908396
san-francisco-49ers,San Francisco 49ers,Malachi Lawrence,EDGE,7,7,7,1.0,1.0,1,1,27.0,27.0,27,27,262,0.026717557251908396
san-francisco-49ers,San Francisco 49ers,Denzel Boston,WR,6,6,6,1.0,1.0,1,1,27.0,27.0,27,27,262,0.022900763358778626
san-francisco-49ers,San Francisco 49ers,Kenyon Sadiq,TE,6,6,6,1.0,1.0,1,1,27.0,27.0,27,27,262,0.022900763358778626
san-francisco-49ers,San Francisco 49ers,Avieon Terrell,CB,5,5,5,1.0,1.0,1,1,27.0,27.0,27,27,262,0.019083969465648856
san-francisco-49ers,San Francisco 49ers,Monroe Freeling,OT,5,5,5,1.0,1.0,1,1,27.0,27.0,27,27,262,0.019083969465648856
san-francisco-49ers,San Francisco 49ers,Zion Young,EDGE,5,4,4,1.0,1.0,1,1,27.0,27.0,27,27,262,0.019083969465648856
san-francisco-49ers,San Francisco 49ers,Colton Hood,CB,3,3,3,1.0,1.0,1,1,27.0,27.0,27,27,262,0.011450381679389313
san-francisco-49ers,San Francisco 49ers,Jermod McCoy,CB,3,3,3,1.0,1.0,1,1,27.0,27.0,27,27,262,0.011450381679389313
san-francisco-49ers,San Francisco 49ers,Peter Woods,DL,3,3,3,1.0,1.0,1,1,27.0,27.0,27,27,262,0.011450381679389313
san-francisco-49ers,San Francisco 49ers,Jordyn Tyson,WR,2,2,2,1.0,1.0,1,1,24.5,24.5,22,27,262,0.007633587786259542
san-francisco-49ers,San Francisco 49ers,Brandon Cisse,CB,2,2,2,1.0,1.0,1,1,27.0,27.0,27,27,262,0.007633587786259542
san-francisco-49ers,San Francisco 49ers,Chris Johnson,CB,2,2,2,1.0,1.0,1,1,27.0,27.0,27,27,262,0.007633587786259542
san-francisco-49ers,San Francisco 49ers,Emmanuel Pregnon,IOL,2,2,2,1.0,1.0,1,1,27.0,27.0,27,27,262,0.007633587786259542
san-francisco-49ers,San Francisco 49ers,Isaiah World,OT,2,1,1,4.0,4.0,4,4,138.0,138.0,138,138,262,0.007633587786259542
san-francisco-49ers,San Francisco 49ers,Caleb Downs,S,1,1,1,1.0,1.0,1,1,6.0,6.0,6,6,262,0.003816793893129771
san-francisco-49ers,San Francisco 49ers,David Bailey,EDGE,1,1,1,1.0,1.0,1,1,6.0,6.0,6,6,262,0.003816793893129771
san-francisco-49ers,San Francisco 49ers,Caleb Banks,DL,1,1,1,1.0,1.0,1,1,27.0,27.0,27,27,262,0.003816793893129771
san-francisco-49ers,San Francisco 49ers,Chase Bisontis,IOL,1,1,1,1.0,1.0,1,1,27.0,27.0,27,27,262,0.003816793893129771
san-francisco-49ers,San Francisco 49ers,D'angelo Ponds,CB,1,1,1,1.0,1.0,1,1,27.0,27.0,27,27,262,0.003816793893129771
san-francisco-49ers,San Francisco 49ers,Francis Mauigoa,OT,1,1,1,1.0,1.0,1,1,27.0,27.0,27,27,262,0.003816793893129771
san-francisco-49ers,San Francisco 49ers,Kayden McDonald,DL,1,1,1,1.0,1.0,1,1,27.0,27.0,27,27,262,0.003816793893129771
san-francisco-49ers,San Francisco 49ers,Makai Lemon,WR,1,1,1,1.0,1.0,1,1,27.0,27.0,27,27,262,0.003816793893129771
san-francisco-49ers,San Francisco 49ers,Olaivavega Ioane,IOL,1,1,1,1.0,1.0,1,1,27.0,27.0,27,27,262,0.003816793893129771
san-francisco-49ers,San Francisco 49ers,R Mason Thomas,EDGE,1,1,1,1.0,1.0,1,1,27.0,27.0,27,27,262,0.003816793893129771
san-francisco-49ers,San Francisco 49ers,Spencer Fano,OT,1,1,1,1.0,1.0,1,1,27.0,27.0,27,27,262,0.003816793893129771
san-francisco-49ers,San Francisco 49ers,A.J. Haulcy,S,1,1,1,2.0,2.0,2,2,58.0,58.0,58,58,262,0.003816793893129771
san-francisco-49ers,San Francisco 49ers,Germie Bernard,WR,1,1,1,2.0,2.0,2,2,58.0,58.0,58,58,262,0.003816793893129771
san-francisco-49ers,San Francisco 49ers,Austin Barber,OT,1,1,1,4.0,4.0,4,4,127.0,127.0,127,127,262,0.003816793893129771
san-francisco-49ers,San Francisco 49ers,Zane Durant,DL,1,1,1,4.0,4.0,4,4,127.0,127.0,127,127,262,0.003816793893129771
san-francisco-49ers,San Francisco 49ers,Ephesians Prysock,CB,1,1,1,4.0,4.0,4,4,133.0,133.0,133,133,262,0.003816793893129771
san-francisco-49ers,San Francisco 49ers,Trey Zuhn III,OT,1,1,1,4.0,4.0,4,4,133.0,133.0,133,133,262,0.003816793893129771
san-francisco-49ers,San Francisco 49ers,Drew Shelton,OT,1,1,1,4.0,4.0,4,4,139.0,139.0,139,139,262,0.003816793893129771
san-francisco-49ers,San Francisco 49ers,Rayshaun Benny,DL,1,1,1,4.0,4.0,4,4,139.0,139.0,139,139,262,0.003816793893129771
seattle-seahawks,Seattle Seahawks,Jadarian Price,RB,39,36,36,1.0,1.0,1,1,32.0,32.0,32,32,236,0.1652542372881356
seattle-seahawks,Seattle Seahawks,Colton Hood,CB,37,35,34,1.0,1.0,1,1,32.0,32.0,32,32,236,0.15677966101694915
seattle-seahawks,Seattle Seahawks,Chris Johnson,CB,21,18,18,1.0,1.0,1,1,32.0,32.0,32,32,236,0.08898305084745763
seattle-seahawks,Seattle Seahawks,Avieon Terrell,CB,20,20,20,1.0,1.0,1,1,32.0,32.0,32,32,236,0.0847457627118644
seattle-seahawks,Seattle Seahawks,Cashius Howell,EDGE,15,15,15,1.0,1.0,1,1,32.0,32.0,32,32,236,0.0635593220338983
seattle-seahawks,Seattle Seahawks,Brandon Cisse,CB,12,12,12,1.0,1.0,1,1,32.0,32.0,32,32,236,0.05084745762711865
seattle-seahawks,Seattle Seahawks,T.J. Parker,EDGE,9,8,8,1.0,1.0,1,1,32.0,32.0,32,32,236,0.038135593220338986
seattle-seahawks,Seattle Seahawks,Chase Bisontis,IOL,7,7,7,1.0,1.0,1,1,32.0,32.0,32,32,236,0.029661016949152543
seattle-seahawks,Seattle Seahawks,Emmanuel McNeil-Warren,S,5,5,5,1.0,1.0,1,1,32.0,32.0,32,32,236,0.0211864406779661
seattle-seahawks,Seattle Seahawks,Peter Woods,DL,5,3,3,1.0,1.0,1,1,32.0,32.0,32,32,236,0.0211864406779661
seattle-seahawks,Seattle Seahawks,C.J. Allen,LB,4,3,3,1.0,1.0,1,1,32.0,32.0,32,32,236,0.01694915254237288
seattle-seahawks,Seattle Seahawks,Jermod McCoy,CB,4,4,4,1.0,1.0,1,1,32.0,32.0,32,32,236,0.01694915254237288
seattle-seahawks,Seattle Seahawks,Kevin Concepcion,WR,4,4,4,1.0,1.0,1,1,32.0,32.0,32,32,236,0.01694915254237288
seattle-seahawks,Seattle Seahawks,Malachi Lawrence,EDGE,4,4,4,1.0,1.0,1,1,32.0,32.0,32,32,236,0.01694915254237288
seattle-seahawks,Seattle Seahawks,Mike Washington Jr.,RB,4,4,4,1.5,1.0,1,3,48.0,32.0,32,96,236,0.01694915254237288
seattle-seahawks,Seattle Seahawks,R Mason Thomas,EDGE,4,4,4,1.0,1.0,1,1,32.0,32.0,32,32,236,0.01694915254237288
seattle-seahawks,Seattle Seahawks,Zion Young,EDGE,4,4,4,1.0,1.0,1,1,32.0,32.0,32,32,236,0.01694915254237288
seattle-seahawks,Seattle Seahawks,Akheem Mesidor,EDGE,3,3,3,1.0,1.0,1,1,32.0,32.0,32,32,236,0.012711864406779662
seattle-seahawks,Seattle Seahawks,Emmanuel Pregnon,IOL,3,3,3,1.0,1.0,1,1,32.0,32.0,32,32,236,0.012711864406779662
seattle-seahawks,Seattle Seahawks,Keldric Faulk,EDGE,3,3,3,1.0,1.0,1,1,32.0,32.0,32,32,236,0.012711864406779662
seattle-seahawks,Seattle Seahawks,Treydan Stukes,CB,3,3,3,1.0,1.0,1,1,32.0,32.0,32,32,236,0.012711864406779662
seattle-seahawks,Seattle Seahawks,Jeremiyah Love,RB,2,2,2,1.0,1.0,1,1,1.0,1.0,1,1,236,0.00847457627118644
seattle-seahawks,Seattle Seahawks,Anthony Hill Jr.,LB,2,2,2,1.0,1.0,1,1,32.0,32.0,32,32,236,0.00847457627118644
seattle-seahawks,Seattle Seahawks,Dillon Thieneman,S,2,2,2,1.0,1.0,1,1,32.0,32.0,32,32,236,0.00847457627118644
seattle-seahawks,Seattle Seahawks,Germie Bernard,WR,2,1,1,1.0,1.0,1,1,32.0,32.0,32,32,236,0.00847457627118644
seattle-seahawks,Seattle Seahawks,Kayden McDonald,DL,2,2,2,1.0,1.0,1,1,32.0,32.0,32,32,236,0.00847457627118644
seattle-seahawks,Seattle Seahawks,Keylan Rutledge,IOL,2,2,2,1.0,1.0,1,1,32.0,32.0,32,32,236,0.00847457627118644
seattle-seahawks,Seattle Seahawks,Billy Schrauth,IOL,1,1,1,1.0,1.0,1,1,32.0,32.0,32,32,236,0.00423728813559322
seattle-seahawks,Seattle Seahawks,Chris Bell,WR,1,1,1,1.0,1.0,1,1,32.0,32.0,32,32,236,0.00423728813559322
seattle-seahawks,Seattle Seahawks,D'angelo Ponds,CB,1,1,1,1.0,1.0,1,1,32.0,32.0,32,32,236,0.00423728813559322
seattle-seahawks,Seattle Seahawks,Eli Stowers,TE,1,1,1,1.0,1.0,1,1,32.0,32.0,32,32,236,0.00423728813559322
seattle-seahawks,Seattle Seahawks,Jaydn Ott,RB,1,1,1,1.0,1.0,1,1,32.0,32.0,32,32,236,0.00423728813559322
seattle-seahawks,Seattle Seahawks,Josiah Trotter,LB,1,1,1,1.0,1.0,1,1,32.0,32.0,32,32,236,0.00423728813559322
seattle-seahawks,Seattle Seahawks,Kadyn Proctor,OT,1,1,1,1.0,1.0,1,1,32.0,32.0,32,32,236,0.00423728813559322
seattle-seahawks,Seattle Seahawks,Lee Hunter,DL,1,1,1,1.0,1.0,1,1,32.0,32.0,32,32,236,0.00423728813559322
seattle-seahawks,Seattle Seahawks,Max Iheanachor,OT,1,1,1,1.0,1.0,1,1,32.0,32.0,32,32,236,0.00423728813559322
seattle-seahawks,Seattle Seahawks,Antonio Williams,WR,1,1,1,2.0,2.0,2,2,64.0,64.0,64,64,236,0.00423728813559322
seattle-seahawks,Seattle Seahawks,Keith Abney II,CB,1,1,1,2.0,2.0,2,2,64.0,64.0,64,64,236,0.00423728813559322
seattle-seahawks,Seattle Seahawks,Jake Slaughter,IOL,1,1,1,3.0,3.0,3,3,96.0,96.0,96,96,236,0.00423728813559322
seattle-seahawks,Seattle Seahawks,Jeff Caldwell,WR,1,1,1,6.0,6.0,6,6,188.0,188.0,188,188,236,0.00423728813559322
seattle-seahawks,Seattle Seahawks,Logan Taylor,IOL,1,1,1,6.0,6.0,6,6,188.0,188.0,188,188,236,0.00423728813559322
tampa-bay-buccaneers,Tampa Bay Buccaneers,Akheem Mesidor,EDGE,79,74,73,1.0,1.0,1,1,15.430379746835444,15.0,15,23,273,0.2893772893772894
tampa-bay-buccaneers,Tampa Bay Buccaneers,Kenyon Sadiq,TE,55,52,52,1.0,1.0,1,1,14.909090909090908,15.0,10,15,273,0.20146520146520147
tampa-bay-buccaneers,Tampa Bay Buccaneers,Keldric Faulk,EDGE,39,36,36,1.0,1.0,1,1,15.256410256410257,15.0,13,23,273,0.14285714285714285
tampa-bay-buccaneers,Tampa Bay Buccaneers,Olaivavega Ioane,IOL,19,19,19,1.0,1.0,1,1,15.0,15.0,15,15,273,0.0695970695970696
tampa-bay-buccaneers,Tampa Bay Buccaneers,Jermod McCoy,CB,18,18,18,1.0,1.0,1,1,15.0,15.0,15,15,273,0.06593406593406594
tampa-bay-buccaneers,Tampa Bay Buccaneers,C.J. Allen,LB,9,8,8,1.0,1.0,1,1,17.555555555555557,15.0,15,32,273,0.03296703296703297
tampa-bay-buccaneers,Tampa Bay Buccaneers,Jordyn Tyson,WR,6,6,6,1.0,1.0,1,1,15.0,15.0,15,15,273,0.02197802197802198
tampa-bay-buccaneers,Tampa Bay Buccaneers,Mansoor Delane,CB,6,6,6,1.0,1.0,1,1,14.333333333333334,15.0,11,15,273,0.02197802197802198
tampa-bay-buccaneers,Tampa Bay Buccaneers,Rueben Bain,EDGE,4,4,4,1.0,1.0,1,1,9.25,8.0,6,15,273,0.014652014652014652
tampa-bay-buccaneers,Tampa Bay Buccaneers,Malachi Lawrence,EDGE,4,4,4,1.0,1.0,1,1,16.5,15.0,15,21,273,0.014652014652014652
tampa-bay-buccaneers,Tampa Bay Buccaneers,Cashius Howell,EDGE,3,3,3,1.0,1.0,1,1,15.0,15.0,15,15,273,0.01098901098901099
tampa-bay-buccaneers,Tampa Bay Buccaneers,T.J. Parker,EDGE,3,3,3,1.0,1.0,1,1,15.0,15.0,15,15,273,0.01098901098901099
tampa-bay-buccaneers,Tampa Bay Buccaneers,Zion Young,EDGE,3,3,3,1.0,1.0,1,1,18.0,15.0,15,24,273,0.01098901098901099
tampa-bay-buccaneers,Tampa Bay Buccaneers,Avieon Terrell,CB,2,2,2,1.0,1.0,1,1,15.0,15.0,15,15,273,0.007326007326007326
tampa-bay-buccaneers,Tampa Bay Buccaneers,Sonny Styles,LB,2,1,1,1.0,1.0,1,1,15.0,15.0,15,15,273,0.007326007326007326
tampa-bay-buccaneers,Tampa Bay Buccaneers,David Bailey,EDGE,1,1,1,1.0,1.0,1,1,15.0,15.0,15,15,273,0.003663003663003663
tampa-bay-buccaneers,Tampa Bay Buccaneers,Emmanuel McNeil-Warren,S,1,1,1,1.0,1.0,1,1,15.0,15.0,15,15,273,0.003663003663003663
tampa-bay-buccaneers,Tampa Bay Buccaneers,Jeremiyah Love,RB,1,1,1,1.0,1.0,1,1,15.0,15.0,15,15,273,0.003663003663003663
tampa-bay-buccaneers,Tampa Bay Buccaneers,Makai Lemon,WR,1,1,1,1.0,1.0,1,1,15.0,15.0,15,15,273,0.003663003663003663
tampa-bay-buccaneers,Tampa Bay Buccaneers,Omar Cooper Jr.,WR,1,1,1,1.0,1.0,1,1,15.0,15.0,15,15,273,0.003663003663003663
tampa-bay-buccaneers,Tampa Bay Buccaneers,Spencer Fano,OT,1,1,1,1.0,1.0,1,1,15.0,15.0,15,15,273,0.003663003663003663
tampa-bay-buccaneers,Tampa Bay Buccaneers,Ty Simpson,QB,1,1,1,1.0,1.0,1,1,15.0,15.0,15,15,273,0.003663003663003663
tampa-bay-buccaneers,Tampa Bay Buccaneers,Colton Hood,CB,1,1,1,1.0,1.0,1,1,25.0,25.0,25,25,273,0.003663003663003663
tampa-bay-buccaneers,Tampa Bay Buccaneers,Jacob Rodriguez,LB,1,1,1,1.0,1.0,1,1,30.0,30.0,30,30,273,0.003663003663003663
tampa-bay-buccaneers,Tampa Bay Buccaneers,Chase Bisontis,IOL,1,1,1,2.0,2.0,2,2,46.0,46.0,46,46,273,0.003663003663003663
tampa-bay-buccaneers,Tampa Bay Buccaneers,Emmanuel Pregnon,IOL,1,1,1,2.0,2.0,2,2,46.0,46.0,46,46,273,0.003663003663003663
tampa-bay-buccaneers,Tampa Bay Buccaneers,Davison Igbinosun,CB,1,1,1,3.0,3.0,3,3,77.0,77.0,77,77,273,0.003663003663003663
tampa-bay-buccaneers,Tampa Bay Buccaneers,Kyle Louis,LB,1,1,1,3.0,3.0,3,3,77.0,77.0,77,77,273,0.003663003663003663
tampa-bay-buccaneers,Tampa Bay Buccaneers,Jalen Farmer,IOL,1,1,1,4.0,4.0,4,4,116.0,116.0,116,116,273,0.003663003663003663
tampa-bay-buccaneers,Tampa Bay Buccaneers,Markel Bell,OT,1,1,1,4.0,4.0,4,4,116.0,116.0,116,116,273,0.003663003663003663
tampa-bay-buccaneers,Tampa Bay Buccaneers,J.C. Davis,OT,1,1,1,5.0,5.0,5,5,155.0,155.0,155,155,273,0.003663003663003663
tampa-bay-buccaneers,Tampa Bay Buccaneers,Matt Gulbin,IOL,1,1,1,5.0,5.0,5,5,155.0,155.0,155,155,273,0.003663003663003663
tampa-bay-buccaneers,Tampa Bay Buccaneers,Febechi Nwaiwu,IOL,1,1,1,6.0,6.0,6,6,195.0,195.0,195,195,273,0.003663003663003663
tampa-bay-buccaneers,Tampa Bay Buccaneers,Nolan Rucci,OT,1,1,1,6.0,6.0,6,6,195.0,195.0,195,195,273,0.003663003663003663
tampa-bay-buccaneers,Tampa Bay Buccaneers,Desmond Reid,RB,1,1,1,7.0,7.0,7,7,229.0,229.0,229,229,273,0.003663003663003663
tampa-bay-buccaneers,Tampa Bay Buccaneers,Robert Henry Jr.,RB,1,1,1,7.0,7.0,7,7,229.0,229.0,229,229,273,0.003663003663003663
tennessee-titans,Tennessee Titans,Jeremiyah Love,RB,157,141,140,1.0,1.0,1,1,4.050955414012739,4.0,3,10,299,0.5250836120401338
tennessee-titans,Tennessee Titans,David Bailey,EDGE,39,38,36,1.0,1.0,1,1,4.0,4.0,4,4,299,0.13043478260869565
tennessee-titans,Tennessee Titans,Sonny Styles,LB,31,30,30,1.0,1.0,1,1,4.354838709677419,4.0,4,10,299,0.10367892976588629
tennessee-titans,Tennessee Titans,Rueben Bain,EDGE,15,15,14,1.0,1.0,1,1,4.533333333333333,4.0,4,12,299,0.05016722408026756
tennessee-titans,Tennessee Titans,Arvell Reese,LB,12,12,12,1.0,1.0,1,1,4.0,4.0,4,4,299,0.04013377926421405
tennessee-titans,Tennessee Titans,Carnell Tate,WR,12,12,12,1.0,1.0,1,1,4.666666666666667,4.0,4,12,299,0.04013377926421405
tennessee-titans,Tennessee Titans,Spencer Fano,OT,3,3,3,1.0,1.0,1,1,6.666666666666667,4.0,4,12,299,0.010033444816053512
tennessee-titans,Tennessee Titans,Francis Mauigoa,OT,2,2,2,1.0,1.0,1,1,4.0,4.0,4,4,299,0.006688963210702341
tennessee-titans,Tennessee Titans,Makai Lemon,WR,2,2,2,1.0,1.0,1,1,8.5,8.5,4,13,299,0.006688963210702341
tennessee-titans,Tennessee Titans,Olaivavega Ioane,IOL,2,2,2,1.0,1.0,1,1,12.0,12.0,4,20,299,0.006688963210702341
tennessee-titans,Tennessee Titans,Cashius Howell,EDGE,2,2,2,1.0,1.0,1,1,26.0,26.0,20,32,299,0.006688963210702341
tennessee-titans,Tennessee Titans,Nick Singleton,RB,2,1,1,5.0,5.0,5,5,142.0,142.0,142,142,299,0.006688963210702341
tennessee-titans,Tennessee Titans,Caleb Downs,S,1,1,1,1.0,1.0,1,1,4.0,4.0,4,4,299,0.0033444816053511705
tennessee-titans,Tennessee Titans,Mansoor Delane,CB,1,1,1,1.0,1.0,1,1,4.0,4.0,4,4,299,0.0033444816053511705
tennessee-titans,Tennessee Titans,Jordyn Tyson,WR,1,1,1,1.0,1.0,1,1,12.0,12.0,12,12,299,0.0033444816053511705
tennessee-titans,Tennessee Titans,Akheem Mesidor,EDGE,1,1,1,1.0,1.0,1,1,20.0,20.0,20,20,299,0.0033444816053511705
tennessee-titans,Tennessee Titans,T.J. Parker,EDGE,1,1,1,1.0,1.0,1,1,29.0,29.0,29,29,299,0.0033444816053511705
tennessee-titans,Tennessee Titans,Anthony Hill Jr.,LB,1,1,1,1.0,1.0,1,1,32.0,32.0,32,32,299,0.0033444816053511705
tennessee-titans,Tennessee Titans,Brandon Cisse,CB,1,1,1,2.0,2.0,2,2,35.0,35.0,35,35,299,0.0033444816053511705
tennessee-titans,Tennessee Titans,Zion Young,EDGE,1,1,1,2.0,2.0,2,2,35.0,35.0,35,35,299,0.0033444816053511705
tennessee-titans,Tennessee Titans,Malachi Fields,WR,1,1,1,3.0,3.0,3,3,66.0,66.0,66,66,299,0.0033444816053511705
tennessee-titans,Tennessee Titans,Treydan Stukes,CB,1,1,1,3.0,3.0,3,3,66.0,66.0,66,66,299,0.0033444816053511705
tennessee-titans,Tennessee Titans,Darrell Jackson Jr.,DL,1,1,1,4.0,4.0,4,4,101.0,101.0,101,101,299,0.0033444816053511705
tennessee-titans,Tennessee Titans,Deontae Lawson,LB,1,1,1,4.0,4.0,4,4,101.0,101.0,101,101,299,0.0033444816053511705
tennessee-titans,Tennessee Titans,Demond Claiborne,RB,1,1,1,5.0,5.0,5,5,144.0,144.0,144,144,299,0.0033444816053511705
tennessee-titans,Tennessee Titans,Taurean York,LB,1,1,1,5.0,5.0,5,5,144.0,144.0,144,144,299,0.0033444816053511705
tennessee-titans,Tennessee Titans,Aamil Wagner,OT,1,1,1,6.0,6.0,6,6,184.0,184.0,184,184,299,0.0033444816053511705
tennessee-titans,Tennessee Titans,Kendrick Law,WR,1,1,1,6.0,6.0,6,6,184.0,184.0,184,184,299,0.0033444816053511705
tennessee-titans,Tennessee Titans,Kaden Wetjen,WR,1,1,1,6.0,6.0,6,6,194.0,194.0,194,194,299,0.0033444816053511705
tennessee-titans,Tennessee Titans,Tanner Koziol,TE,1,1,1,6.0,6.0,6,6,194.0,194.0,194,194,299,0.0033444816053511705
tennessee-titans,Tennessee Titans,Jalen Huskey,CB,1,1,1,7.0,7.0,7,7,225.0,225.0,225,225,299,0.0033444816053511705
tennessee-titans,Tennessee Titans,Nick Barrett,DL,1,1,1,7.0,7.0,7,7,225.0,225.0,225,225,299,0.0033444816053511705
washington-commanders,Washington Commanders,Caleb Downs,S,51,48,46,1.0,1.0,1,1,7.1568627450980395,7.0,7,11,287,0.17770034843205576
washington-commanders,Washington Commanders,Jeremiyah Love,RB,48,47,46,1.0,1.0,1,1,6.75,7.0,3,7,287,0.1672473867595819
washington-commanders,Washington Commanders,Carnell Tate,WR,46,45,45,1.0,1.0,1,1,6.956521739130435,7.0,5,7,287,0.1602787456445993
washington-commanders,Washington Commanders,Sonny Styles,LB,36,35,35,1.0,1.0,1,1,6.916666666666667,7.0,4,7,287,0.1254355400696864
washington-commanders,Washington Commanders,Rueben Bain,EDGE,33,29,28,1.0,1.0,1,1,7.181818181818182,7.0,7,13,287,0.11498257839721254
washington-commanders,Washington Commanders,Mansoor Delane,CB,21,20,20,1.0,1.0,1,1,7.0,7.0,7,7,287,0.07317073170731707
washington-commanders,Washington Commanders,David Bailey,EDGE,9,9,9,1.0,1.0,1,1,7.0,7.0,7,7,287,0.0313588850174216
washington-commanders,Washington Commanders,Jordyn Tyson,WR,8,8,8,1.0,1.0,1,1,8.125,7.0,7,16,287,0.027874564459930314
washington-commanders,Washington Commanders,Makai Lemon,WR,6,6,6,1.0,1.0,1,1,8.833333333333334,8.0,7,12,287,0.020905923344947737
washington-commanders,Washington Commanders,Francis Mauigoa,OT,5,5,5,1.0,1.0,1,1,7.0,7.0,7,7,287,0.017421602787456445
washington-commanders,Washington Commanders,Arvell Reese,LB,4,4,4,1.0,1.0,1,1,7.0,7.0,7,7,287,0.013937282229965157
washington-commanders,Washington Commanders,Spencer Fano,OT,2,2,2,1.0,1.0,1,1,7.0,7.0,7,7,287,0.006968641114982578
washington-commanders,Washington Commanders,Monroe Freeling,OT,1,1,1,1.0,1.0,1,1,7.0,7.0,7,7,287,0.003484320557491289
washington-commanders,Washington Commanders,Olaivavega Ioane,IOL,1,1,1,1.0,1.0,1,1,7.0,7.0,7,7,287,0.003484320557491289
washington-commanders,Washington Commanders,Kenyon Sadiq,TE,1,1,1,1.0,1.0,1,1,14.0,14.0,14,14,287,0.003484320557491289
washington-commanders,Washington Commanders,Akheem Mesidor,EDGE,1,1,1,1.0,1.0,1,1,15.0,15.0,15,15,287,0.003484320557491289
washington-commanders,Washington Commanders,Kevin Concepcion,WR,1,1,1,1.0,1.0,1,1,16.0,16.0,16,16,287,0.003484320557491289
washington-commanders,Washington Commanders,Omar Cooper Jr.,WR,1,1,1,1.0,1.0,1,1,16.0,16.0,16,16,287,0.003484320557491289
washington-commanders,Washington Commanders,Jermod McCoy,CB,1,1,1,1.0,1.0,1,1,20.0,20.0,20,20,287,0.003484320557491289
washington-commanders,Washington Commanders,Colton Hood,CB,1,1,1,1.0,1.0,1,1,26.0,26.0,26,26,287,0.003484320557491289
washington-commanders,Washington Commanders,Davison Igbinosun,CB,1,1,1,3.0,3.0,3,3,71.0,71.0,71,71,287,0.003484320557491289
washington-commanders,Washington Commanders,Malachi Fields,WR,1,1,1,3.0,3.0,3,3,71.0,71.0,71,71,287,0.003484320557491289
washington-commanders,Washington Commanders,Demond Claiborne,RB,1,1,1,5.0,5.0,5,5,147.0,147.0,147,147,287,0.003484320557491289
washington-commanders,Washington Commanders,Tim Keenan III,DL,1,1,1,5.0,5.0,5,5,147.0,147.0,147,147,287,0.003484320557491289
washington-commanders,Washington Commanders,Tyler Onyedim,DL,1,1,1,6.0,6.0,6,6,187.0,187.0,187,187,287,0.003484320557491289
washington-commanders,Washington Commanders,Tyreak Sapp,EDGE,1,1,1,6.0,6.0,6,6,187.0,187.0,187,187,287,0.003484320557491289
washington-commanders,Washington Commanders,Andre Fuller,CB,1,1,1,6.0,6.0,6,6,209.0,209.0,209,209,287,0.003484320557491289
washington-commanders,Washington Commanders,Seth McGowan,RB,1,1,1,6.0,6.0,6,6,209.0,209.0,209,209,287,0.003484320557491289
washington-commanders,Washington Commanders,Josh Cuevas,TE,1,1,1,7.0,7.0,7,7,223.0,223.0,223,223,287,0.003484320557491289
washington-commanders,Washington Commanders,Mason Reiger,EDGE,1,1,1,7.0,7.0,7,7,223.0,223.0,223,223,287,0.003484320557491289
