section,year,cache_id,mock_relative_url,mock_absolute_url,mock_name,author_name,published_at,description,intro,external_url,rankings_url,completed_url,completion_percentage,completion_place,most_accurate,temporary_mock,scheduled_to_be_deleted,time_left_before_deletion,top_authors_count,twitter,user_mock,user_premium,selection_count,previous_mock_date_count,list_rank
mock-drafts,2026,mocks/Show-0,/mock-drafts/2026/a-to-z-sports-2026-a-j-schulte?date=2026-03-24,https://www.nflmockdraftdatabase.com/mock-drafts/2026/a-to-z-sports-2026-a-j-schulte?date=2026-03-24,A To Z Sports,A.J. Schulte,03/24/26,2026 NFL Mock Draft ,"Every day, we get closer and closer to the 2026 NFL Draft. As of the time of this writing, we are officially just one month away from Fernando Mendoza being selected first overall (spoiler alert). However, the picture becomes clearer and clearer the closer we get to the draft. Free agency has completely shifted expectations and needs for virtually every team. Fortunately, the draft has plenty of intriguing talent to address needs across the board. I take a stab at exploring where each team could go in this 3-round 2026 mock draft.",https://atozsports.com/nfl-draft/3-round-2026-nfl-mock-draft-free-agency-fallout-chiefs-rueben-bain-jr-sonny-styles-mansoor-delane-giants-fernando-mendoza-raiders-carnell-tate-dolphins/?utm_source=nflmockdraftdatabase&utm_medium=website&utm_content=read_mock_link,https://www.nflmockdraftdatabase.com/big-boards/2026/consensus-big-board-2026,https://www.nflmockdraftdatabase.com/mock-drafts/2026/final-scores,,,False,False,False,03/31/2026 11:01pm CDT,0,AJDraftScout,False,False,32,1,27.0
mock-drafts,2026,mocks/Show-0,/mock-drafts/2026/windy-city-gridiron-2026-aaron-leming,https://www.nflmockdraftdatabase.com/mock-drafts/2026/windy-city-gridiron-2026-aaron-leming,Windy City Gridiron,Aaron Leming,04/21/26,"Aaron Leming’s Full First-Round 2026 Mock Draft : In his only full first-round mock draft of the season, @AaronLemingNFL predicts all 32 picks for Thursday’s opening round.","NFL Draft week is here, and so is my lone full first-round mock draft of the cycle. With the Chicago Bears not selecting until 25, it’s been a different process this year, figuring out how a muddied crop of first-round talent stacks up against each team’s needs. Due to the ever-evolving NIL landscape in college football, the number of early-round talent declaring for the draft continues to shrink. With that said, I’ll do my best to project how the first round will go and some thoughts behind each pick. Without further delay, let’s jump into it!",https://www.windycitygridiron.com/chicago-bears-draft/114778/nfl-full-first-round-2026-mock-draft-ohio-state-texas-tech-indiana-bears?utm_source=nflmockdraftdatabase&utm_medium=website&utm_content=read_mock_link,https://www.nflmockdraftdatabase.com/big-boards/2026/consensus-big-board-2026,https://www.nflmockdraftdatabase.com/mock-drafts/2026/final-scores,,,False,False,False,04/28/2026 10:00pm CDT,0,AaronLemingNFL,False,False,32,1,
mock-drafts,2026,mocks/Show-0,/mock-drafts/2026/pro-football-network-2026-alec-elijah,https://www.nflmockdraftdatabase.com/mock-drafts/2026/pro-football-network-2026-alec-elijah,Pro Football Network,Alec Elijah,04/11/26,"7-Round 2026 NFL Mock Draft: Cowboys Make Major Trade, Kenyon Sadiq Slides : The 2026 NFL Draft is less than two weeks away, so it's the perfect time for an updated seven-round mock draft complete with trades and surprises.","The countdown is officially on for the 2026 NFL Draft, and with less than two weeks remaining, the stage is set for one final shake-up of the board. From rising prospects to late-breaking team needs, this is where projections start to take shape. With that in mind, it’s the perfect time to roll out a fully updated seven-round mock draft. Using PFSN’s Mock Draft Simulator, let’s project every single pick (and trade) of the 2026 NFL Draft.",https://www.profootballnetwork.com/2026-nfl-mock-draft-7-round-elijah-april/?utm_source=nflmockdraftdatabase&utm_medium=website&utm_content=read_mock_link,https://www.nflmockdraftdatabase.com/big-boards/2026/consensus-big-board-2026,https://www.nflmockdraftdatabase.com/mock-drafts/2026/final-scores,,,False,False,False,04/19/2026 08:53pm CDT,0,CFBAlecElijah,False,False,32,5,
mock-drafts,2026,mocks/Show-0,/mock-drafts/2026/105-3-the-fan-2026-alec-medford,https://www.nflmockdraftdatabase.com/mock-drafts/2026/105-3-the-fan-2026-alec-medford,105.3 The Fan,Alec Medford,04/16/26,"2026 NFL mock draft: Alec Medford's Round 1 predictions | 105.3 The Fan : 
<div class=","As we close in on NFL draft week, the first round of the 2026 class still feels about as clear as mud. The Cowboys are slated to make picks 12 and 20 as things stand today. Could that change in my mock? Let’s find out!",https://www.audacy.com/1053thefan/sports/dallas-cowboys/alec-medford-s-first-round-mock-draft?utm_source=nflmockdraftdatabase&utm_medium=website&utm_content=read_mock_link,https://www.nflmockdraftdatabase.com/big-boards/2026/consensus-big-board-2026,https://www.nflmockdraftdatabase.com/mock-drafts/2026/final-scores,,,False,False,False,04/23/2026 09:51pm CDT,0,AlecOnTheRadio,False,False,32,1,
mock-drafts,2026,mocks/Show-0,/mock-drafts/2026/98-5-the-sports-hub-2026-alex-barth,https://www.nflmockdraftdatabase.com/mock-drafts/2026/98-5-the-sports-hub-2026-alex-barth,98.5 The Sports Hub,Alex Barth,04/20/26,"NFL Mock Draft 3.0: The top 40 picks : Our final full NFL Mock Draft of the 2026 NFL Draft cycle, that includes a Patriots trade back and runs through the top 40 picks.","NFL Draft week is here! We'll start it off with our final NFL Mock Draft of the year which includes the first 40 picks - and one selection from the New England Patriots. We're just a few days away from the Las Vegas Raiders being on the clock, kicking off the 2026 NFL Draft. For the Patriots the wait will be a little bit longer this year (but not too long, with the NFL shortening the first-round pick timer to eight minutes). Could the wait be longer than expected though? We'll dig into that kind of scenario as we run through the first round and top of the second using all of the information that's come out throughout the process. Additionally, this Mock Draft will lead into our third and final seven-round Patriots Mock Draft, which will be posted later this week. Let's get started...",https://985thesportshub.com/2026/04/20/nfl-mock-draft-3-0-the-top-40-picks/?utm_source=nflmockdraftdatabase&utm_medium=website&utm_content=read_mock_link,https://www.nflmockdraftdatabase.com/big-boards/2026/consensus-big-board-2026,https://www.nflmockdraftdatabase.com/mock-drafts/2026/final-scores,,,False,False,False,04/27/2026 09:02am CDT,0,RealAlexBarth,False,False,32,3,
mock-drafts,2026,mocks/Show-0,/mock-drafts/2026/upi-2026-alex-butler,https://www.nflmockdraftdatabase.com/mock-drafts/2026/upi-2026-alex-butler,UPI,Alex Butler,04/22/26,"Titans get Love, Giants snag Styles in final 2026 NFL mock draft - UPI.com : Quarterback Fernando Mendoza sits atop UPI senior sports writer Alex Butler's final first-round 2026 NFL mock draft, which features five trades.","Quarterback Fernando Mendoza sits atop UPI senior sports writer Alex Butler's final first-round 2026 NFL mock draft, which features five trades. Unlike my two previous mock drafts, when Arvell Reese went No. 2 overall, I project David Bailey to land there with the New York Jets. Reese is my projected pick at No. 3 to the Arizona Cardinals. Notre Dame running back Jeremiyah Love and Ohio State linebacker Sonny Styles round out the Top 5 picks of my final mock draft. My projected first round has seven offensive linemen, seven edge rushers, six wide receivers, three cornerbacks, three safeties, two quarterbacks, two linebackers, a running back and a tight end.",https://www.upi.com/Sports_News/NFL/2026/04/22/NFL-final-mock-draft-2026-Titans-Love-Giants-Styles/8641776784431/?utm_source=nflmockdraftdatabase&utm_medium=website&utm_content=read_mock_link,https://www.nflmockdraftdatabase.com/big-boards/2026/consensus-big-board-2026,https://www.nflmockdraftdatabase.com/mock-drafts/2026/final-scores,,,False,False,False,04/29/2026 09:11am CDT,0,ALaboutSports,False,False,32,1,
mock-drafts,2026,mocks/Show-0,/mock-drafts/2026/touchdown-wire-2026-alyssa-barbieri,https://www.nflmockdraftdatabase.com/mock-drafts/2026/touchdown-wire-2026-alyssa-barbieri,Touchdown Wire,Alyssa Barbieri,04/22/26,"Three Buckeyes go in first six picks of latest 2026 NFL mock draft : In our final 2026 NFL Wires mock draft, the Dallas Cowboys make a big move with the Cleveland Browns to land a top defender.","The 2026 NFL Draft is just days away, where teams are finalizing their draft boards before things kick off in Pittsburgh on April 23. There are a number of storylines to monitor heading into the first round, including multiple teams with two first-round picks, including the New York Jets (2, 16), New York Giants (5, 10), Cleveland Browns (6, 24), Kansas City Chiefs (9, 29), Miami Dolphins (11, 30) and Dallas Cowboys (12, 20). There's been plenty of discussion about an early run on offensive tackles and a defensive-heavy first round, which could make for some interesting moves come draft night. With that in mind, we're unveiling our final NFL Wires mock draft of the 2026 offseason. Our editors made player selections for all 32 picks in the first round. Here are the results.",https://touchdownwire.usatoday.com/story/sports/nfl/touchdown/2026/04/22/nfl-mock-draft-2026-final-first-round-cowboys-browns-trade/89720719007/?utm_source=nflmockdraftdatabase&utm_medium=website&utm_content=read_mock_link,https://www.nflmockdraftdatabase.com/big-boards/2026/consensus-big-board-2026,https://www.nflmockdraftdatabase.com/mock-drafts/2026/final-scores,,,False,False,False,04/29/2026 08:35am CDT,0,AlyssaBarbieri,False,False,32,3,
mock-drafts,2026,mocks/Show-0,/mock-drafts/2026/stampede-blue-2026-andrew-aziz,https://www.nflmockdraftdatabase.com/mock-drafts/2026/stampede-blue-2026-andrew-aziz,Stampede Blue,Andrew Aziz,04/22/26,Aziz’s 2-round NFL mock draft + Colts mock draft : Andrew Aziz’s one and only mock draft of the season,A few notes: Picks are based on where I think they’ll end up and not who I think should be taken. No trades This will be my only mock draft of the season,https://www.stampedeblue.com/indianapolis-colts-draft/123598/azizs-2-round-nfl-mock-draft-colts-mock-draft?utm_source=nflmockdraftdatabase&utm_medium=website&utm_content=read_mock_link,https://www.nflmockdraftdatabase.com/big-boards/2026/consensus-big-board-2026,https://www.nflmockdraftdatabase.com/mock-drafts/2026/final-scores,,,False,False,False,04/29/2026 09:35am CDT,0,AndrewAzizSB,False,False,32,1,
mock-drafts,2026,mocks/Show-0,/mock-drafts/2026/sportsnaut-2026-andrew-buller-russ,https://www.nflmockdraftdatabase.com/mock-drafts/2026/sportsnaut-2026-andrew-buller-russ,Sportsnaut,Andrew Buller-Russ,04/11/26,"2026 NFL Mock Draft: Trades Take Over First Round of NFL Draft : With the first round less than two weeks away, it's time for a fresh take on Sportsnaut's 2026 NFL mock draft.","Since the event is less than two weeks away, it’s time for a refreshed look at a 2026 NFL mock draft, projecting each pick from 1-32. While it’s not a deep star-studded cast of prospects, there are a lot of intriguing athletes capable of making an instant impact. So, which prospects are likely to hear their names called on April 23?",https://sportsnaut.com/nfl/2026-nfl-mock-draft-trades-take-over-first-round?utm_source=nflmockdraftdatabase&utm_medium=website&utm_content=read_mock_link,https://www.nflmockdraftdatabase.com/big-boards/2026/consensus-big-board-2026,https://www.nflmockdraftdatabase.com/mock-drafts/2026/final-scores,,,False,False,False,04/18/2026 01:14pm CDT,0,Sportsnaut,False,False,32,5,
mock-drafts,2026,mocks/Show-0,/mock-drafts/2026/fantasy-alarm-2026-andrew-cooper,https://www.nflmockdraftdatabase.com/mock-drafts/2026/fantasy-alarm-2026-andrew-cooper,Fantasy Alarm,Andrew Cooper,04/15/26,"NFL Mock Draft 2026 1.0: First Round Predictions, Picks, Trades, & Analysis : Get our expert NFL Draft First Round predictions, picks, trades, and analysis in our NFL Mock Draft 1.0, courtesy of expert Andrew Cooper","The 2026 NFL Draft is a mere week away! And with that, it’s time to release the first look at our mock draft before we finalize everything next week, before the festivities kick off on Thursday, April 23rd, at 8 PM ET. Howard Bender and I will be LIVE on the Sirius XM Fantasy Sports Channel from 6-8 PM ET Thursday, then 5-7 PM ET Friday, before the picks begin, so make sure you tune into that! If you’d like all of our articles covering the pre-draft process, those can be found via this link here. There you will find pre-draft tiers and rankings, best landing spots articles, positional breakdown videos, and our Free Agent Tracker! Today, however, our focus is set on the most fun and interesting part of the process - mocking all 32 picks in the first round of the 2026 NFL Draft!",https://www.fantasyalarm.com/articles/nfl/nfl-offseason/nfl-mock-draft-2026-first-round-predictions/188826?utm_source=nflmockdraftdatabase&utm_medium=website&utm_content=read_mock_link,https://www.nflmockdraftdatabase.com/big-boards/2026/consensus-big-board-2026,https://www.nflmockdraftdatabase.com/mock-drafts/2026/final-scores,,,False,False,False,04/22/2026 09:36pm CDT,0,CoopAFiasco,False,False,32,1,
mock-drafts,2026,mocks/Show-0,/mock-drafts/2026/al-com-2026-andrew-hammond,https://www.nflmockdraftdatabase.com/mock-drafts/2026/al-com-2026-andrew-hammond,AL.com,Andrew Hammond,04/22/26,2026 NFL Mock Draft ,"A little over 24 hours from the beginning of the 2026 NFL draft and our pre-draft madness is almost over. While we know Fernando Mendoza is most likely going to be the top pick in the NFL draft on Thursday, the rest of the first round remains a mystery. Thanks to a bit of excitement between the Cincinnati Bengals and New York Giants last week, the Bengals have Dexter Lawrence and the Giants have a second top 10 pick. This most assuredly has shifted plans that may impact what everybody does in the first round of the NFL draft. Before NFL commissioner Roger Goodell officially opens the draft, here’s how AL.com sees the first round of the NFL draft going down.",https://www.al.com/nfl/2026/04/alcom-2026-nfl-mock-draft-wheres-the-final-landing-spot-for-alabamas-ty-simpson.html?utm_source=nflmockdraftdatabase&utm_medium=website&utm_content=read_mock_link,https://www.nflmockdraftdatabase.com/big-boards/2026/consensus-big-board-2026,https://www.nflmockdraftdatabase.com/mock-drafts/2026/final-scores,,,False,False,False,04/29/2026 09:24am CDT,0,aldotcom,False,False,32,4,
mock-drafts,2026,mocks/Show-0,/mock-drafts/2026/vikings-wire-2026-andrew-harbaugh,https://www.nflmockdraftdatabase.com/mock-drafts/2026/vikings-wire-2026-andrew-harbaugh,Vikings Wire,Andrew Harbaugh,04/22/26,"Final 2026 NFL Mock Draft: 3 Trades highlight Round 1 : In the final mock draft of the cycle, we predict an active Round 1 during the 2026 NFL Draft.","Over a hundred mock draft analysis pieces, dozens of scouting reports, and more full-first-round mock drafts later, we have arrived at the week of the 2026 NFL Draft. Despite us just highlighting so many of the exercises that we just mentioned, but whats one more? We have one final First-Round Mock Draft to work through. For this one, we have three additional trades happening on top of the ones we have already seen unfold over the past year. Some teams will be moving up for a player they see as a difference maker, while others take advantage of the extra value. Without further ado, here is my final mock draft of the 2026 cycle.",https://vikingswire.usatoday.com/story/sports/nfl/vikings/2026/04/22/nfl-mock-draft-trades-dallas-cowboys-seattle-seahawks-jeremiyah-love/89730459007/?utm_source=nflmockdraftdatabase&utm_medium=website&utm_content=read_mock_link,https://www.nflmockdraftdatabase.com/big-boards/2026/consensus-big-board-2026,https://www.nflmockdraftdatabase.com/mock-drafts/2026/final-scores,,,False,False,False,04/29/2026 09:18am CDT,0,AndrewHarbaugh_,False,False,32,5,
mock-drafts,2026,mocks/Show-0,/mock-drafts/2026/lindy-sports-2026-andrew-phelps,https://www.nflmockdraftdatabase.com/mock-drafts/2026/lindy-sports-2026-andrew-phelps,Lindy Sports,Andrew Phelps,04/21/26,2026 NFL Mock Draft ,"We’re just one day away from the 2026 NFL Draft in Pittsburgh, and this is my final mock before the picks start flying. The anticipation is at its peak as teams prepare to reshape their futures with a new wave of talent. Everyone has a mock draft this time of year, so here’s one last crack at it. This first-round projection breaks down how teams could address their biggest needs and where the biggest surprises might come. With the first pick in the 2026 NFL Draft…",https://lindyssports.com/nfl/2026-nfl-mock-draft-2026-updated-round-1-predictions-drew-phelps?utm_source=nflmockdraftdatabase&utm_medium=website&utm_content=read_mock_link,https://www.nflmockdraftdatabase.com/big-boards/2026/consensus-big-board-2026,https://www.nflmockdraftdatabase.com/mock-drafts/2026/final-scores,,,False,False,False,04/29/2026 08:49am CDT,0,Lindyssportsmag,False,False,32,2,
mock-drafts,2026,mocks/Show-0,/mock-drafts/2026/steel-curtain-network-2026-andrew-wilbar,https://www.nflmockdraftdatabase.com/mock-drafts/2026/steel-curtain-network-2026-andrew-wilbar,Steel Curtain Network,Andrew Wilbar,04/10/26,2026 NFL Mock Draft 4.0: How the Latest Buzz and Rumors Impact Round 1 - steelcurtain ,"With less than two weeks until the 2026 NFL Draft, it is time to deliver an update on the buzz I’m hearing in the form of a mock draft. As rumors start to swirl, it becomes a game of fact vs. fiction, especially within this next two-week window. However, I will give my best attempt to sort it all out in this mock. As a reminder, these mock drafts are not based on what I want to happen, nor are they an indication of what I would do as the GM of these teams. I am projecting the pick based on what I am hearing surrounding the team while also weighing team needs and schematic fit. The closer we get to the draft, the more this exercise will turn from “what makes sense” into an actual prediction. Trades may be projected. My final seven-round mock will come out the morning of the draft, and the remainder of my position rankings, final big board rankings, and sleeper articles will be coming fast and furious throughout the next two weeks. Between now and the draft, we will have plenty of draft content rolling out here on SCN, from scouting reports, to rankings, to many more mock drafts. For weekly draft insight from Jeremy Betz and I, make sure you give a listen to the Draft Dynasty podcast every Friday wherever you listen to podcasts. With the ground rules out of the way, let’s dive in!",https://www.steelcurtainnetwork.com/2026-nfl-mock-draft-4-0-how-the-latest-buzz-and-rumors-impact-round-1/?utm_source=nflmockdraftdatabase&utm_medium=website&utm_content=read_mock_link,https://www.nflmockdraftdatabase.com/big-boards/2026/consensus-big-board-2026,https://www.nflmockdraftdatabase.com/mock-drafts/2026/final-scores,,,False,False,False,04/17/2026 10:24pm CDT,0,FanFirstSports1,False,False,32,4,
mock-drafts,2026,mocks/Show-0,/mock-drafts/2026/in-the-aggregate-2026-anthony-amico?date=2026-03-22,https://www.nflmockdraftdatabase.com/mock-drafts/2026/in-the-aggregate-2026-anthony-amico?date=2026-03-22,In The Aggregate,Anthony Amico,03/22/26,2026 NFL Mock Draft 1.0 : First look at the 2026 NFL Draft,First look at the 2026 NFL Draft,https://amicsta.substack.com/p/2026-nfl-mock-draft-10?utm_source=nflmockdraftdatabase&utm_medium=website&utm_content=read_mock_link,https://www.nflmockdraftdatabase.com/big-boards/2026/consensus-big-board-2026,https://www.nflmockdraftdatabase.com/mock-drafts/2026/final-scores,,,False,False,False,03/29/2026 04:53pm CDT,0,amicsta,False,False,32,1,44.0
mock-drafts,2026,mocks/Show-0,/mock-drafts/2026/panthers-wire-2026-anthony-rizzuti,https://www.nflmockdraftdatabase.com/mock-drafts/2026/panthers-wire-2026-anthony-rizzuti,Panthers Wire,Anthony Rizzuti,04/13/26,"2026 NFL mock draft: Cowboys, Chiefs, Rams trade up into top 5 : Our latest first-round mock draft features a plethora of movement—including trades into the top five for the Cowboys, Chiefs and Rams.","With the 2026 NFL Draft now less than two weeks away, the buzz around this year's selection process is picking up. And much of that speculation has built around some possible movement atop the board. So, which teams could make the first round all the more interesting? Here, headlined by three huge swings, is our latest one-round mock . . .",https://pantherswire.usatoday.com/story/sports/nfl/panthers/2026/04/13/2026-nfl-mock-draft-cowboys-chiefs-rams-trade/89517793007/?utm_source=nflmockdraftdatabase&utm_medium=website&utm_content=read_mock_link,https://www.nflmockdraftdatabase.com/big-boards/2026/consensus-big-board-2026,https://www.nflmockdraftdatabase.com/mock-drafts/2026/final-scores,,,False,False,False,04/20/2026 08:37am CDT,0,Anthony_Rizzuti,False,False,32,4,
mock-drafts,2026,mocks/Show-0,/mock-drafts/2026/usa-today-2026-ayrton-ostly,https://www.nflmockdraftdatabase.com/mock-drafts/2026/usa-today-2026-ayrton-ostly,USA Today,Ayrton Ostly,04/16/26,"2026 NFL mock draft: Fernando Mendoza leads final 7-round predictions, then what? : Come the last weekend in April, 257 players will be drafted to the NFL. Here's how we think that could shake out in our final seven-round mock draft.","The anticipation has been building for months. NFL teams have made moves via trade and free agency to signal what they think of their teams heading into 2026. The biggest roster-shaping event remaining is the 2026 NFL Draft. This is a class that defies the norm. Yes, a quarterback is all but certain to go No. 1 overall to the Las Vegas Raiders who hope this passer fares better than their only other No. 1 pick in franchise history (JaMarcus Russell). Beyond that, this class shakes out a lot differently than others. The top prospects come from familiar schools but at non-premium positions. Ohio State's Arvell Reese and Sonny Styles headline one of the best linebacker classes in recent memory. Notre Dame star Jeremiyah Love is a tier (or two) above the rest of the running back class as one of the top offensive players in the class, regardless of position. Ohio State's Caleb Downs tops a surprisingly deep and versatile safety class with developmental prospects down the board, as does Oregon's Kenyon Sadiq at tight end.",https://www.usatoday.com/story/sports/nfl/draft/2026/04/16/2026-nfl-mock-draft-seven-round-predictions-picks/89477441007/?utm_source=nflmockdraftdatabase&utm_medium=website&utm_content=read_mock_link,https://www.nflmockdraftdatabase.com/big-boards/2026/consensus-big-board-2026,https://www.nflmockdraftdatabase.com/mock-drafts/2026/final-scores,,,False,False,False,04/23/2026 08:20am CDT,0,Ostly_Media,False,False,32,14,
mock-drafts,2026,mocks/Show-0,/mock-drafts/2026/fox-sports-2026-ben-arthur?date=2026-03-25,https://www.nflmockdraftdatabase.com/mock-drafts/2026/fox-sports-2026-ben-arthur?date=2026-03-25,Fox Sports,Ben Arthur,03/25/26,"2026 NFL Mock Draft : Following the historic combine and free-agent frenzy, Ben Arthur sorts out the first-round Buckeye barrage and where the draft's QB2 lands.","With the 2026 NFL Draft just under a month away, how have the early wave of free agency and the onslaught of pro days impacted where the top prospects could land? Given the latest developments around the league, here’s my first-round (no-trade) mock draft.",https://www.foxsports.com/stories/nfl/2026-nfl-draft-ohio-state-sonny-styles-carnell-tate-ty-simpson?utm_source=nflmockdraftdatabase&utm_medium=website&utm_content=read_mock_link,https://www.nflmockdraftdatabase.com/big-boards/2026/consensus-big-board-2026,https://www.nflmockdraftdatabase.com/mock-drafts/2026/final-scores,,,False,False,False,04/01/2026 10:12pm CDT,0,benyarthur,False,False,32,1,12.0
mock-drafts,2026,mocks/Show-0,/mock-drafts/2026/yahoo-2026-ben-fawkes,https://www.nflmockdraftdatabase.com/mock-drafts/2026/yahoo-2026-ben-fawkes,Yahoo,Ben Fawkes,04/20/26,"NFL Mock Draft: Top 10 picks based on the current betting odds : Here are the top 10 picks in the 2026 NFL Draft, according to the betting market.","There have been some wild rides in the betting market in regard to the No. 1 overall pick in the NFL Draft, including in 2022 when Aidan Hutchinson was a large favorite, only to be overtaken by Travon Walker on the odds board shortly before the draft. The Jaguars indeed took Walker No. 1 overall. This year, there isn’t much doubt at No. 1. Indiana QB Fernando Mendoza has been expected to be the No. 1 overall pick in the 2026 NFL draft by the Las Vegas Raiders for months, and it would be an absolute shock if anyone else’s name was called as the top selection on Thursday, April 23, in Pittsburgh. The NFL Draft is less of a betting event for casual bettors, but markets do exist on a lot of picks — and BetMGM has odds on every pick in the top 10. Be sure to check out all of Yahoo Sports’ NFL mock drafts as well. Here is a mock draft of the top 10 selections, based on choosing the current betting favorite at each slot (and updated after the Cincinnati Bengals traded the No. 10 overall pick for DT Dexter Lawrence):",https://sports.yahoo.com/nfl/betting/article/nfl-mock-draft-top-10-picks-based-on-the-current-betting-odds-162725643.html?utm_source=nflmockdraftdatabase&utm_medium=website&utm_content=read_mock_link,https://www.nflmockdraftdatabase.com/big-boards/2026/consensus-big-board-2026,https://www.nflmockdraftdatabase.com/mock-drafts/2026/final-scores,,,False,False,False,04/27/2026 11:56am CDT,0,BFawkes22,False,False,10,3,
mock-drafts,2026,mocks/Show-0,/mock-drafts/2026/m-live-2026-ben-raven,https://www.nflmockdraftdatabase.com/mock-drafts/2026/m-live-2026-ben-raven,M Live,Ben Raven,04/21/26,2026 NFL Mock Draft ,"It’s time to get down to business. The 2026 NFL draft begins this Thursday night, and after months of preparation, it’s time to turn in our final mock drafts. The Detroit Lions are scheduled to pick from the 17th overall spot in the first round. See below for MLive’s Lions beat writer Ben Raven’s final mock draft:",https://www.mlive.com/lions/2026/04/ben-ravens-final-mock-draft-detroit-lions-take-battle-tested-tough-clemson-ot.html?utm_source=nflmockdraftdatabase&utm_medium=website&utm_content=read_mock_link,https://www.nflmockdraftdatabase.com/big-boards/2026/consensus-big-board-2026,https://www.nflmockdraftdatabase.com/mock-drafts/2026/final-scores,,,False,False,False,04/28/2026 08:48am CDT,0,BenjaminSRaven,False,False,32,3,
mock-drafts,2026,mocks/Show-0,/mock-drafts/2026/last-man-standig-2026-ben-standig?date=2026-04-07,https://www.nflmockdraftdatabase.com/mock-drafts/2026/last-man-standig-2026-ben-standig?date=2026-04-07,Last Man Standig,Ben Standig,04/07/26,"Two Voices, One Board: A first-round NFL mock draft with built-in debate : Alternating picks reveal different team-building philosophies — and how those perspectives impact Washington’s decision at No. 7.","Earlier this week, I hosted NFL Draft analyst Fran Duffy from All City Network on the “Last Man Standig” podcast for a live first-round mock draft. Fran made the odd-numbered picks, leaving me the evens. Expect plenty of Commanders’ commentary throughout the chat, along with specific discussions on Miami DE Rueben Bain, Ohio State WR Carnell Tate, Ohio State LB Sonny Styles, Auburn DE Keldric Faulk, Notre Dame RB Jeremiyah Love, Tennessee CB Jermod McCoy and Alabama QB Ty Simpson. Plus the NFC East squads and more.",https://lastmanstandig.substack.com/p/two-voices-one-board-a-first-round?utm_source=nflmockdraftdatabase&utm_medium=website&utm_content=read_mock_link,https://www.nflmockdraftdatabase.com/big-boards/2026/consensus-big-board-2026,https://www.nflmockdraftdatabase.com/mock-drafts/2026/final-scores,,,False,False,False,04/14/2026 09:23pm CDT,0,BenStandig,False,False,32,4,
mock-drafts,2026,mocks/Show-0,/mock-drafts/2026/boston-globe-2026-ben-volin,https://www.nflmockdraftdatabase.com/mock-drafts/2026/boston-globe-2026-ben-volin,Boston Globe,Ben Volin,04/21/26,"Ben Volinâs NFL mock draft: A weird talent pool makes this year tough to predict - The Boston Globe : Some of the top prospects play running back, middle linebacker, and safety, which are usually not top-10 picks.","Call it the Year of the Weird Draft. The 2026 NFL Draft takes place Thursday to Saturday in Pittsburgh, and it has one of the stranger talent pools in recent memory. A quarterback will go No. 1, but he might be the only first-rounder from his position. There are no can’t-miss left tackles, elite wide receivers, or dominant defensive tackles. Some of the top prospects play running back, middle linebacker, and safety, which are usually not top-10 picks.",https://www.bostonglobe.com/2026/04/21/sports/nfl-mock-draft-2026-ben-volin-patriots/?utm_source=nflmockdraftdatabase&utm_medium=website&utm_content=read_mock_link,https://www.nflmockdraftdatabase.com/big-boards/2026/consensus-big-board-2026,https://www.nflmockdraftdatabase.com/mock-drafts/2026/final-scores,,,False,False,False,04/28/2026 08:41am CDT,0,BenVolin,False,False,32,1,
mock-drafts,2026,mocks/Show-0,/mock-drafts/2026/dynasty-nerds-2026-bobby-bishop?date=2026-03-23,https://www.nflmockdraftdatabase.com/mock-drafts/2026/dynasty-nerds-2026-bobby-bishop?date=2026-03-23,Dynasty Nerds,Bobby Bishop,03/23/26,"2026 NFL Draft Mock 4.0 | 3 Full Rounds For Every NFL Team : The 2026 NFL Draft will be here soon, and Bobby Bishop has the first 3 rounds in this complete mock draft 4.0. See which college prospects NFL teams may select.","We are one month out from the NFL Draft. Teams are starting to take shape through free agent additions. Holes are being filled. The NFL Combine is over, and pro days are taking place across America. Big boards are getting filled and analyzed by all 32 franchises. The time couldn’t be more perfect for a 4.0 look at how the Draft could shake out. This time we are going three rounds deep.",https://www.dynastynerds.com/mock/2026-nfl-mock-draft-4-0/?utm_source=nflmockdraftdatabase&utm_medium=website&utm_content=read_mock_link,https://www.nflmockdraftdatabase.com/big-boards/2026/consensus-big-board-2026,https://www.nflmockdraftdatabase.com/mock-drafts/2026/final-scores,,,False,False,False,03/30/2026 09:09am CDT,0,imbobbybish,False,False,32,4,37.0
mock-drafts,2026,mocks/Show-0,/mock-drafts/2026/draft-countdown-2026-brad-menendez,https://www.nflmockdraftdatabase.com/mock-drafts/2026/draft-countdown-2026-brad-menendez,Draft Countdown,Brad Menendez,04/18/26,2026 NFL Draft: Final Consensus Mock Draft! - NFL Draft Countdown : What does the Consensus Mock Draft for 2026 look like 5 days before the festivities begin? Brad Menendez takes one final peek.,"It’s nearly upon us, friends, the Draft is less than a week away, and all the speculation will be moot as we see who each team targets next Thursday! Throughout this process, you’ve seen us drop 7-round mock drafts, predicting what we would do in these teams’ positions, and no matter what you think of this draft class, there is plenty of talent that will hear their names called over this 3-day period. What I look to do with these “consensus” mock drafts is I look at our friends over at NFLMockDraftDatabase.com, as they compile all the picks made in their simulators by industry pros (our team included), and give you who the community predicts will be the picks in the 1st round of the 2026 NFL Draft.",https://www.draftcountdown.com/2026-nfl-draft/2026-nfl-draft-final-consensus-mock-draft/?utm_source=nflmockdraftdatabase&utm_medium=website&utm_content=read_mock_link,https://www.nflmockdraftdatabase.com/big-boards/2026/consensus-big-board-2026,https://www.nflmockdraftdatabase.com/mock-drafts/2026/final-scores,,,False,False,False,04/25/2026 09:04am CDT,0,RotoHeatBrad,False,False,32,6,
mock-drafts,2026,mocks/Show-0,/mock-drafts/2026/pro-football-focus-2026-bradley-locker,https://www.nflmockdraftdatabase.com/mock-drafts/2026/pro-football-focus-2026-bradley-locker,Pro Football Focus,Bradley Locker,04/13/26,"2026 NFL Mock Draft: Cowboys trade up for David Bailey, Chiefs nab Avieon Terrell : The Cowboys move up nine spots for a star in-state edge rusher, while the Rams take Jordyn Tyson at No. 13.","The 2026 NFL Draft is only 10 days away, and real uncertainty still shrouds most of the first round. Concerns about what’s perceived as a weaker crop mean there are few guaranteed selections, with teams throughout the top 10 entertaining multiple contributors. Nevertheless, organizations’ top-30 visits, offseason moves and collective buzz help give at least some idea which way a team could sway on April 23. Below is a predictive measure of how the first round may go, powered by PFF’s signature tools — including the Mock Draft Simulator, Big Board Builder and Scouting Assistant.",https://www.pff.com/news/2026-nfl-mock-draft-cowboys-trade-up-for-david-bailey-chiefs-nab-avieon-terrell?utm_source=nflmockdraftdatabase&utm_medium=website&utm_content=read_mock_link,https://www.nflmockdraftdatabase.com/big-boards/2026/consensus-big-board-2026,https://www.nflmockdraftdatabase.com/mock-drafts/2026/final-scores,,,False,False,False,04/20/2026 08:24am CDT,0,Bradley_Locker,False,False,32,1,
mock-drafts,2026,mocks/Show-0,/mock-drafts/2026/bleacher-report-2026-brent-sobleski,https://www.nflmockdraftdatabase.com/mock-drafts/2026/bleacher-report-2026-brent-sobleski,Bleacher Report,Brent Sobleski,04/15/26,"2026 NFL Mock Draft: 3-Round Predictions Based on Latest B/R Scouting Dept. Rankings : The NFL draft doesn't end after only one round. Sometimes, it feels like it does based on how much impetus is placed on those initial selections. However, an organization's ability to stack a class is every bit as important as nailing that initial selection.","The NFL draft doesn't end after only one round. Sometimes, it feels like it does based on how much impetus is placed on those initial selections. However, an organization's ability to stack a class is every bit as important as nailing that initial selection. Case in point, the Cleveland Browns traded down in last year's first round and landed an exciting, disruptive defensive tackle in Mason Graham. The 22-year-old played well as a rookie, but the class was superb based on what the organization did beyond that point. This included the additions of eventual NFL Defensive Rookie of the Year Carson Schwesinger, running back Quinshon Judkins and tight end Harold Fannin Jr., who were chosen during Day 2. The Browns now have a strong core of young talent once they figure out the quarterback position. The Bleacher Report Scouting Department featuring Brandon Thorn, Dame Parson, Daniel Harms and Matt Holder sat down to piece together its penultimate mock draft of the 2026 cycle, with an emphasis on expanding upon those initial selections. This three-round projection provides some insight into which way teams may be leaning in an attempt to build a strong class.",https://bleacherreport.com/articles/25417940-2026-nfl-mock-draft-3-round-predictions-based-latest-br-scouting-dept-rankings?utm_source=nflmockdraftdatabase&utm_medium=website&utm_content=read_mock_link,https://www.nflmockdraftdatabase.com/big-boards/2026/consensus-big-board-2026,https://www.nflmockdraftdatabase.com/mock-drafts/2026/final-scores,,,False,False,False,04/23/2026 10:14am CDT,0,brentsobleski,False,False,32,7,
mock-drafts,2026,mocks/Show-0,/mock-drafts/2026/fantasy-points-2026-brett-whitefield?date=2026-04-03,https://www.nflmockdraftdatabase.com/mock-drafts/2026/fantasy-points-2026-brett-whitefield?date=2026-04-03,Fantasy Points,Brett Whitefield,04/03/26,"2026 NFL Mock Draft : Brett Whitefield makes first-round predictions based on roster needs, positional value, and prospect evaluations ahead of the NFL Draft.","With NFL free agency winding down (minus a few vets waiting on the Draft to sign), it is time to do another mock draft. We have a much clearer picture of where every NFL roster stands. While teams claim they try to stick with best-player-available thought processes, let's be honest… What most of them mean is that they take the best available player through the lens of addressing some needs. Free agency absolutely impacts the decisions that are made in April. This is a reminder of how I evaluate players: I use a numeric scoring system that produces a score for each prospect on a 0-100 scale. That score is calculated from four weighted buckets: film/traits, production/data, athleticism, and intangibles. My big board is nearing 200 players with finalized scores. You can also follow along with my 2026 Prospect Guide for all my write-ups on these players. I will be adding more profiles every week from now until the draft. Now that we are just a few weeks from draft time, I am shifting my focus to a more predictive approach. I will use my personal evaluations of players as tiebreakers. If I am unsure of a pick, I rely on my evaluations and take the opportunity to plant a flag. I really enjoyed the exercise as a way to experience the unintended consequences of making certain choices. To make these selections, I have carefully considered each team's needs, done a fair bit of dot connecting, evaluated the positional value of available prospects, and weighed each player's talent against the specific fit for each team. Let's get after it!",https://www.fantasypoints.com/nfl/articles/2026/whitefields-nfl-mock-draft-30#/?utm_source=nflmockdraftdatabase&utm_medium=website&utm_content=read_mock_link,https://www.nflmockdraftdatabase.com/big-boards/2026/consensus-big-board-2026,https://www.nflmockdraftdatabase.com/mock-drafts/2026/final-scores,,,False,False,False,04/10/2026 12:31pm CDT,0,BGWhitefield,False,False,32,3,
mock-drafts,2026,mocks/Show-0,/mock-drafts/2026/pittsburgh-post-gazette-2026-brian-batko,https://www.nflmockdraftdatabase.com/mock-drafts/2026/pittsburgh-post-gazette-2026-brian-batko,Pittsburgh Post Gazette,Brian Batko,04/13/26,Brian Batko’s best-case Steelers 2026 mock draft: Analyzing Round 1 if (mostly) everything comes up Pittsburgh : ,"If the rest of the NFL has any shred of human decency, they should help out the Steelers on draft night. The whole event is in Pittsburgh, the city has gone to great lengths to stage it — literally — and the franchise is picking 21st overall. So, yeah, throw the Steelers a bone and make sure their top targets are still on the board when they’re on the clock in the first round. That’s not too much to ask, is it? Regardless, I’ve written the Steelers’ best-case mock draft scenario — and worst-case mock draft scenario — for years now, even when Pittsburgh is not playing host. That isn't changing in 2026, but first, as always, there are a few important points to note. This is not a predictive mock draft. You can find those pretty much anywhere. This is also not theater of the absurd in which half the league loses its mind and decides to take quarterbacks in the first round or use top-20 picks on players who are highly unlikely to hear their name called on the first night of the draft.",https://www.post-gazette.com/sports/2026-nfl-draft/2026/04/13/steelers-best-case-ideal-mock-draft-2026/stories/202604080069?utm_source=nflmockdraftdatabase&utm_medium=website&utm_content=read_mock_link,https://www.nflmockdraftdatabase.com/big-boards/2026/consensus-big-board-2026,https://www.nflmockdraftdatabase.com/mock-drafts/2026/final-scores,,,False,False,False,04/20/2026 08:34am CDT,0,BrianBatko,False,False,20,1,
mock-drafts,2026,mocks/Show-0,/mock-drafts/2026/draft-countdown-2026-brian-bosarge?date=2026-04-04,https://www.nflmockdraftdatabase.com/mock-drafts/2026/draft-countdown-2026-brian-bosarge?date=2026-04-04,Draft Countdown,Brian Bosarge,04/04/26,2026 NFL Mock Draft 8.0 TRADE-A-PALOOZA - NFL Draft Countdown : Who wants a 2026 NFL Mock Draft with trades? Brian Bosarge is here with a trade-filled extravaganza in his 8th mock.,"I didn’t expect to be doing another 2026 NFL Mock Draft this soon, but here we are. So, I figured, why not have a little fun with it? So, this is the TRADE-A-PALOOZA version of my mock drafts. This will be the penultimate mock from me in the 2026 NFL Draft cycle. Six trades to get to, so let’s have some fun, shall we?",https://www.draftcountdown.com/nfl-mock-draft/2026-nfl-mock-draft-8-0-trade-a-palooza/?utm_source=nflmockdraftdatabase&utm_medium=website&utm_content=read_mock_link,https://www.nflmockdraftdatabase.com/big-boards/2026/consensus-big-board-2026,https://www.nflmockdraftdatabase.com/mock-drafts/2026/final-scores,,,False,False,False,04/11/2026 03:58pm CDT,0,DeepFriedDraft,False,False,32,7,
mock-drafts,2026,mocks/Show-0,/mock-drafts/2026/draft-countdown-2026-brian-lamb?date=2026-04-08,https://www.nflmockdraftdatabase.com/mock-drafts/2026/draft-countdown-2026-brian-lamb?date=2026-04-08,Draft Countdown,Brian Lamb,04/08/26,"NFL Mock Draft 2026: Brian Lamb 6.0 Mock Draft - NFL Draft Countdown : The 2026 NFL Draft is later this month, so Brian Lamb joins us to release a first-round NFL Mock Draft 2026, which features several trades.","Draft Month is upon us, so what better way to get things started than with an NFL Mock Draft 2026? This mock draft doesn’t include analysis for every pick; I’m only providing analysis of the trades I’ve executed. Earlier this week, I released a primer for four potential trades we could see in the first round of the 2026 NFL Draft, many of which I’ve used in this NFL Mock Draft 2026. You can check that article out here.",https://www.draftcountdown.com/nfl-mock-draft/nfl-mock-draft-2026-brian-lamb-6-0-mock-draft/?utm_source=nflmockdraftdatabase&utm_medium=website&utm_content=read_mock_link,https://www.nflmockdraftdatabase.com/big-boards/2026/consensus-big-board-2026,https://www.nflmockdraftdatabase.com/mock-drafts/2026/final-scores,,,False,False,False,04/15/2026 08:31am CDT,0,brianlamb_ISN,False,False,32,6,
mock-drafts,2026,mocks/Show-0,/mock-drafts/2026/blogging-the-boys-2026-brian-martin?date=2026-03-19,https://www.nflmockdraftdatabase.com/mock-drafts/2026/blogging-the-boys-2026-brian-martin?date=2026-03-19,Blogging The Boys,Brian Martin,03/19/26,"Full first-round mock draft prediction, post-free agency : Predicting the first round of the NFL draft, including some Cowboys moves around the board.","It’s called free agency frenzy for a reason. From teams throwing big money contracts to land their targeted free agent to trades that were facilitated to those that were voided. It was exciting to see how things unfolded. With the majority of free agency now behind us, we had a much better understanding of each organization’s remaining roster “needs” prior to the 2026 NFL Draft in April. With that knowledge, we attempt to predict how the first round could play out.",https://www.bloggingtheboys.com/dallas-cowboys-draft/199748/full-first-round-mock-draft-prediction-free-agency-trades?utm_source=nflmockdraftdatabase&utm_medium=website&utm_content=read_mock_link,https://www.nflmockdraftdatabase.com/big-boards/2026/consensus-big-board-2026,https://www.nflmockdraftdatabase.com/mock-drafts/2026/final-scores,,,False,False,False,03/26/2026 09:08pm CDT,0,TheBMartin,False,False,32,2,62.0
mock-drafts,2026,mocks/Show-0,/mock-drafts/2026/the-athletic-2026-bruce-feldman?date=2026-04-01,https://www.nflmockdraftdatabase.com/mock-drafts/2026/the-athletic-2026-bruce-feldman?date=2026-04-01,The Athletic,Bruce Feldman,04/01/26,"NFL mock draft 2026: Picks based on intel from coaches, scouts, agents : Feldman's mock draft is based on insight and feedback from people in college football and the NFL. ","This is my sixth annual NFL mock draft based on intel I’ve gathered from coaching, scouting and agent sources over the past month-plus. My aim here with this project, as always, is to provide unique insight directly from the eyes of rival coaches who have not only studied and scouted these prospects, but also game-planned for and then faced each of them. These sources know exactly what they’re dealing with and what they’ve tried to do against these players in real-game situations, and some of them faced these prospects in multiple games.",https://www.nytimes.com/athletic/7151713/2026/04/01/nfl-mock-draft-intel-coaches-scouts-agents-2026/?utm_source=nflmockdraftdatabase&utm_medium=website&utm_content=read_mock_link,https://www.nflmockdraftdatabase.com/big-boards/2026/consensus-big-board-2026,https://www.nflmockdraftdatabase.com/mock-drafts/2026/final-scores,,,False,False,False,04/08/2026 08:55am CDT,0,BruceFeldmanCFB,False,False,32,1,
mock-drafts,2026,mocks/Show-0,/mock-drafts/2026/cbs-2026-bryant-mcfadden,https://www.nflmockdraftdatabase.com/mock-drafts/2026/cbs-2026-bryant-mcfadden,CBS,Bryant McFadden,04/19/26,"2026 NFL mock draft: Trades galore as Patrick Mahomes gets a bodyguard, Cowboys find new face of their defense : Former NFL CB and two-time Super Bowl champion Bryant McFadden predicts all 32 first-round picks","What if I told you Round 1 would have four trades, six offensive linemen would come off the board and the Big 12 would produce the first defender selected? Well, those things actually happened ... in my mock draft. Hopefully you're satisfied with who I have your favorite team selecting.",https://www.cbssports.com/nfl/draft/news/2026-nfl-mock-draft-first-round-trades-chiefs-cowboys/?utm_source=nflmockdraftdatabase&utm_medium=website&utm_content=read_mock_link,https://www.nflmockdraftdatabase.com/big-boards/2026/consensus-big-board-2026,https://www.nflmockdraftdatabase.com/mock-drafts/2026/final-scores,,,False,False,False,04/26/2026 09:30pm CDT,0,BMac_SportsTalk,False,False,32,1,
mock-drafts,2026,mocks/Show-0,/mock-drafts/2026/nfl-com-2026-bucky-brooks,https://www.nflmockdraftdatabase.com/mock-drafts/2026/nfl-com-2026-bucky-brooks,NFL.com,Bucky Brooks,04/21/26,"Bucky Brooks 2026 NFL mock draft 4.0: Giants gift Jaxson Dart top-10 picks at running back, receiver : Are the Giants about to provide significant support for second-year quarterback Jaxson Dart by grabbing a pair of premium playmakers in the top 10? Bucky Brooks takes a final turn at projecting all 32 picks in Round 1 of the 2026 NFL Draft.","It's draft week! Before the event gets underway on Thursday night, I'm here to take my fourth and final attempt at projecting how the first round will play out in Pittsburgh. While we're certain to see some trades once the picks start flying, in this simulation, I'm keeping everything as it stands right now in hopes of providing the most realistic forecast for as many teams as possible.",https://www.nfl.com/news/bucky-brooks-2026-nfl-mock-draft-4-0-giants-gift-jaxson-dart-top-10-picks-at-running-back-receiver?utm_source=nflmockdraftdatabase&utm_medium=website&utm_content=read_mock_link,https://www.nflmockdraftdatabase.com/big-boards/2026/consensus-big-board-2026,https://www.nflmockdraftdatabase.com/mock-drafts/2026/final-scores,,,False,False,False,04/28/2026 08:27am CDT,0,BuckyBrooks,False,False,32,4,
mock-drafts,2026,mocks/Show-0,/mock-drafts/2026/ftn-fantasy-2026-c-h-herms?date=2026-04-06,https://www.nflmockdraftdatabase.com/mock-drafts/2026/ftn-fantasy-2026-c-h-herms?date=2026-04-06,FTN Fantasy,C.H. Herms,04/06/26,C.H. Herms' 2026 NFL Mock Draft : We're a few weeks from the 2026 NFL Draft. Here's how C.H. Herms sees the first round shaking out.,"Mock drafts are a pretty self-explanatory exercise. We know what we’re doing here, and bogging down the intro with a ton of unnecessary exposition would be incredibly boring for everyone. My main goal is to be as realistic as possible and prioritize team needs while understanding that being 100% correct isn’t going to happen. The 2026 NFL Draft probably won’t actually go down this way, but if you’re down to clown in Drafttown with Herms anyway, then let’s hop to and get this sucker cookin’ posthaste:",https://ftnfantasy.com/nfl/c-h-herms-2026-nfl-mock-draft?utm_source=nflmockdraftdatabase&utm_medium=website&utm_content=read_mock_link,https://www.nflmockdraftdatabase.com/big-boards/2026/consensus-big-board-2026,https://www.nflmockdraftdatabase.com/mock-drafts/2026/final-scores,,,False,False,False,04/13/2026 12:18pm CDT,0,CH_Herms,False,False,32,1,
mock-drafts,2026,mocks/Show-0,/mock-drafts/2026/the-big-lead-2026-cam-giangrande,https://www.nflmockdraftdatabase.com/mock-drafts/2026/the-big-lead-2026-cam-giangrande,The Big Lead,Cam Giangrande,04/20/26,"2026 NFL mock draft following Giants-Bengals blockbuster Dexter Lawrence trade : After the Bengals and Giants blockbuster trade, things look different in the upcoming NFL Draft, and this is our latest mock.","We are now just 4 days away from the 2026 NFL Draft, and there have already been some fireworks. Saturday night, the Cincinnati Bengals pulled off one of their biggest and most unlikely trades ever. They traded the No. 10 overall pick to the New York Giants for DE Dexter Lawrence. This is a team that is known for being “frugal”. Pulling this deal off is meant to improve the team’s defense, and to send a message to the fans…and QB Joe Burrow, that it is a new day in Cincy. After losing Trey Hendrickson to the Baltimore Ravens, the Bengals have completely revamped their defense. Aside from Lawrence, the team has added four defensive free agents. They have acquired fellow DE/DT Jonathan Allen, Edge Boye Mafe, and two safeties, Bryan Cook and Kyle Duggar.",https://www.thebiglead.com/2026-nfl-mock-draft-following-giants-bengals-blockbuster-dexter-lawrence-trade/?utm_source=nflmockdraftdatabase&utm_medium=website&utm_content=read_mock_link,https://www.nflmockdraftdatabase.com/big-boards/2026/consensus-big-board-2026,https://www.nflmockdraftdatabase.com/mock-drafts/2026/final-scores,,,False,False,False,04/27/2026 09:36am CDT,0,camcamelot,False,False,32,1,
mock-drafts,2026,mocks/Show-0,/mock-drafts/2026/stadium-rant-2026-cameron-willey,https://www.nflmockdraftdatabase.com/mock-drafts/2026/stadium-rant-2026-cameron-willey,Stadium Rant,Cameron Willey,04/13/26,"2026 NFL Mock Draft 2.0: Updated First-Round Picks & Projections : All 32 NFL teams are searching for their next superstar. With that in mind, it’s time for an updated 2026 NFL Mock Draft.","With free agency in the rear view, all eyes are officially on the 2026 NFL Draft. Teams are taking shape, and draft plans are becoming clearer with each passing day. All 32 NFL teams are searching for their next superstar, aiming for a player who will change their futures. With that in mind, it’s time for an updated 2026 NFL Mock Draft.",https://www.stadiumrant.com/2026-nfl-mock-draft-updated-round-1-picks/?utm_source=nflmockdraftdatabase&utm_medium=website&utm_content=read_mock_link,https://www.nflmockdraftdatabase.com/big-boards/2026/consensus-big-board-2026,https://www.nflmockdraftdatabase.com/mock-drafts/2026/final-scores,,,False,False,False,04/20/2026 09:58pm CDT,0,StadiumRantHQ,False,False,32,3,
mock-drafts,2026,mocks/Show-0,/mock-drafts/2026/cbs-2026-carter-bahns,https://www.nflmockdraftdatabase.com/mock-drafts/2026/cbs-2026-carter-bahns,CBS,Carter Bahns,04/18/26,2026 NFL mock draft: Commanders trade down after Jeremiyah Love flies off board in top five : Projecting the 2026 NFL Draft's first round with Jeremiyah Love's selection leading to changes.,"The beauty of mock draft season is that anything is possible with the right combination of imagination and logic. Intra-division trades. Calling the names of running backs and linebackers within the first five picks. Four players from the same college become top-10 picks. Those are the first three-round quirks I'm projecting in my first and only mock draft for 2026. Some ideas are more far-fetched than others. For instance, would anyone really be surprised if Jeremyiah Love is already accounted for an hour into the draft? Those who watched him hurdle defenders and break loose for 90+ yard runs at Notre Dame understand why teams at the front of the line are so high on him. Even when we try to account for the uncertain, though, it seems like there is a move that catches us off guard. And in a year where the lack of elite quarterback talent makes teams potentially more willing to trade down, perhaps next week's first round will give us some fireworks in the form of draft day transactions.",https://www.cbssports.com/nfl/news/2026-nfl-mock-draft-commanders-trade-jeremiyah-love/?utm_source=nflmockdraftdatabase&utm_medium=website&utm_content=read_mock_link,https://www.nflmockdraftdatabase.com/big-boards/2026/consensus-big-board-2026,https://www.nflmockdraftdatabase.com/mock-drafts/2026/final-scores,,,False,False,False,04/25/2026 09:02am CDT,0,carterbahns,False,False,32,1,
mock-drafts,2026,mocks/Show-0,/mock-drafts/2026/nj-com-2026-cayden-steele,https://www.nflmockdraftdatabase.com/mock-drafts/2026/nj-com-2026-cayden-steele,NJ.com,Cayden Steele,04/22/26,2026 NFL Mock Draft ,"The 2026 NFL Draft begins tomorrow night with the first round. Over the last few months, we have predicted the top 32 picks in anticipation for this moment. So let’s give it one more shot. These final first-round predictions are based on needs, scheme fits and the latest buzz. Here we go…",https://www.nj.com/eagles/2026/04/2026-nfl-mock-draft-eagles-swing-big-on-risky-prospect-giants-begin-new-era-with-defensive-star.html?utm_source=nflmockdraftdatabase&utm_medium=website&utm_content=read_mock_link,https://www.nflmockdraftdatabase.com/big-boards/2026/consensus-big-board-2026,https://www.nflmockdraftdatabase.com/mock-drafts/2026/final-scores,,,False,False,False,04/29/2026 09:19am CDT,0,cayden_steele19,False,False,32,5,
mock-drafts,2026,mocks/Show-0,/mock-drafts/2026/nfl-com-2026-chad-reuter,https://www.nflmockdraftdatabase.com/mock-drafts/2026/nfl-com-2026-chad-reuter,NFL.com,Chad Reuter,04/17/26,"Seven-round 2026 NFL mock draft: Jets pick QB Ty Simpson in Round 1; Lions trade up : In his first and only seven-round mock of the 2026 NFL Draft, Chad Reuter forecasts some Day 1 surprises and four first-round trades. See all of his projections, 1-257.","The 2026 National Football League Annual Player Selection Meeting, more commonly known as the NFL draft (April 23-25 in Pittsburgh), is almost here. So, I'm returning to my annual tradition of making a projection for all 257 picks in my final mock of the year. Since this mock is released nearly a full week before the draft begins, it won't include last-minute information reported about prospects and teams' potential interest in them. I still predict four first-round trades, however, while also providing a wide-angle view about where teams can find value at positions of need throughout the event.",https://www.nfl.com/news/seven-round-2026-nfl-mock-draft-round-one?utm_source=nflmockdraftdatabase&utm_medium=website&utm_content=read_mock_link,https://www.nflmockdraftdatabase.com/big-boards/2026/consensus-big-board-2026,https://www.nflmockdraftdatabase.com/mock-drafts/2026/final-scores,,,False,False,False,04/24/2026 11:06pm CDT,0,chad_reuter,False,False,32,4,
mock-drafts,2026,mocks/Show-0,/mock-drafts/2026/nfl-com-2026-charles-davis?date=2026-03-26,https://www.nflmockdraftdatabase.com/mock-drafts/2026/nfl-com-2026-charles-davis?date=2026-03-26,NFL.com,Charles Davis,03/26/26,"Charles Davis 2026 NFL mock draft 3.0: Ty Simpson goes third overall; Kenyon Sadiq nearly cracks top 10 : In his third mock of the 2026 NFL Draft, Charles Davis sees quarterback Ty Simpson hitting the top three and tight end Kenyon Sadiq nearly cracking the top 10. Check out the full Round 1 projection, 1-32.","With the bulk of prospect evaluation and free agency in the books, I'm taking a third crack at projecting Round 1 of the 2026 NFL Draft. Trades will undoubtedly be part of the real thing next month, but for now, I'm keeping teams in their current first-round slots.",https://www.nfl.com/news/charles-davis-2026-nfl-mock-draft-3-0-ty-simpson-goes-third-overall-kenyon-sadiq-nearly-cracks-top-10?utm_source=nflmockdraftdatabase&utm_medium=website&utm_content=read_mock_link,https://www.nflmockdraftdatabase.com/big-boards/2026/consensus-big-board-2026,https://www.nflmockdraftdatabase.com/mock-drafts/2026/final-scores,,,False,False,False,04/02/2026 08:59pm CDT,1,NFL,False,False,32,3,5.0
mock-drafts,2026,mocks/Show-0,/mock-drafts/2026/stadium-rant-2026-charles-north?date=2026-04-03,https://www.nflmockdraftdatabase.com/mock-drafts/2026/stadium-rant-2026-charles-north?date=2026-04-03,Stadium Rant,Charles North,04/03/26,"2026 NFL Mock Draft 3.0: Full Two-Round Predictions With Team Fits : This 2026 NFL mock draft arrives at the perfect time as teams around the league are beginning to take shape. Free agency has filled holes on rosters, while","This 2026 NFL mock draft arrives at the perfect time as teams around the league are beginning to take shape. Free agency has filled holes on rosters, while others still need to be addressed in the NFL draft. This two-round NFL mock draft will dive into the best players this year’s class has to offer, while placing them on teams that create a seamless fit. The Atlanta Falcons, Green Bay Packers, Indianapolis Colts, Denver Broncos, and Jacksonville Jaguars do not have a selection in round one. They will have to wait for the second round portion of this NFL mock draft due to previous trades.",https://www.stadiumrant.com/2026-nfl-mock-draft-3-0-full-two-round/?utm_source=nflmockdraftdatabase&utm_medium=website&utm_content=read_mock_link,https://www.nflmockdraftdatabase.com/big-boards/2026/consensus-big-board-2026,https://www.nflmockdraftdatabase.com/mock-drafts/2026/final-scores,,,False,False,False,04/10/2026 12:32pm CDT,0,CharlesN_SR,False,False,32,3,
mock-drafts,2026,mocks/Show-0,/mock-drafts/2026/last-word-on-sports-2026-chris-farbolin,https://www.nflmockdraftdatabase.com/mock-drafts/2026/last-word-on-sports-2026-chris-farbolin,Last Word on Sports,Chris Farbolin,04/20/26,"Final 2026 NFL Mock Draft: Picks 1-10 : After months of anticipation, draft week is finally here. How will the first ten picks shake out in this final 2026 NFL mock draft?","The most anticipated weekend of the NFL offseason is finally here. After months of waiting, the 2026 NFL Draft is just days away. Pundits, along with fans, have posted numerous mock drafts, each attempting to predict how things will shake out Thursday evening. While it’s difficult to predict what will happen in the first round, there is more information about what may happen in the days leading up to the draft. This class has a select few elite prospects, most of whom will hear their name called in the top 10. How will the teams picking 1-10 upgrade their roster in this final 2026 NFL mock draft?",https://lastwordonsports.com/nfl/2026/04/20/final-2026-nfl-mock-draft-picks-1-10/?utm_source=nflmockdraftdatabase&utm_medium=website&utm_content=read_mock_link,https://www.nflmockdraftdatabase.com/big-boards/2026/consensus-big-board-2026,https://www.nflmockdraftdatabase.com/mock-drafts/2026/final-scores,,,False,False,False,04/27/2026 09:48pm CDT,0,chris_farbolin,False,False,10,6,
mock-drafts,2026,mocks/Show-0,/mock-drafts/2026/rotoballer-2026-chris-gregory,https://www.nflmockdraftdatabase.com/mock-drafts/2026/rotoballer-2026-chris-gregory,Rotoballer,Chris Gregory,04/17/26,"2026 NFL Mock Draft: Three-Round Projections (Top 100 Picks) : Chris' 2026 NFL mock draft with expert three-round predictions, top prospects, and team selections for the upcoming draft, featuring Fernando Mendoza and more.","April is “lying season” in the NFL. This is a well-accepted fact and way of life by now, with over half of what you hear out of general managers’ mouths being outright deceit or a well-stretched embellishment. That is something we must always remind ourselves, particularly as we edge closer to the NFL Draft, because late-season lies can drastically throw off projections. A fine example of this occurred in 2023, when late buzz said C.J. Stroud had jumped Bryce Young to be Carolina’s top pick. Another example occurred last year after everyone in the draft universe projected Ashton Jeanty to the Raiders for months … and then the week-of buzz had Las Vegas pivoting to offensive tackle Kelvin Banks Jr. instead. Neither of those rumors turned out to be true, though both teams would have been better off if they had. This is important to remember because, often, the mock drafts you see in February are more accurate than those in April, when we all rush to implement rumors. So, we must take the buzz with a grain of salt while still considering that some of it could be real.",https://www.rotoballer.com/2026-nfl-mock-draft-three-round-projections-top-100-picks-2/1843348?utm_source=nflmockdraftdatabase&utm_medium=website&utm_content=read_mock_link,https://www.nflmockdraftdatabase.com/big-boards/2026/consensus-big-board-2026,https://www.nflmockdraftdatabase.com/mock-drafts/2026/final-scores,,,False,False,False,04/24/2026 08:47am CDT,0,The_PreSnapRead,False,False,32,8,
mock-drafts,2026,mocks/Show-0,/mock-drafts/2026/fox-32-chicago-2026-chris-kwiecinski,https://www.nflmockdraftdatabase.com/mock-drafts/2026/fox-32-chicago-2026-chris-kwiecinski,Fox 32 Chicago,Chris Kwiecinski,04/20/26,"FOX 32 Chicago final 2026 NFL Mock Draft: Bears round out the defensive line : Here's FOX Chicago's final 2026 NFL Mock Draft, predicting the first round with all the draft cycle knowledge we've heard and trades we've seen.","The 2026 NFL Draft is days away. We've seen blockbuster trades that have shaken up the first round. We've seen the draft cycle shake up who could get drafted where. Here's FOX Chicago's final 2026 NFL Mock Draft, predicting the first round with all the draft cycle knowledge we've heard and trades we've seen.",https://www.fox32chicago.com/sports/fox-32-chicago-bears-final-2026-nfl-mock-draft-defense?utm_source=nflmockdraftdatabase&utm_medium=website&utm_content=read_mock_link,https://www.nflmockdraftdatabase.com/big-boards/2026/consensus-big-board-2026,https://www.nflmockdraftdatabase.com/mock-drafts/2026/final-scores,,,False,False,False,04/27/2026 09:12am CDT,0,OchoK_,False,False,32,3,
mock-drafts,2026,mocks/Show-0,/mock-drafts/2026/sun-sentinel-2026-chris-perkins?date=2026-03-21,https://www.nflmockdraftdatabase.com/mock-drafts/2026/sun-sentinel-2026-chris-perkins?date=2026-03-21,Sun Sentinel,Chris Perkins,03/21/26,2026 mock draft 3.0: How will Dolphins use their two first-round picks? : The Miami Dolphins now have two first round picks following the trade of Jaylen Waddle and GM Jon-Eric Sullivan has lots of holes to fill. Here are his options.,"This is the South Florida Sun Sentinel’s third 2026 NFL mock draft, but the first one since the Miami Dolphins pulled off that massive trade with the Denver Broncos that got them an extra first-round pick in April’s draft as part of the package for wide receiver Jaylen Waddle. Miami, under general manager Jon-Eric Sullivan and coach Jeff Hafley, now has the No. 11 and No. 30 selections in the first round. This is also our first mock draft that includes trades, and I’ve included one between Dallas and Tennessee near the top of the draft. And it’s also the first mock draft since the first wave of free agency additions, which changes the first-round outlook in some cases. Brace yourselves. And remember the Waddle trade means a wide receiver now makes sense for the Dolphins in the first round. On that note, you might note that I have the New Orleans Saints and Miami swapping picks at Nos. 8 and 11 from my first mock draft. As another point of reference, you can also consult David Furones’ first mock draft. As a reminder, the draft is April 23-25 and is being held in Pittsburgh.",https://www.sun-sentinel.com/2026/03/21/2026-mock-draft-3-0-how-will-dolphins-use-their-two-first-round-picks/?utm_source=nflmockdraftdatabase&utm_medium=website&utm_content=read_mock_link,https://www.nflmockdraftdatabase.com/big-boards/2026/consensus-big-board-2026,https://www.nflmockdraftdatabase.com/mock-drafts/2026/final-scores,,,False,False,False,03/28/2026 10:10am CDT,0,chrisperk,False,False,32,2,49.0
mock-drafts,2026,mocks/Show-0,/mock-drafts/2026/weei-2026-chris-scheim,https://www.nflmockdraftdatabase.com/mock-drafts/2026/weei-2026-chris-scheim,WEEI,Chris Scheim,04/21/26,Chris Scheimâs 2026 NFL Mock Draft | WEEI 93.7 :  | WEEI 93.7,"Vegas begins a new era under Klint Kubiak and Mendoza gets the chance to learn under Kirk Cousins briefly, which Tom Brady has made clear would be his preferred entrance into the NFL for a young QB.",https://www.audacy.com/weei/sports/patriots/chris-scheims-2026-nfl-mock-draft?utm_source=nflmockdraftdatabase&utm_medium=website&utm_content=read_mock_link,https://www.nflmockdraftdatabase.com/big-boards/2026/consensus-big-board-2026,https://www.nflmockdraftdatabase.com/mock-drafts/2026/final-scores,,,False,False,False,04/28/2026 08:29am CDT,0,Scheimtime,False,False,32,1,
mock-drafts,2026,mocks/Show-0,/mock-drafts/2026/nbc-sports-2026-chris-simms,https://www.nflmockdraftdatabase.com/mock-drafts/2026/nbc-sports-2026-chris-simms,NBC Sports,Chris Simms,04/20/26,"Chris Simms' final 2026 NFL Mock Draft: Jets pick Arvell Reese, Commanders trade up for Carnell Tate : Chris Simms' 2026 NFL Mock Draft features multiple first-round trades and some big-time surprises.","With the 2026 NFL Draft just days away, it’s time for Chris Simms to reveal his first, and only, mock. Here’s how Simms sees the first round shaking out, featuring plenty of big-time trades:",https://www.nbcsports.com/nfl/news/chris-simms-final-2026-nfl-mock-draft-jets-pick-arvell-reese-commanders-trade-up-for-carnell-tate?utm_source=nflmockdraftdatabase&utm_medium=website&utm_content=read_mock_link,https://www.nflmockdraftdatabase.com/big-boards/2026/consensus-big-board-2026,https://www.nflmockdraftdatabase.com/mock-drafts/2026/final-scores,,,False,False,False,04/27/2026 11:49am CDT,0,CSimmsQB,False,False,32,1,
mock-drafts,2026,mocks/Show-0,/mock-drafts/2026/for-the-win-2026-christian-d-andrea,https://www.nflmockdraftdatabase.com/mock-drafts/2026/for-the-win-2026-christian-d-andrea,For The Win,Christian D'Andrea,04/09/26,"2026 NFL mock draft: David Bailey rises in a trench-heavy 2 rounds : The Titans get Cam Ward help. The Commanders get Jayden Daniels a running back. And the Seahawks, sigh, get richer.","April is here. The 2026 NFL Draft stretch run is upon us. That means its smokescreen season as we try to figure out which prospects are climbing teams' wish lists and who is ceding ground after early hype. With rookie contracts ever valuable in a league defined by expensive star veterans, franchises will do everything in their power to ensure they can land their draft targets. Sometimes that means pricy trades. Sometimes it means playing coy and talking up the guys they don't want in hopes their true huckleberry slides to their slot. As such, this mock draft will be like most; well-meaning and largely inaccurate once the real thing rolls around. But it still allows us to take a look at what each team's needs are and which players could fill them in the big leagues. Since not everyone has a first round pick this year, let's expand our scope halfway through Day 2 of the draft to include everyone.",https://ftw.usatoday.com/story/sports/nfl/2026/04/09/2026-nfl-mock-draft-2-rounds-fernando-mendoza-david-bailey/89520565007/?utm_source=nflmockdraftdatabase&utm_medium=website&utm_content=read_mock_link,https://www.nflmockdraftdatabase.com/big-boards/2026/consensus-big-board-2026,https://www.nflmockdraftdatabase.com/mock-drafts/2026/final-scores,,,False,False,False,04/16/2026 09:17am CDT,0,TrainIsland,False,False,32,5,
mock-drafts,2026,mocks/Show-0,/mock-drafts/2026/hogs-haven-2026-christian-paolantonio,https://www.nflmockdraftdatabase.com/mock-drafts/2026/hogs-haven-2026-christian-paolantonio,Hogs Haven,Christian Paolantonio,04/21/26,2026 NFL Mock Draft 2.0: Commanders Find Terry McLaurin’s Successor : Best WR in the draft to Washington,"NFL Draft week is finally here and with that, we are inching closer to having concrete results after months of chatter, rumors, and overall propaganda regarding one of the biggest annual events in all of sports. A little over a month ago we put out the 1.0 version of my mock draft, which included zero trades and was also prior to the news of Denver trading their No. 30 overall pick for Miami’s Jaylen Waddle, and more recently, Cincinnati acquirung New York Giants DT Dexter Lawrence for the No. 10 overall selection.",https://www.hogshaven.com/nfl-mock-draft/410831/2026-nfl-mock-draft-2-0-commanders-find-terry-mclaurins-successor?utm_source=nflmockdraftdatabase&utm_medium=website&utm_content=read_mock_link,https://www.nflmockdraftdatabase.com/big-boards/2026/consensus-big-board-2026,https://www.nflmockdraftdatabase.com/mock-drafts/2026/final-scores,,,False,False,False,04/28/2026 08:28am CDT,0,CPaolantonio_,False,False,32,2,
mock-drafts,2026,mocks/Show-0,/mock-drafts/2026/the-devy-royale-2026-christian-williams,https://www.nflmockdraftdatabase.com/mock-drafts/2026/the-devy-royale-2026-christian-williams,The Devy Royale,Christian Williams,04/22/26,Christian Williams' Final 2026 NFL Mock Draft : The 2026 NFL Draft is a day away. Here's my final stab at predicting what will happen on Thursday evening.,"The 2026 NFL Draft discourse is approaching a close, and we still know very little about the first few picks. Previous years have been easy to project, with sure fire selections at the top. This year, that’s only true of the first pick, which is sure to create an exciting Thursday night. Here’s how I see it unfolding this week.",https://www.thedevyroyale.com/p/christian-williams-final-2026-nfl?utm_source=nflmockdraftdatabase&utm_medium=website&utm_content=read_mock_link,https://www.nflmockdraftdatabase.com/big-boards/2026/consensus-big-board-2026,https://www.nflmockdraftdatabase.com/mock-drafts/2026/final-scores,,,False,False,False,04/29/2026 09:12am CDT,0,CWilliamsNFL,False,False,32,3,
mock-drafts,2026,mocks/Show-0,/mock-drafts/2026/pittsburgh-post-gazette-2026-christopher-carter,https://www.nflmockdraftdatabase.com/mock-drafts/2026/pittsburgh-post-gazette-2026-christopher-carter,Pittsburgh Post Gazette,Christopher Carter,04/21/26,Christopher Carter’s first-round mock draft: Which wide receiver do the Steelers snag? : ,"The first round of the NFL Draft is just two days away, but the board has changed thanks to a blockbuster trade that sent the Cincinnati Bengals’ 10th overall draft pick to the New York Giants for nose tackle Dexter Lawrence. As teams have furthered their draft processes since our first-round mock 1.0, we now have more information to go off, with all team’s pre-draft visitors and pro day attendance in consideration. This mock draft examines the needs of all the teams that have first-round picks to get a sense of how the class could play out ahead of the Steelers’ 21st overall pick. For the sake of this exercise, we won’t use any trades. But we will make note of where certain trade targets might be for the Steelers if they want to get a specific prospect targets based on how this board falls.",https://www.post-gazette.com/sports/2026-nfl-draft/2026/04/21/nfl-draft-christopher-carter-first-round-mock-steelers-receiver-omar-cooper-jr/stories/202604210014?utm_source=nflmockdraftdatabase&utm_medium=website&utm_content=read_mock_link,https://www.nflmockdraftdatabase.com/big-boards/2026/consensus-big-board-2026,https://www.nflmockdraftdatabase.com/mock-drafts/2026/final-scores,,,False,False,False,04/28/2026 08:59am CDT,0,CarterCritiques,False,False,32,2,
mock-drafts,2026,mocks/Show-0,/mock-drafts/2026/fansided-2026-cody-williams,https://www.nflmockdraftdatabase.com/mock-drafts/2026/fansided-2026-cody-williams,Fansided,Cody Williams,04/18/26,"NFL Mock Draft 2026, Botch Job: How every team screws up its first-round pick : Full first-round 2026 NFL Mock Draft projection based on what every team should avoid doing in this year's draft.","The first round of the 2026 NFL Draft offers an abundance of opportunity for teams to add a top-tier prospect to the roster and either build around them or with them. In the same light, however, no chance in the NFL comes without risk, and there is always the risk of a team messing up its first-round pick, which can set the franchise back a step, though to varying degrees. And to avoid those mistakes, you have to know what they are. So that's what our latest NFL Mock Draft will explore. There are different ways NFL teams can screw up their first-round picks, no question. But whether it's taking the wrong player, having the wrong positional ideology, or otherwise, this is the NFL Mock Draft inspired by Frank Reynolds. It's botched! And let's dive into the 32 wrong picks that teams could make.",https://fansided.com/nfl/nfl-mock-draft-2026-botch-job-how-every-team-screws-up-its-first-round-pick?utm_source=nflmockdraftdatabase&utm_medium=website&utm_content=read_mock_link,https://www.nflmockdraftdatabase.com/big-boards/2026/consensus-big-board-2026,https://www.nflmockdraftdatabase.com/mock-drafts/2026/final-scores,,,False,False,False,04/25/2026 09:30pm CDT,0,TheSizzle20,False,False,32,21,
mock-drafts,2026,mocks/Show-0,/mock-drafts/2026/sports-gambling-podcast-2026-cody-zeeb?date=2026-03-15,https://www.nflmockdraftdatabase.com/mock-drafts/2026/sports-gambling-podcast-2026-cody-zeeb?date=2026-03-15,Sports Gambling Podcast,Cody Zeeb,03/14/26,"2026 NFL Mock Draft: Post Free Agency, First Round- Cody Zeeb 2.0 : The dust is settling on another wild NFL free agency period. Giving way to a much clearer picture as we head towards the 2026 NFL Draft","The dust is settling on another wild NFL free agency period. Giving way to a much clearer picture as we head towards the 2026 NFL Draft, which is just over a month away. Some teams took big swings and addressed areas of need, making the picture much clearer on what they need to address in the 2026 NFL Draft. Let’s dive in and take a look at my post NFL free agency 2026 NFL Mock Draft 2.0. Since my 1.0 mock came out just a few weeks ago, there has been a change to the order. The Los Angeles Rams traded the 29th pick (among other things) to the Kansas City Chiefs. Leaving Los Angeles with just one first-round pick, No. 13 from the Atlanta Falcons. Then the Las Vegas Raiders also added some capital, snagging the No. 14 overall pick from the Baltimore Ravens (among other things) for Maxx Crosby, until they didn’t. As we all know, Baltimore backed out of the deal and instead signed Trey Hendrickson. That leaves four teams that do not have a first-round pick in the 2026 NFL Draft; the Rams had two, so they retain the #13 pick. The Jaguars, Falcons, Colts, and Packers are the teams without a first-round selection. This mock draft does not include any projected trades; I only use real trades that have already taken place. When I mock, I make the picks as I go down the board, being conscious not to “save” someone for a specific team.",https://www.sportsgamblingpodcast.com/2026/03/14/2026-nfl-mock-draft-first-round-post-free-agency-cody-zeeb-2-0/?utm_source=nflmockdraftdatabase&utm_medium=website&utm_content=read_mock_link,https://www.nflmockdraftdatabase.com/big-boards/2026/consensus-big-board-2026,https://www.nflmockdraftdatabase.com/mock-drafts/2026/final-scores,,,False,False,False,03/22/2026 08:37pm CDT,0,Husker_Zeeb,False,False,32,2,102.0
mock-drafts,2026,mocks/Show-0,/mock-drafts/2026/fox-sports-2026-colin-cowherd,https://www.nflmockdraftdatabase.com/mock-drafts/2026/fox-sports-2026-colin-cowherd,Fox Sports,Colin Cowherd,04/09/26,2026 NFL Mock Draft : Sonny Styles to the Giants? Carnell Tate to the Browns? Here's how Colin Cowherd thinks the top 15 picks in the 2026 NFL Draft will go.,"Can Colin Cowherd correctly predict the first round of the 2026 NFL Draft? He isn't sure, but he's hopeful that he can guess five of the first 15 picks right based on what he's hearing in his discussions with people around the league. Cowherd unveiled how he thinks the top 15 picks will go in his most recent mock draft as we're two weeks away from Round 1. While his top-four picks might be what you've seen in other mock drafts, he has the New York Giants making a move that might not seem to be too popular. He also has Patrick Mahomes, Matthew Stafford and Lamar Jackson getting some reinforcements around them on offense. So, let's take a look at how Cowherd thinks the first 15 picks of the 2026 NFL Draft will go down, based on what he's hearing.",https://www.foxsports.com/stories/nfl/2026-nfl-mock-draft-colin-cowherd-predicts-patrick-mahomes-lamar-jackson-get-big-help?utm_source=nflmockdraftdatabase&utm_medium=website&utm_content=read_mock_link,https://www.nflmockdraftdatabase.com/big-boards/2026/consensus-big-board-2026,https://www.nflmockdraftdatabase.com/mock-drafts/2026/final-scores,,,False,False,False,04/16/2026 09:26pm CDT,0,ColinCowherd,False,False,15,2,
mock-drafts,2026,mocks/Show-0,/mock-drafts/2026/sny-2026-connor-hughes,https://www.nflmockdraftdatabase.com/mock-drafts/2026/sny-2026-connor-hughes,SNY,Connor Hughes,04/21/26,"2026 NFL Mock Draft Top 16: Who will Jets and Giants pick? : This 2026 NFL Mock Draft goes through the Jets' second first-round pick, currently slated to be No. 16.","It’s draft week! Finally. And with it, one final mock from us here at SNY. This one, which includes some trades, goes through the Jets’ second first-round pick, currently slated to be No. 16. Let’s get to it.",https://sny.tv/articles/2026-nfl-mock-draft-jets-giants-pick?utm_source=nflmockdraftdatabase&utm_medium=website&utm_content=read_mock_link,https://www.nflmockdraftdatabase.com/big-boards/2026/consensus-big-board-2026,https://www.nflmockdraftdatabase.com/mock-drafts/2026/final-scores,,,False,False,False,04/28/2026 08:32am CDT,0,Connor_J_Hughes,False,False,16,3,
mock-drafts,2026,mocks/Show-0,/mock-drafts/2026/nbc-sports-2026-connor-rogers?date=2026-03-17,https://www.nflmockdraftdatabase.com/mock-drafts/2026/nbc-sports-2026-connor-rogers?date=2026-03-17,NBC Sports,Connor Rogers,03/17/26,"2026 NFL Mock Draft 2.0: Titans get Jeremiyah Love, Rueben Bain Jr. lands with Chiefs : Free agency has shifted some teams' priorities as NBC Sports NFL draft analyst Connor Rogers looks at how the 2026 NFL Draft may shape up after a few big signings.","Nothing shakes up the NFL Draft world like the first few waves of free agency. NFL teams wisely plug holes, trade for impact starters and begin to lay their blueprint to round out a roster. Let’s get into what changed and how the first round could look in a predictive mock draft.",https://www.nbcsports.com/nfl/news/2026-nfl-mock-draft-2-0-titans-get-jeremiyah-love-rueben-bain-jr-lands-with-chiefs?utm_source=nflmockdraftdatabase&utm_medium=website&utm_content=read_mock_link,https://www.nflmockdraftdatabase.com/big-boards/2026/consensus-big-board-2026,https://www.nflmockdraftdatabase.com/mock-drafts/2026/final-scores,,,False,False,False,03/24/2026 11:47am CDT,0,ConnorJRogers,False,False,32,2,83.0
mock-drafts,2026,mocks/Show-0,/mock-drafts/2026/si-2026-conor-orr,https://www.nflmockdraftdatabase.com/mock-drafts/2026/si-2026-conor-orr,SI,Conor Orr,04/21/26,"Conor Orr’s NFL Mock Draft 2026: A Bold Trade Up for Jeremiyah Love : The Cardinals make three first-round picks, the Eagles trade up and two teams make big moves into the top five.","The actual NFL draft is two days away. Over the weekend, the complexion of this draft changed significantly with the trade of Dexter Lawrence II for a few reasons that I illustrated in more detail here. But in short, six teams have a majority of the capital in this draft. And I think a lot of teams feel the way the Bengals do about the actual layout of talent: It’s not great. That’s why this mock reflects some trade action inside the top five to scoop up the “premium” options on the board. I wonder if a trade up from later in the top 10, or just outside the top 10, could be accomplished at a more affordable price, by the way. The comparison I’m thinking of is 2013, when the Dolphins came up to No. 3 for pass rusher Dion Jordan, costing them simply that year’s first- and second-round picks. The Giants traded a player to the Bengals whom, I’m guessing, they had hoped to get a late first-round pick for a few days before. While the 2013 draft was maligned for its lack of talent, it still featured future gold jackets in Lane Johnson and Travis Kelce. Keenan Allen was a third-round pick. So was Tyrann Mathieu. Not all is lost. But it’s hard to ignore leaguewide behavior as we dive into what will be our second and final mock of the season (the first one was a bit nontraditional, featuring more Kevin Costner than you’re likely expecting, and you can find it here).",https://www.si.com/nfl/mock-draft-2026-conor-orr?utm_source=nflmockdraftdatabase&utm_medium=website&utm_content=read_mock_link,https://www.nflmockdraftdatabase.com/big-boards/2026/consensus-big-board-2026,https://www.nflmockdraftdatabase.com/mock-drafts/2026/final-scores,,,False,False,False,04/28/2026 08:49am CDT,0,ConorOrr,False,False,32,1,
mock-drafts,2026,mocks/Show-0,/mock-drafts/2026/lindy-sports-2026-cory-bonini,https://www.nflmockdraftdatabase.com/mock-drafts/2026/lindy-sports-2026-cory-bonini,Lindy Sports,Cory Bonini,04/21/26,2026 NFL Mock Draft ,"The 2026 NFL Draft kicks off Thursday night, and in a time-honored tradition, it’s time to predict how the picks will play out. This mock draft includes a few thoughts on each player and a couple of projected trades (marked by an asterisk). System fits, team needs, player talent, and more come into play here. Feel free to sound off in the poll below, and let us know what you think on social media!",https://lindyssports.com/nfl/2026-nfl-mock-draft-round1-cory-bonini?utm_source=nflmockdraftdatabase&utm_medium=website&utm_content=read_mock_link,https://www.nflmockdraftdatabase.com/big-boards/2026/consensus-big-board-2026,https://www.nflmockdraftdatabase.com/mock-drafts/2026/final-scores,,,False,False,False,04/28/2026 09:56pm CDT,0,Cory_Bonini,False,False,32,1,
mock-drafts,2026,mocks/Show-0,/mock-drafts/2026/for-the-win-2026-cory-woodroof,https://www.nflmockdraftdatabase.com/mock-drafts/2026/for-the-win-2026-cory-woodroof,For The Win,Cory Woodroof,04/18/26,2026 NFL mock draft: Top 10 update after Giants-Bengals trade : Let's do a quick NFL Draft mock update after the Giants-Bengals trade.,"The 2026 NFL Draft just got a major update with the New York Giants trading away defensive tackle Dexter Lawrence for the Cincinnati Bengals' 10th overall pick. What could the draft's first 10 picks look like with the Giants now positioned twice before selection 11? We've decided to do a flash min-mock draft to reflect how we feel the NFL Draft's first round might go, at least through the 10th pick that New York now holds. Who might the Giants draft? This isn't nearly as extensive as our Christian D'Andrea's excellent two-round NFL mock, but maybe this will scratch the itch in imagining how Thursday night might go in the draft's first 10 picks. Let's take a quick look, shall we?",https://ftw.usatoday.com/story/sports/nfl/2026/04/18/2026-nfl-mock-draft-top-10-update-giants-bengals-trade/89684351007/?utm_source=nflmockdraftdatabase&utm_medium=website&utm_content=read_mock_link,https://www.nflmockdraftdatabase.com/big-boards/2026/consensus-big-board-2026,https://www.nflmockdraftdatabase.com/mock-drafts/2026/final-scores,,,False,False,False,04/25/2026 09:25pm CDT,0,CoryWoodroof47,False,False,10,1,
mock-drafts,2026,mocks/Show-0,/mock-drafts/2026/draftwire-2026-curt-popejoy?date=2026-04-07,https://www.nflmockdraftdatabase.com/mock-drafts/2026/draftwire-2026-curt-popejoy?date=2026-04-07,Draftwire,Curt Popejoy,04/07/26,2026 NFL Draft: We let AI make a one-round mock draft : We asked AI to predict the picks in the first round of the 2026 NFL Draft and here's what we got.,"It's that time of year when mock drafts are everywhere. The 2026 NFL draft is just over two weeks from now and every prognosticator has a mock draft out. But every mock draft carries some level inherent bias, often for your favorite team or players. This is where AI comes in. They have no bias, no emotion and nothing but the data. So we asked Gemini, Google's own AI to put together a one-round mock draft using only the current order. No trades. And here is what they put together. The results are surprisingly solid and nothing jumps out to us as so far off base as to be laughable.",https://draftwire.usatoday.com/story/sports/nfl/draft/2026/04/07/2026-nfl-mock-draft-ai/89507891007/?utm_source=nflmockdraftdatabase&utm_medium=website&utm_content=read_mock_link,https://www.nflmockdraftdatabase.com/big-boards/2026/consensus-big-board-2026,https://www.nflmockdraftdatabase.com/mock-drafts/2026/final-scores,,,False,False,False,04/14/2026 09:18pm CDT,0,CurtPopejoySW,False,False,32,16,
mock-drafts,2026,mocks/Show-0,/mock-drafts/2026/pro-football-focus-2026-daire-carragher?date=2026-04-06,https://www.nflmockdraftdatabase.com/mock-drafts/2026/pro-football-focus-2026-daire-carragher?date=2026-04-06,Pro Football Focus,Daire Carragher,04/06/26,"2026 NFL Mock Draft: Sonny Styles slides, Chiefs trade up for top edge rusher : Fernando Mendoza leads a 2026 NFL Draft class starting to take shape, but movement behind him â from Caleb Downs to a trade-up for Jeremiyah Love â defines this first-round projection. This mock highlights how team needs and positional value reshape the board. Use PFFâs Mock Draft Simulator, customizable Big Board and Scouting Assistant to build your own version of Round 1.","The 2026 NFL Draft is starting to round into focus, and this mock reflects where the class currently stands, with quarterbacks like Fernando Mendoza pushing for the top spot, blue-chip defenders such as Caleb Downs anchoring the early picks and a thin-but-intriguing skill group led by Jeremiyah Love shaping the rest of Round 1. As that picture comes into focus, PFF’s Mock Draft Simulator, Customizable Big Board and Scouting Assistant allow you to build your own version of this class and explore how team needs, positional value and draft capital influence the board.",https://www.pff.com/news/draft-2026-nfl-mock-draft-sonny-styles-slides-chiefs-trade-up-for-top-edge-rusher?utm_source=nflmockdraftdatabase&utm_medium=website&utm_content=read_mock_link,https://www.nflmockdraftdatabase.com/big-boards/2026/consensus-big-board-2026,https://www.nflmockdraftdatabase.com/mock-drafts/2026/final-scores,,,False,False,False,04/13/2026 11:57am CDT,0,DaireCarragher,False,False,32,1,
mock-drafts,2026,mocks/Show-0,/mock-drafts/2026/eleven-warriors-2026-dan-hope,https://www.nflmockdraftdatabase.com/mock-drafts/2026/eleven-warriors-2026-dan-hope,Eleven Warriors,Dan Hope,04/22/26,"2026 NFL Mock Draft: Projections for Every First-Round Pick : Eight Big Ten players are projected to go in the top 15, including four Buckeyes in the top eight, in our projection of how all 32 first-round picks in the 2026 NFL draft will play out.","The 2026 NFL draft is only one day away, and it’s shaping up to be a big draft for Ohio State and the Big Ten. After publishing my projections for where every draft prospect from Ohio State will be selected on Tuesday, I’ve put together a full projection for how all 32 first-round picks could play out tomorrow. It’s shaping up to be a big first round for the Big Ten, which is projected to have eight of the draft’s first 15 picks, including four Buckeyes. In total, the Big Ten is projected to have 12 of the draft’s top 25 picks, while the SEC is projected to have only one top-15 pick and eight total first-rounders. Coming off of back-to-back top-15 finishes in The Huddle Report’s media mock draft contest, will I be able to keep the good results going in 2026? Here’s my best guesses as to how the entire first round of the 2026 NFL draft will play out on Thursday night in Pittsburgh.",https://www.elevenwarriors.com/college-football/2026/04/162327/2026-nfl-mock-draft-projections-for-every-first-round-pick?utm_source=nflmockdraftdatabase&utm_medium=website&utm_content=read_mock_link,https://www.nflmockdraftdatabase.com/big-boards/2026/consensus-big-board-2026,https://www.nflmockdraftdatabase.com/mock-drafts/2026/final-scores,,,False,False,False,04/29/2026 09:21am CDT,1,Dan_Hope,False,False,32,1,
mock-drafts,2026,mocks/Show-0,/mock-drafts/2026/cat-scratch-reader-2026-daniel-belton,https://www.nflmockdraftdatabase.com/mock-drafts/2026/cat-scratch-reader-2026-daniel-belton,Cat Scratch Reader,Daniel Belton,04/09/26,"2026 CSR NFL Mock Draft 4.0 : Now that the NFL Draft is just a couple weeks away, CSR has updated its 2026 NFL mock draft, now with trades!","The NFL Draft is now just two weeks away! Teams have some new faces and filled some roster holes, so let’s take a guess at what round one will look like. For the sake of this particular mock draft, we WILL be using trades. Trade valuations will be based on multiple draft value charts. The selections here are what I think teams will do, which will undoubtedly be wrong, so feel free to mock the mock in the comment section!",https://www.catscratchreader.com/carolina-panthers-draft/58728/2026-csr-nfl-mock-draft-4-0?utm_source=nflmockdraftdatabase&utm_medium=website&utm_content=read_mock_link,https://www.nflmockdraftdatabase.com/big-boards/2026/consensus-big-board-2026,https://www.nflmockdraftdatabase.com/mock-drafts/2026/final-scores,,,False,False,False,04/16/2026 09:39am CDT,0,DBelt15,False,False,32,5,
mock-drafts,2026,mocks/Show-0,/mock-drafts/2026/nfl-com-2026-daniel-jeremiah?date=2026-03-17,https://www.nflmockdraftdatabase.com/mock-drafts/2026/nfl-com-2026-daniel-jeremiah?date=2026-03-17,NFL.com,Daniel Jeremiah,03/17/26,"Daniel Jeremiah 2026 NFL mock draft 3.0: RB Jeremiyah Love, LB Sonny Styles crack top five : In his third mock of the 2026 NFL Draft, Daniel Jeremiah forecasts RB Jeremiyah Love and LB Sonny Styles both crack the top five. Plus, Seattle replaces Super Bowl MVP Kenneth Walker III. Check out the full first-round projection, 1-32.","With the early stages of free agency in the books, here's my new forecast for the first 32 picks of the 2026 NFL Draft. I'm not projecting any trades here, but with plenty of time remaining before Round 1 begins on April 23 in Pittsburgh, there are still moves to be made. In fact, just as we were about to publish this mock, news broke that the Broncos are sending the No. 30 overall pick to the Dolphins as part of a deal for WR Jaylen Waddle. Another major twist or turn could certainly materialize, which makes this one of my favorite times of the year!",https://www.nfl.com/news/daniel-jeremiah-2026-nfl-mock-draft-3-0-rb-jeremiyah-love-lb-sonny-styles-crack-top-five?utm_source=nflmockdraftdatabase&utm_medium=website&utm_content=read_mock_link,https://www.nflmockdraftdatabase.com/big-boards/2026/consensus-big-board-2026,https://www.nflmockdraftdatabase.com/mock-drafts/2026/final-scores,,,False,False,False,03/24/2026 11:41am CDT,2,MoveTheSticks,False,False,32,3,81.0
mock-drafts,2026,mocks/Show-0,/mock-drafts/2026/the-casual-nfl-draft-analyst-2026-dante-collinelli,https://www.nflmockdraftdatabase.com/mock-drafts/2026/the-casual-nfl-draft-analyst-2026-dante-collinelli,The Casual NFL Draft Analyst,Dante Collinelli,04/20/26,2026 NFL Mock Draft 3.0 : My final predictions for Round 1 of the 2026 NFL Draft.,"The 2026 NFL Draft is this week, and it can’t come soon enough. It’s always a long road for those of us who cover the draft all year round, but this year felt even longer. In any event, we’ve made it to the end. Here are my final predictions for Round 1 ahead of Thursday night.",https://thecasualnfldraftanalyst.substack.com/p/2026-nfl-mock-draft-30?utm_source=nflmockdraftdatabase&utm_medium=website&utm_content=read_mock_link,https://www.nflmockdraftdatabase.com/big-boards/2026/consensus-big-board-2026,https://www.nflmockdraftdatabase.com/mock-drafts/2026/final-scores,,,False,False,False,04/27/2026 11:54am CDT,0,DanteCollinelli,False,False,32,3,
mock-drafts,2026,mocks/Show-0,/mock-drafts/2026/football-guys-2026-dave-kluge,https://www.nflmockdraftdatabase.com/mock-drafts/2026/football-guys-2026-dave-kluge,Football Guys,Dave Kluge,04/21/26,"2026 NFL Mock Draft – Final Full Round 1 Predictions by Dave Kluge : 2026 NFL Mock Draft: Full Round 1 projections before the 2026 NFL Draft, including team needs, scheme fits, and top prospects from No. 1 to No. 32 by Dave Kluge.","The 2026 NFL Draft is just a couple of days away, and team needs have finally come into focus. It's hard to differentiate what's real and what's fake this time of year. Team executives, agents, and insiders are all working together in order to push narratives and boost values This 2026 NFL Mock Draft projects every first-round pick based on roster needs, scheme fits, and recent offseason moves. From Fernando Mendoza first overall to some late surprises, here's how Round 1 could play out. For even more insight into these picks, check out the latest episode of The Footballguys Fantasy Football Show, where Jeff Bell and Joey Wright join me to discuss this mock draft in its entirety.",https://www.footballguys.com/article/2026-dave-kluges-final-mock-draft-round-1?utm_source=nflmockdraftdatabase&utm_medium=website&utm_content=read_mock_link,https://www.nflmockdraftdatabase.com/big-boards/2026/consensus-big-board-2026,https://www.nflmockdraftdatabase.com/mock-drafts/2026/final-scores,,,False,False,False,04/28/2026 09:38pm CDT,0,DaveKluge,False,False,32,2,
mock-drafts,2026,mocks/Show-0,/mock-drafts/2026/sun-sentinel-2026-david-furones?date=2026-04-04,https://www.nflmockdraftdatabase.com/mock-drafts/2026/sun-sentinel-2026-david-furones?date=2026-04-04,Sun Sentinel,David Furones,04/04/26,"2026 NFL mock draft: Dolphins address major needs with two first-round picks : In the Sun Sentinel's fourth mock draft, the Miami Dolphins land two top prospects at positions of need in the first round, CB Jermod McCoy and WR Denzel Boston.","We’re in the final month before the draft. The Miami Dolphins and 31 other NFL teams have evaluated prospects off their film, at college postseason all-star games like the Senior Bowl, at the scouting combine and now through pro days at their universities and pre-draft visits at team facilities. Pro clubs have also gone through the first wave of free agency, and aside from quarterback Malik Willis, the Dolphins haven’t signed any player of the caliber to deter them from drafting at any other position. Miami still has major needs at edge defender, cornerback, safety and on the offensive line, while wide receiver could easily rise to the forefront of those needs after the trade that sent Jaylen Waddle to the Denver Broncos. That move also netted the Dolphins an extra first-round selection, at No. 30. As a reminder, the draft is April 23-25 in Pittsburgh. To see how the board has changed over time, check out Chris Perkins’ initial mock draft, David Furones’ post-combine mock and Perkins’ post-Waddle trade mock. Here is the Sun Sentinel’s fourth 2026 mock draft:",https://www.sun-sentinel.com/2026/04/04/2026-nfl-mock-draft-dolphins-address-major-needs-with-two-first-round-picks/?utm_source=nflmockdraftdatabase&utm_medium=website&utm_content=read_mock_link,https://www.nflmockdraftdatabase.com/big-boards/2026/consensus-big-board-2026,https://www.nflmockdraftdatabase.com/mock-drafts/2026/final-scores,,,False,False,False,04/11/2026 04:01pm CDT,0,DavidFurones_,False,False,32,2,
mock-drafts,2026,mocks/Show-0,/mock-drafts/2026/fantasy-pros-2026-dennis-sosic,https://www.nflmockdraftdatabase.com/mock-drafts/2026/fantasy-pros-2026-dennis-sosic,Fantasy Pros,Dennis Sosic,04/21/26,"2026 NFL Mock Draft With Trades: First-Round Picks & Predictions : 2026 NFL Mock Draft: First round picks, trades & scheme fit analysis. Realistic draft night scenarios based on team needs.","After months of smoke, lies and manufactured chaos, the noise finally dies, and the truth shows up on the board. Teams aren’t hiding behind projections anymore — they’re on the clock, making decisions that will either save jobs or blow up timelines. This 2026 NFL mock draft leans into fit, value and the reality that a few franchises are about to swing big and pray they don’t miss. The board is set, the stakes are real, and this is how draft night might actually unfold when the lights hit in Pittsburgh on Thursday night.",https://www.fantasypros.com/2026/04/2026-nfl-mock-draft-with-trades-first-round-picks-predictions-reese/?utm_source=nflmockdraftdatabase&utm_medium=website&utm_content=read_mock_link,https://www.nflmockdraftdatabase.com/big-boards/2026/consensus-big-board-2026,https://www.nflmockdraftdatabase.com/mock-drafts/2026/final-scores,,,False,False,False,04/28/2026 10:08pm CDT,0,CALL_ME_SOS,False,False,32,2,
mock-drafts,2026,mocks/Show-0,/mock-draft-2026,https://www.nflmockdraftdatabase.com/mock-draft-2026,Official MDDB Mock Draft,Denny,03/30/26,2026 NFL Mock Draft ,,/mock-draft-2026?utm_source=nflmockdraftdatabase&utm_medium=website&utm_content=read_mock_link,https://www.nflmockdraftdatabase.com/big-boards/2026/consensus-big-board-2026,https://www.nflmockdraftdatabase.com/mock-drafts/2026/final-scores,,,False,False,False,09/23/2025 11:45am CDT,0,_mockdrafts,False,False,257,0,
mock-drafts,2026,mocks/Show-0,/mock-drafts/2026/a-to-z-sports-2026-destin-adams,https://www.nflmockdraftdatabase.com/mock-drafts/2026/a-to-z-sports-2026-destin-adams,A To Z Sports,Destin Adams,04/09/26,"2026 NFL first round mock draft: Top 3 gets shaken up, and an NFC team makes an aggressive trade to land Jeremiyah Love : A brand new first round 2026 NFL mock draft sees multiple trades go down shaking up round one of the draft order.","The draft cycle has just about run its course, with all-star games, the scouting combine, and pro-days all in the rear-view mirror now. The 2026 NFL Draft is two weeks away from kicking off on Thursday, April 23, in Pittsburgh. The rumor mill is running wild across the league in terms of what each team is planning to do in this year’s draft. Which makes it feel like a good time to share a new first-round mock draft, and with it so close, let’s throw in some trades.",https://atozsports.com/nfl-draft/first-round-2026-first-round-mock-draft-trades-jeremiyah-love-carnell-tate-kenyon-sadiq-caleb-downs/?utm_source=nflmockdraftdatabase&utm_medium=website&utm_content=read_mock_link,https://www.nflmockdraftdatabase.com/big-boards/2026/consensus-big-board-2026,https://www.nflmockdraftdatabase.com/mock-drafts/2026/final-scores,,,False,False,False,04/16/2026 09:25pm CDT,0,destin_adams14,False,False,32,1,
mock-drafts,2026,mocks/Show-0,/mock-drafts/2026/philadelphia-inquirer-2026-devin-jackson,https://www.nflmockdraftdatabase.com/mock-drafts/2026/philadelphia-inquirer-2026-devin-jackson,Philadelphia Inquirer,Devin Jackson,04/20/26,"2026 NFL mock draft 4.0: Will the Eagles stand pat or make a first-round trade? : Draft week is upon us. An active first round of trades could be in the cards, and the Eagles just might be among the teams making moves.","It is officially NFL draft week, with 16 invited prospects descending on Pittsburgh for the three-day event that begins Thursday night. While the top pick appears solidified, the draft is difficult to predict given the lack of top quarterbacks in this class, along with the number of premium players at non-premium positions. Will the Eagles be among the teams that get aggressive and trade up in the first round? Here’s how we’re predicting the first round to play out:",https://www.inquirer.com/eagles/nfl-mock-draft-2026-first-round-predictions-20260420.html?utm_source=nflmockdraftdatabase&utm_medium=website&utm_content=read_mock_link,https://www.nflmockdraftdatabase.com/big-boards/2026/consensus-big-board-2026,https://www.nflmockdraftdatabase.com/mock-drafts/2026/final-scores,,,False,False,False,04/27/2026 09:03am CDT,0,RealD_Jackson,False,False,32,4,
mock-drafts,2026,mocks/Show-0,/mock-drafts/2026/big-cat-country-2026-dillon-appleman?date=2026-03-23,https://www.nflmockdraftdatabase.com/mock-drafts/2026/big-cat-country-2026-dillon-appleman?date=2026-03-23,Big Cat Country,Dillon Appleman,03/23/26,"Monday Mock: Full Three-Round 2026 Mock Draft #Jaguars : A full three-round 2026 NFL mock draft, with detailed blurbs for each Jacksonville Jaguars selection.","With the initial wave of free agency in the rearview mirror, team needs have shifted, and draft plans are starting to come into focus. That makes now the perfect time to map out a full three-round mock draft, projecting all 32 teams and how the board could realistically fall over the first two days. While this exercise takes a league-wide view, there’s still a Jacksonville-centric layer throughout, as I’ve included short blurbs for each Jaguars pick to break down the selections and what they could mean for the team moving forward.",https://www.bigcatcountry.com/nfl-mock-draft/83488/three-round-2026-nfl-mock-fernando-mendoza?utm_source=nflmockdraftdatabase&utm_medium=website&utm_content=read_mock_link,https://www.nflmockdraftdatabase.com/big-boards/2026/consensus-big-board-2026,https://www.nflmockdraftdatabase.com/mock-drafts/2026/final-scores,,,False,False,False,03/30/2026 11:54am CDT,0,DayDayAppleman,False,False,32,1,29.0
mock-drafts,2026,mocks/Show-0,/mock-drafts/2026/the-huddle-2026-doug-orth,https://www.nflmockdraftdatabase.com/mock-drafts/2026/the-huddle-2026-doug-orth,The Huddle,Doug Orth,04/13/26,Doug Orth's 2026 NFL Mock Draft 1.0 : How will the draft unfold after Fernando Mendoza goes No. 1. Where will Jeremiyah Love land? Find the answers to that and more inside.,"Welcome to the first of what will likely be two mock drafts before the real thing kicks off in 1 1/2 weeks on Thursday, April 23. Be sure to check our NFL Draft Central page for the rest of our mocks, player scouting reports, and post-draft analysis of every key pick relevant to fantasy football.",https://www.thehuddle.com/story/sports/fantasy/football/nfl-draft/2026/04/13/the-huddles-2026-nfl-mock-draft-version-1-0/89596964007/?utm_source=nflmockdraftdatabase&utm_medium=website&utm_content=read_mock_link,https://www.nflmockdraftdatabase.com/big-boards/2026/consensus-big-board-2026,https://www.nflmockdraftdatabase.com/mock-drafts/2026/final-scores,,,False,False,False,04/20/2026 09:51pm CDT,0,DougOrth,False,False,32,1,
mock-drafts,2026,mocks/Show-0,/mock-drafts/2026/wolf-sports-2026-dylan-chappine,https://www.nflmockdraftdatabase.com/mock-drafts/2026/wolf-sports-2026-dylan-chappine,Wolf Sports,Dylan Chappine,04/16/26,2026 NFL Mock Draft One Week Before the Draft - Wolf Sports : 2026 NFL mock draft with one week remaining until Round 1. Does Sonny Styles go as high as No. 4 to the Titans?,"The 2026 NFL Draft is one week away—and it remains an unpredictable year. This mock draft includes a relative surprise to the Titans at No. 4 overall, and running back Jeremiyah Love going outside of the top five.",https://wolfsports.com/nfl/2026-nfl-mock-draft-one-week-before-the-draft/?utm_source=nflmockdraftdatabase&utm_medium=website&utm_content=read_mock_link,https://www.nflmockdraftdatabase.com/big-boards/2026/consensus-big-board-2026,https://www.nflmockdraftdatabase.com/mock-drafts/2026/final-scores,,,False,False,False,04/23/2026 09:39pm CDT,0,dylanchappine,False,False,32,4,
mock-drafts,2026,mocks/Show-0,/mock-drafts/2026/san-diego-union-tribune-2026-eddie-brown?date=2026-03-31,https://www.nflmockdraftdatabase.com/mock-drafts/2026/san-diego-union-tribune-2026-eddie-brown?date=2026-03-31,San Diego Union Tribune,Eddie Brown,03/31/26,"2026 NFL Mock Draft: Full three rounds with Jets QB twist, top-5 surprise : Updated 2026 NFL Mock Draft projects all 100 picks across three rounds, with Fernando Mendoza at No. 1, a Jets quarterback twist and several major risers.","Just over three weeks from draft night, we’ve entered into the most chaotic and entertaining stage of the 2026 NFL Draft season. It’s the point where every rumor sounds plausible, every pro day becomes a referendum and every front office suddenly starts talking like it invented misdirection. This is the season of smoke screens, strategic leaks and quarterback debates inflated to cable-news proportions. Updating my 2026 NFL Mock Draft is no longer a clean exercise in team needs and prospect grades. It’s more about cutting through the noise. Fernando Mendoza still stands as the clear-cut top quarterback in this class — the most accomplished, the most battle-tested and, frankly, the least complicated evaluation among the top passers. But Ty Simpson has become the draft industrial complex’s favorite argument after Dan Orlovsky’s public table-pounding and the Jets’ private workout intrigue. The reality is if a team like the Jets, Cardinals or even the Browns, decide to invest in Simpson, it will likely be in the bottom half of the first round. Meanwhile, Rueben Bain Jr. remains one of the class’s most fascinating stress tests for evaluators. He’s a violent, top-tier talent whose arm length has become a draft-season group chat obsession. What Bain lacks in wingspan, he more than makes up for in brutality, and sheer force.",https://www.sandiegouniontribune.com/2026/03/31/2026-nfl-mock-draft-full-three-rounds-with-jets-qb-twist-top-5-surprise/?utm_source=nflmockdraftdatabase&utm_medium=website&utm_content=read_mock_link,https://www.nflmockdraftdatabase.com/big-boards/2026/consensus-big-board-2026,https://www.nflmockdraftdatabase.com/mock-drafts/2026/final-scores,,,False,False,False,04/07/2026 10:08pm CDT,1,UTEddieBrown,False,False,32,16,
mock-drafts,2026,mocks/Show-0,/mock-drafts/2026/daily-lobo-2026-edge-garcia?date=2026-04-06,https://www.nflmockdraftdatabase.com/mock-drafts/2026/daily-lobo-2026-edge-garcia?date=2026-04-06,Daily Lobo,Edge Garcia,04/06/26,"OPINION: NFL first round mock draft, defensive ends fly off the board : With the 2026 NFL Draft just a few weeks away on April 23-25, many fans are wondering which of their favorite athletes could get picked. Giving more clarity on what holes each team needs to fill on their roster long-term, here's an early look at how night one of the draft could shape out.","With the 2026 NFL Draft just a few weeks away on April 23-25, many fans are wondering which of their favorite athletes could get picked. Giving more clarity on what holes each team needs to fill on their roster long-term, here's an early look at how night one of the draft could shape out.",https://www.dailylobo.com/article/2026/04/opinion-nfl-first-round-mock-draft-defensive-ends-fly-off-the-board?utm_source=nflmockdraftdatabase&utm_medium=website&utm_content=read_mock_link,https://www.nflmockdraftdatabase.com/big-boards/2026/consensus-big-board-2026,https://www.nflmockdraftdatabase.com/mock-drafts/2026/final-scores,,,False,False,False,04/13/2026 09:22pm CDT,0,DailyLobo,False,False,32,1,
mock-drafts,2026,mocks/Show-0,/mock-drafts/2026/pro-football-rumors-2026-ely-allen,https://www.nflmockdraftdatabase.com/mock-drafts/2026/pro-football-rumors-2026-ely-allen,Pro Football Rumors,Ely Allen,04/18/26,"Pro Football Rumors 2026 NFL Mock Draft : As the 2026 NFL draft nears, PFR's Ely Allen gives us his latest mock draft","Making a mock draft a year ago was so much simpler. When the Titans were put on the clock at No. 1 overall, all 32 NFL teams held their own first-round picks. This year, four teams have two first-round picks, and five do not pick until Day 2. In addition, draft pundits believe teams will be aggressive with trades in the first round this year. As a result, there has been speculation an early run of offensive tackle prospects could be coming in this draft, delaying any similar run for wide receivers. Unfortunately, in the current draft order, an early run of offensive tackles makes very little sense, and attempting to predict which teams will outbid which teams to trade up with whichever other third teams is a challenge that would ultimately lead to option paralysis — or, really, more option paralysis than a mock draft usually induces. Therefore, we will continue last year’s tradition, ignoring any trade possibilities after this date and identifying optimal prospects for each team in its current draft slot with its current position needs. And, because no one should have to miss out on the fun, the five teams not participating on Day 1 will still get mocks for their first picks in the second round of the 2026 NFL Draft.",https://www.profootballrumors.com/2026/04/pro-football-rumors-2026-nfl-mock-draft?utm_source=nflmockdraftdatabase&utm_medium=website&utm_content=read_mock_link,https://www.nflmockdraftdatabase.com/big-boards/2026/consensus-big-board-2026,https://www.nflmockdraftdatabase.com/mock-drafts/2026/final-scores,,,False,False,False,04/25/2026 08:58am CDT,0,_ElyAllen,False,False,32,1,
mock-drafts,2026,mocks/Show-0,/mock-drafts/2026/nfl-com-2026-eric-edholm,https://www.nflmockdraftdatabase.com/mock-drafts/2026/nfl-com-2026-eric-edholm,NFL.com,Eric Edholm,04/20/26,Eric Edholm 2026 NFL mock draft 3.0: Giants double down on Buckeyes; Cowboys make bold choice at LB : Are the Giants about to double down on Buckeyes in the top 10? Will the Cowboys get bold with their second selection on Thursday night? Eric Edholm takes a final turn at projecting all 32 picks in Round 1 of the 2026 NFL Draft.,"The Giants just sent DT Dexter Lawrence to the Bengals in exchange for the No. 10 overall pick. Is that blockbuster deal a sign of things to come on Thursday night in Pittsburgh? I think some activity will happen when the picks start flying, but I don't have a strong feeling about what those specific moves will look like -- so I'm playing my final mock draft of 2026 straight and not projecting any trades. I also know this might not be the most talent-laden Round 1 of all time, but plenty of interesting developments could unfold. Here's a reasonable guess as to how it might all play out.",https://www.nfl.com/news/eric-edholm-2026-nfl-mock-draft-3-0-giants-double-down-on-buckeyes-cowboys-make-bold-choice-at-lb?utm_source=nflmockdraftdatabase&utm_medium=website&utm_content=read_mock_link,https://www.nflmockdraftdatabase.com/big-boards/2026/consensus-big-board-2026,https://www.nflmockdraftdatabase.com/mock-drafts/2026/final-scores,,,False,False,False,04/27/2026 02:37pm CDT,1,Eric_Edholm,False,False,32,3,
mock-drafts,2026,mocks/Show-0,/mock-drafts/2026/nfl-trade-rumors-2026-ethan-woodle,https://www.nflmockdraftdatabase.com/mock-drafts/2026/nfl-trade-rumors-2026-ethan-woodle,NFL Trade Rumors,Ethan Woodle,04/21/26,Final 2026 NFL Mock Draft 2.0 : %excerpt%,"After completing all my scouting and evaluation work, it’s time to turn away from that into prediction mode. We’re just two days out from the draft at this point and all the noise, smokescreens and real intel are blending together. What’s real and what’s an illusion? I’m aiming to find out. I spent so much time scouting this class that I have to make a conscious effort to set aside my own opinions on the class and focus on what the consensus — and league intel — is telling me might happen. This draft feels more wild and unpredictable than most, which shouldn’t be a surprise in a class that flattens out so much after the top 10 picks or so. That said, I like where I ended up with this mock, and I’m calling my shots on a few picks that I feel quite confident in. Speaking of scouting, be sure to check out these other draft resources I’ve prepared for you. My Top 200 Big Board went live on Sunday, and I’ve included links below to that plus all 11 of my position rankings (as well as some other draft prep articles, if you haven’t seen them yet). We’ll be coming at you with non-stop draft coverage over the weekend, so stay tuned. This is the place to be.",https://nfltraderumors.co/final-2026-nfl-mock-draft-2-0/?utm_source=nflmockdraftdatabase&utm_medium=website&utm_content=read_mock_link,https://www.nflmockdraftdatabase.com/big-boards/2026/consensus-big-board-2026,https://www.nflmockdraftdatabase.com/mock-drafts/2026/final-scores,,,False,False,False,04/28/2026 08:33am CDT,0,nfltrade_rumors,False,False,32,11,
mock-drafts,2026,mocks/Show-0,/mock-drafts/2026/establish-the-run-2026-evan-silva,https://www.nflmockdraftdatabase.com/mock-drafts/2026/establish-the-run-2026-evan-silva,Establish The Run,Evan Silva,04/15/26,2026 NFL Mock Draft ,Raiders co-owner Tom Brady likely sees much of himself in fellow football junkie Mendoza. Kirk Cousins will serve as Las Vegas’ short-term bridge quarterback and veteran mentor to Mendoza.,https://establishtherun.com/silva-nfl-mock-draft-1-0-2/?utm_source=nflmockdraftdatabase&utm_medium=website&utm_content=read_mock_link,https://www.nflmockdraftdatabase.com/big-boards/2026/consensus-big-board-2026,https://www.nflmockdraftdatabase.com/mock-drafts/2026/final-scores,,,False,False,False,04/22/2026 09:45pm CDT,0,evansilva,False,False,32,1,
mock-drafts,2026,mocks/Show-0,/mock-drafts/2026/espn-2026-field-yates?date=2026-03-24,https://www.nflmockdraftdatabase.com/mock-drafts/2026/espn-2026-field-yates?date=2026-03-24,ESPN,Field Yates,03/24/26,"2026 NFL mock draft: Yates' pick predictions in Rounds 1-2 : Field Yates unveils his latest NFL mock draft, projecting two full rounds. Which top prospects could go in the opening 64 picks?","In the past month since I did my last mock draft, we've had the NFL combine, opening of free agency and a couple of blockbuster trades. Most recently, the Broncos traded their first-round pick in a package to the Dolphins for wide receiver Jaylen Waddle. We still have a long road ahead, with pro days just starting up around the country. But for now, it's safe to make some predictions for the first two rounds based on team needs, my personal rankings and what I'm hearing from people around the league. That even allows us to get into what the Broncos, Colts, Falcons, Jaguars and Packers might do early -- all five teams traded away their first-round selections but will pick in Round 2. Let's begin with the Raiders at No. 1. And for more on these predictions, check out our new show ""NFL Draft Daily"" at 3 p.m. ET on ESPN2.",https://www.espn.com/nfl/draft2026/story/_/id/48259253/2026-nfl-mock-draft-two-rounds-64-picks-field-yates?utm_source=nflmockdraftdatabase&utm_medium=website&utm_content=read_mock_link,https://www.nflmockdraftdatabase.com/big-boards/2026/consensus-big-board-2026,https://www.nflmockdraftdatabase.com/mock-drafts/2026/final-scores,,,False,False,False,03/31/2026 07:50am CDT,0,FieldYates,False,False,32,5,26.0
mock-drafts,2026,mocks/Show-0,/mock-drafts/2026/buccaneers-com-2026-gabriel-kahaian,https://www.nflmockdraftdatabase.com/mock-drafts/2026/buccaneers-com-2026-gabriel-kahaian,Buccaneers.com,Gabriel Kahaian,04/09/26,2026 NFL Mock Draft ,"The big day is almost here. We are officially two weeks away from kicking off the 2026 NFL Draft in Pittsburgh on April 23rd. Since January (and earlier), media members and draft experts alike have been taking their shot at predicting where the NCAA's best will call home. If we have learned anything from years past, mock drafts are fickle beings. It seems every year, we all stare dumbfounded at our screens when a team reaches for a player, drafting them earlier than their expected slot. Fans are always shocked when teams deviate from the online consensus, inducing second-guessing well into September. Every April, general managers remind us that their draft boards look nothing like ours. No matter how much research you do ahead of time, the unpredictability of the draft is its calling card. Despite the meticulous work writers put into curating their mocks, the best only seem to average 35 to 40 percent in the first round. That is only 11 to 12 prospects tabbed correctly. If you are able to accurately pencil in one-third of teams' selections, that is an excellent clip. When it comes to draft night surprises, the regular season has a way of silencing every doubt and answering every question. At its core, a mock draft is a love letter from those who adore the draft and enjoy the process. As I approached my final mock of the offseason, I decided I wanted to have some fun of my own. Just as Senior Writer/Editor Scott Smith and Staff Writer/Reporter Brianna Dix predicted all of the Bucs' picks in their latest mock drafts, I will follow suit, but with a new wrinkle. Not only will I be listing out all of Tampa Bay's selections, I will also be filling all the gaps in-between. All seven rounds, all 257 picks.",https://www.buccaneers.com/news/bucs-2026-nfl-mock-draft-all-7-rounds-every-pick?utm_source=nflmockdraftdatabase&utm_medium=website&utm_content=read_mock_link,https://www.nflmockdraftdatabase.com/big-boards/2026/consensus-big-board-2026,https://www.nflmockdraftdatabase.com/mock-drafts/2026/final-scores,,,False,False,False,04/16/2026 09:26am CDT,0,kahaian4970,False,False,32,3,
mock-drafts,2026,mocks/Show-0,/mock-drafts/2026/cbs-2026-garrett-podell,https://www.nflmockdraftdatabase.com/mock-drafts/2026/cbs-2026-garrett-podell,CBS,Garrett Podell,04/16/26,2026 NFL worst mock draft ever: First-round picks designed to frustrate every NFL fan base : Garrett Podell rips through a 2026 NFL Draft scenario designed for maximum rage baiting.,"Every mock draft yours truly has produced here at CBS Sports over the years has been about one thing: attempting to create as accurate a projection for how the first-round of the NFL Draft could unfold. The 2023 NFL Draft was a crowning moment as Fantasy Pros graded my final mock that year as tied for the most accurate among all sports media personnel. However, that's not what's going on here. This mock draft is different: its aim is to rage bait every NFL fan base with the least desirable draft pick for their respective team. Does this endeavor sound somewhat silly? Sure, but then you have to recall draft moves like the San Francisco 49ers surrendering four picks, including three first-round selections, to move up from No. 12 to No. 3 in 2021 to draft Trey Lance. Or perhaps six-time Super Bowl champion head coach Bill Belichick making N'Keal Harry the first-round wide receiver he wanted in a 2019 class that also had A.J. Brown, DK Metcalf and Deebo Samuel. Eagles general manager Howie Roseman, one of the best executives in the game today, decided he'd rather have Jalen Reagor over Justin Jefferson in 2020. In 2018, the Arizona Cardinals needed a quarterback, and they chose to select Josh Rosen over Lamar Jackson.",https://www.cbssports.com/nfl/draft/news/2026-nfl-worst-mock-draft-ever-frustrate-fans/?utm_source=nflmockdraftdatabase&utm_medium=website&utm_content=read_mock_link,https://www.nflmockdraftdatabase.com/big-boards/2026/consensus-big-board-2026,https://www.nflmockdraftdatabase.com/mock-drafts/2026/final-scores,,,False,False,False,04/23/2026 09:38pm CDT,1,garrettpodell,False,False,32,6,
mock-drafts,2026,mocks/Show-0,/mock-drafts/2026/bleacher-report-2026-gary-davenport,https://www.nflmockdraftdatabase.com/mock-drafts/2026/bleacher-report-2026-gary-davenport,Bleacher Report,Gary Davenport,04/19/26,"2026 NFL Mock Draft Predictions After Giants Trade Dexter Lawrence to Bengals for Top 10 Pick : As it turns out, we didn't even have to wait for April 23 for blockbuster trades involving picks in the 2026 NFL Draft to take place.","As it turns out, we didn't even have to wait for April 23 for blockbuster trades involving picks in the 2026 NFL Draft to take place. As ESPN's Ben Baby wrote, the New York Giants have shipped disgruntled defensive tackle Dexter Lawrence to the Cincinnati Bengals for the 10th pick in this year's draft. Lawrence had requested a trade after he and the Giants couldn't agree to a reworked contract, but there will be no such problem in the Queen City. The Bengals agreed to a new contract with star defensive tackle Dexter Lawrence II on Sunday after acquiring him in a trade with the New York Giants, according to ESPN's Adam Schefter. Per Schefter, Lawrence signed a one-year extension worth $28 million with the Bengals that keeps him under contract through the 2028 season. It's a bold play to continue overhauling a bad defense after Cincinnati missed the playoffs for a third straight year in 2025—Lawrence's 123 pressures since 2022 ranks second among defensive tackles behind only Chris Jones of the Kansas City Chiefs. For the Giants, a top-10 pick is the best-case return for a player who wanted out of town. Now equipped with both the fifth and 10th picks in the draft, the Giants are well positioned to add a pair of impact players in John Harbaugh's first year as head coach. The question now is which players it will be. Here's one stab at answering that question.",https://bleacherreport.com/articles/25419796-2026-nfl-mock-draft-predictions-after-giants-trade-dexter-lawrence-bengals-top-10-pick?utm_source=nflmockdraftdatabase&utm_medium=website&utm_content=read_mock_link,https://www.nflmockdraftdatabase.com/big-boards/2026/consensus-big-board-2026,https://www.nflmockdraftdatabase.com/mock-drafts/2026/final-scores,,,False,False,False,04/26/2026 09:32pm CDT,0,IDPSharks,False,False,32,2,
mock-drafts,2026,mocks/Show-0,/mock-drafts/2026/nfl-com-2026-gennaro-filice,https://www.nflmockdraftdatabase.com/mock-drafts/2026/nfl-com-2026-gennaro-filice,NFL.com,Gennaro Filice,04/13/26,"Gennaro Filice 2026 NFL mock draft 2.0: Cowboys and Chiefs shake up top 10 with two trades : In his second mock of the 2026 NFL Draft, Gennaro Filice projects Jerry Jones' Cowboys make a blockbuster trade up to No. 3 in order to fill a need -- and that's not the only deal that shakes up the top 10. Check out the full first-round forecast, 1-32.","Hello, draftniks! I come to you with yet another simulation of how the first round could play out in Pittsburgh. But I value your time and inherently can't help but wonder ... Are you all mocked out yet? By this point in the pre-draft process, the concept of a mock draft is no longer novel. I know this. And the groupthink that inevitably takes hold of the exercise only adds to its general tediousness. So, with that in mind, I wanted to spice up the broth with a couple of trades -- trades that shake up the top 10! Oh, and one of them ultimately leads to a second quarterback coming off the board in Round 1!! Are you not entertained?!? Mildly stimulated?? Awake? I'll take it. Without further ado, here is the 10,765,493rd mock of this draft cycle. Enjoy!",https://www.nfl.com/news/gennaro-filice-2026-nfl-mock-draft-2-0-cowboys-and-chiefs-shake-up-top-10-with-two-trades?utm_source=nflmockdraftdatabase&utm_medium=website&utm_content=read_mock_link,https://www.nflmockdraftdatabase.com/big-boards/2026/consensus-big-board-2026,https://www.nflmockdraftdatabase.com/mock-drafts/2026/final-scores,,,False,False,False,04/20/2026 09:29pm CDT,0,GennaroFilice,False,False,32,2,
mock-drafts,2026,mocks/Show-0,/mock-drafts/2026/fox-sports-2026-geoff-schwartz,https://www.nflmockdraftdatabase.com/mock-drafts/2026/fox-sports-2026-geoff-schwartz,Fox Sports,Geoff Schwartz,04/15/26,2026 NFL Mock Draft : Geoff Schwartz is back with his 2026 NFL mock draft 2.0. Find out how he's shuffled the deck as we inch closer to the league's big night.,"As we rapidly approach the 2026 NFL Draft, are the top five picks starting to feel chalky? I certainly think so. In my latest mock draft, my first five picks remain unchanged from my first mock draft. Sure, some might say that's a boring way to approach doing a mock draft. And while I've shifted my position on where a few players will land, some things just make perfect sense. Of course, the Las Vegas Raiders are going to take Fernando Mendoza. But there's also a perfect edge rusher for the New York Jets waiting for them with the No. 2 pick. Don't worry, though, there are plenty of other changes in my mock draft. So, let's take a look at how I've shuffled the deck in my most recent mock draft.",https://www.foxsports.com/stories/nfl/2026-nfl-mock-draft-caleb-downs-not-top-15-pick-chiefs-cowboys-double-up-d?utm_source=nflmockdraftdatabase&utm_medium=website&utm_content=read_mock_link,https://www.nflmockdraftdatabase.com/big-boards/2026/consensus-big-board-2026,https://www.nflmockdraftdatabase.com/mock-drafts/2026/final-scores,,,False,False,False,04/22/2026 09:40pm CDT,0,geoffschwartz,False,False,32,2,
mock-drafts,2026,mocks/Show-0,/mock-drafts/2026/si-2026-gilbert-manzano?date=2026-04-01,https://www.nflmockdraftdatabase.com/mock-drafts/2026/si-2026-gilbert-manzano?date=2026-04-01,SI,Gilbert Manzano,04/01/26,"Gilberto Manzano’s NFL Mock Draft 2026: Cardinals, Titans Prioritize Playmakers  : Don’t expect teams to wait around on selecting wide receivers or the best player in the first round.","Ever since the combine, one of the biggest talking points surrounding the 2026 NFL draft is the likelihood that teams will care less about positional value than in previous years. There might be only 10 to 12 elite prospects in this draft, and a running back (Jeremiyah Love), an off-ball linebacker (Sonny Styles) and a safety (Caleb Downs) are considered among that group. However, most teams usually don’t steer too far away from the norm. Just because the better players at the top of the draft happen to play defense doesn’t mean teams will begin to overlook offensive players. Don’t expect them to wait around on a wide receiver despite draft experts saying this group lacks a Ja’Marr Chase-like prospect. As for another storyline, it’s tough to tell whether NFL teams care much about Rueben Bain Jr. not having ideal arm length to play edge rusher at the next level. Then again, some were making a big deal about Arvell Reese not showing as much bend as Bain during pro day workouts. You know we’ve reached peak draft season when people are making a big deal out of pro-day performances. All right, let’s get to my one and only mock draft. I won’t waste my time with trades, but best believe I will take full credit if I get a pairing correct, even though the draft order is wrong.",https://www.si.com/nfl/gilberto-manzano-nfl-mock-draft-2026-cardinals-titans-prioritize-playmakers?utm_source=nflmockdraftdatabase&utm_medium=website&utm_content=read_mock_link,https://www.nflmockdraftdatabase.com/big-boards/2026/consensus-big-board-2026,https://www.nflmockdraftdatabase.com/mock-drafts/2026/final-scores,,,False,False,False,04/08/2026 08:55am CDT,0,GManzano24,False,False,32,1,
mock-drafts,2026,mocks/Show-0,/mock-drafts/2026/the-news-tribune-2026-gregg-bell,https://www.nflmockdraftdatabase.com/mock-drafts/2026/the-news-tribune-2026-gregg-bell,The News Tribune,Gregg Bell,04/22/26,"NFL 1st-round mock draft: Early surprise, standout drops--and Seahawks same ol’ : Seattle watches edge rushers, offensive tackles, two trades happen ahead of them--and then do what it often does early in a draft.","One seemingly sure thing at the top. Then...who knows? What most around the league view as a weaker 2026 NFL draft begins Thursday at 5 p.m. in Pittsburgh. The Las Vegas Raiders have the first pick, thanks to going 3-14 last year in Pete Carroll’s and Geno Smith’s only seasons in Vegas. The New York Giants will be busy early in this draft. They have two picks in the top 10, following their trade last weekend of Pro Bowl defensive tackle Dexter Lawrence to the Cincinnati Bengals. The Seahawks? The Super Bowl champions have the 32nd and final choice in round one. Seattle has four picks total over the seven rounds. That’s the fewest in the league this year. It’s second-fewest in franchise history. The Seahawks had three picks in the 2021 “COVID draft” they pretty much punted amid all the oddities of the pandemic. This is The News Tribune’s annual NFL mock draft for the first round Thursday evening:",https://www.thenewstribune.com/sports/nfl/seattle-seahawks/article315488847.html?utm_source=nflmockdraftdatabase&utm_medium=website&utm_content=read_mock_link,https://www.nflmockdraftdatabase.com/big-boards/2026/consensus-big-board-2026,https://www.nflmockdraftdatabase.com/mock-drafts/2026/final-scores,,,False,False,False,04/29/2026 09:29am CDT,0,gbellseattle,False,False,32,1,
mock-drafts,2026,mocks/Show-0,/mock-drafts/2026/stadium-rant-2026-howe-fresh?date=2026-03-21,https://www.nflmockdraftdatabase.com/mock-drafts/2026/stadium-rant-2026-howe-fresh?date=2026-03-21,Stadium Rant,Howe Fresh,03/21/26,"2026 Full First-Round NFL Mock Draft: Predictions & Breakdowns : This is a 2026 full first-round NFL mock draft in which trades were not considered. Thanks to Pro Football Network for all draft and player information, and","This is a 2026 full first-round NFL mock draft in which trades were not considered. Thanks to Pro Football Network for all draft and player information, and Fox Sports for the team stats and rankings.",https://www.stadiumrant.com/2026-full-first-round-nfl-mock-draft-predictions-breakdowns/?utm_source=nflmockdraftdatabase&utm_medium=website&utm_content=read_mock_link,https://www.nflmockdraftdatabase.com/big-boards/2026/consensus-big-board-2026,https://www.nflmockdraftdatabase.com/mock-drafts/2026/final-scores,,,False,False,False,03/28/2026 09:37pm CDT,0,RealFresh2nd,False,False,32,1,48.0
mock-drafts,2026,mocks/Show-0,/mock-drafts/2026/si-2026-iain-macmillan?date=2026-04-09,https://www.nflmockdraftdatabase.com/mock-drafts/2026/si-2026-iain-macmillan?date=2026-04-09,SI,Iain MacMillan,04/09/26,NFL Mock Draft Based on Odds 4.0: Predicting the Top 10 Picks in the 2026 NFL Draft : Using betting odds to predict who the top 10 picks will be in the 2026 NFL Draft.,"Welcome to April, which means welcome to NFL Draft month! It was just a few short months ago when the Seattle Seahawks and New England Patriots faced off in the Super Bowl, and now it's time for fans of the rest of the NFL to get in the mix as the next generation of players get selected to their first NFL team. You're going to read a ton of mock drafts this season, but I'm going to do mine a little bit differently. Instead of using insider information, I'm going to use the widely available betting odds to try to predict the top 10 picks in the draft. You can check out the most recent edition I wrote of this mock draft here.",https://www.si.com/betting/nfl-mock-draft-based-on-odds-4-0-predicting-the-top-10-picks-in-the-2026-nfl-draft-01knqpah8nvy?utm_source=nflmockdraftdatabase&utm_medium=website&utm_content=read_mock_link,https://www.nflmockdraftdatabase.com/big-boards/2026/consensus-big-board-2026,https://www.nflmockdraftdatabase.com/mock-drafts/2026/final-scores,,,False,False,False,04/16/2026 09:39am CDT,0,IainMacBets,False,False,10,3,
mock-drafts,2026,mocks/Show-0,/mock-drafts/2026/pro-football-network-2026-ian-cummings?date=2026-03-28,https://www.nflmockdraftdatabase.com/mock-drafts/2026/pro-football-network-2026-ian-cummings?date=2026-03-28,Pro Football Network,Ian Cummings,03/28/26,"Cummings' 7-Round 2026 NFL Mock Draft: Makai Lemon Joins Jayden Daniels, Jeremiyah Love Moves to Music City : In this 2026 NFL Mock Draft released a month before the big event, Jeremiyah Love, Makai Lemon, and other playmakers are on the rise.","We’re less than a month away from the 2026 NFL Draft, which means it’s time for another full 7-round 2026 NFL Mock Draft using PFSN’s Mock Draft Simulator. Fernando Mendoza is still the favorite to go first overall, but beyond that, it’s anyone’s guess what will happen on April 23 and beyond.",https://www.profootballnetwork.com/cummings-7-round-2026-nfl-mock-draft-3-26/?utm_source=nflmockdraftdatabase&utm_medium=website&utm_content=read_mock_link,https://www.nflmockdraftdatabase.com/big-boards/2026/consensus-big-board-2026,https://www.nflmockdraftdatabase.com/mock-drafts/2026/final-scores,,,False,False,False,04/04/2026 08:59am CDT,0,ian_cummings_9,False,False,32,9,
mock-drafts,2026,mocks/Show-0,/mock-drafts/2026/nfl-mocks-2026-ian-harper,https://www.nflmockdraftdatabase.com/mock-drafts/2026/nfl-mocks-2026-ian-harper,NFL Mocks,Ian Harper,04/15/26,2026 NFL mock draft is packed with shocking first-round twists : NFL teams take major chances in the 1st round of latest mock draft,"It's almost time for the 2026 NFL Draft to get underway, and, as always, draft media is being hit with a flurry of reports from every corner of the league. How it will unfold is a question that's never fully answered before the picks are announced, and this year is no different. This NFL mock draft sees the board fall uniquely as some players rise and others fall, while teams take advantage of a seller's market.",https://nflmocks.com/2026-nfl-mock-draft-first-round-twists-01kp8p0smcbt?utm_source=nflmockdraftdatabase&utm_medium=website&utm_content=read_mock_link,https://www.nflmockdraftdatabase.com/big-boards/2026/consensus-big-board-2026,https://www.nflmockdraftdatabase.com/mock-drafts/2026/final-scores,,,False,False,False,04/22/2026 09:18pm CDT,0,NFLMocks,False,False,32,6,
mock-drafts,2026,mocks/Show-0,/mock-drafts/2026/commandres-wire-2026-ivan-lambert,https://www.nflmockdraftdatabase.com/mock-drafts/2026/commandres-wire-2026-ivan-lambert,Commandres Wire,Ivan Lambert,04/22/26,Commanders Wire reveals final 2026 first-round mock draft : The Commanders land a starter at a premium position.,"It's time for our annual Commanders Wire mock draft. Commanders Wire managing editor Bryan Manning and contributing writer Ivan Lambert take on the task, alternating each selection. Manning selected the odd-numbered picks, while Lambert then took the even selections. Here is how we see Round One taking place, Thursday night.",https://commanderswire.usatoday.com/story/sports/nfl/commanders/2026/04/22/washington-commanders-final-one-round-2026-nfl-mock-draft/89723084007/?utm_source=nflmockdraftdatabase&utm_medium=website&utm_content=read_mock_link,https://www.nflmockdraftdatabase.com/big-boards/2026/consensus-big-board-2026,https://www.nflmockdraftdatabase.com/mock-drafts/2026/final-scores,,,False,False,False,04/29/2026 09:32am CDT,0,IvanLambert18,False,False,32,1,
mock-drafts,2026,mocks/Show-0,/mock-drafts/2026/cbs-2026-j-p-acosta?date=2026-04-07,https://www.nflmockdraftdatabase.com/mock-drafts/2026/cbs-2026-j-p-acosta?date=2026-04-07,CBS,J.P. Acosta,04/07/26,"2026 NFL mock draft: Cowboys trade into top 3 as Jerry Jones goes all-in : Plus, the Chiefs and Dolphins double down on defense","We're officially *checks notes* 17 days away from the 2026 NFL Draft. It feels like a long time from now, but we're going to blink and draft night will be here. There's a lot of smoke right now, especially with top 30 visits being booked and anonymous scouts providing intel on the top players in the class. We won't be doing any of that here, though. This is my first mock draft of the cycle -- naturally with less than a month until the draft starts. This mock has it all, from a big trade into the top 10 to players flying up draft boards late. It's centered mainly around what I think will happen, with some picks sprinkled in that I like for the team fit.",https://www.cbssports.com/nfl/draft/news/nfl-mock-draft-2026-cowboys-trade-top-3-jerry-jones-defense/?utm_source=nflmockdraftdatabase&utm_medium=website&utm_content=read_mock_link,https://www.nflmockdraftdatabase.com/big-boards/2026/consensus-big-board-2026,https://www.nflmockdraftdatabase.com/mock-drafts/2026/final-scores,,,False,False,False,04/14/2026 09:17pm CDT,0,acosta32_jp,False,False,32,1,
mock-drafts,2026,mocks/Show-0,/mock-drafts/2026/all-things-nfl-2026-jack-bethel,https://www.nflmockdraftdatabase.com/mock-drafts/2026/all-things-nfl-2026-jack-bethel,All Things NFL,Jack Bethel,04/16/26,2026 NFL Mock Draft ,"Well, it’s almost that time. The day all us NFL fans have marked on our calendars. No, not the Super Bowl, something even more entertaining and dramatic: the NFL Draft. Us Mockheads scouring the internet reading every mock we can get our hands on is what make this sport the best. Well, sadly after you read this one, you won’t need to read another. This is the EXACT blueprint of how the first 32 picks will go.",https://medium.com/all-things-nfl/2026-nfl-mock-draft-1-0-3de48144e895?utm_source=nflmockdraftdatabase&utm_medium=website&utm_content=read_mock_link,https://www.nflmockdraftdatabase.com/big-boards/2026/consensus-big-board-2026,https://www.nflmockdraftdatabase.com/mock-drafts/2026/final-scores,,,False,False,False,04/24/2026 11:39pm CDT,0,jackbethel12,False,False,32,1,
mock-drafts,2026,mocks/Show-0,/mock-drafts/2026/usa-today-2026-jack-mckessy?date=2026-03-26,https://www.nflmockdraftdatabase.com/mock-drafts/2026/usa-today-2026-jack-mckessy?date=2026-03-26,USA Today,Jack McKessy,03/26/26,NFL mock draft 2026: AI predicts lowly Jets landing QB Ty Simpson : Google Gemini had a shot at predicting the first round at the 2026 NFL Draft. See where the AI went right (and where it went wrong).,"Artificial intelligence has come a long way in the last few years. But the ""intelligence"" in question can occasionally have its limits. USA TODAY Sports put Alphabet Inc.'s AI product – Google Gemini – to the test by having the language-learning model put together its own mock draft. In its mock, Google Gemini made some no-brainer moves near the top of the board. Near the bottom, the LLM went for a couple of reaches on lower-rated prospects. Indiana quarterback Fernando Mendoza, as almost every expert predicts, went to the Las Vegas Raiders with the No. 1 overall pick. Ohio State LB/edge rusher Arvell Reese went to the New York Jets with the No. 2 overall pick, once again in line with most expert predictions.",https://www.usatoday.com/story/sports/nfl/draft/2026/03/26/nfl-mock-draft-2026-ai-first-round-google-gemini/89297772007/?utm_source=nflmockdraftdatabase&utm_medium=website&utm_content=read_mock_link,https://www.nflmockdraftdatabase.com/big-boards/2026/consensus-big-board-2026,https://www.nflmockdraftdatabase.com/mock-drafts/2026/final-scores,,,False,False,False,04/02/2026 08:04am CDT,0,jfmckessy,False,False,32,1,8.0
mock-drafts,2026,mocks/Show-0,/mock-drafts/2026/sleepercfb-2026-jack-wargo,https://www.nflmockdraftdatabase.com/mock-drafts/2026/sleepercfb-2026-jack-wargo,SleeperCFB,Jack Wargo,04/16/26,SleeperCFB Mock Draft 3.0 ,SleeperCFB Mock Draft 3.0,https://jackwargo2642.wixsite.com/jargo-blogs-1/post/sleepercfb-mock-draft-3-0?utm_source=nflmockdraftdatabase&utm_medium=website&utm_content=read_mock_link,https://www.nflmockdraftdatabase.com/big-boards/2026/consensus-big-board-2026,https://www.nflmockdraftdatabase.com/mock-drafts/2026/final-scores,,,False,False,False,04/23/2026 09:55pm CDT,0,Jargo26,False,False,32,2,
mock-drafts,2026,mocks/Show-0,/mock-drafts/2026/usa-today-2026-jacob-camenker,https://www.nflmockdraftdatabase.com/mock-drafts/2026/usa-today-2026-jacob-camenker,USA Today,Jacob Camenker,04/21/26,NFL mock draft: 5 scenarios for top 10 picks after Giants big-ticket trade : The 2026 NFL Draft is shaping up to be unpredictable. How could the top 10 selections play out? Here are five scenarios for the draft's first round.,"The 2026 NFL Draft is just days away, and all anyone can wonder is what will happen after the No. 1 pick is announced. The Las Vegas Raiders are all but certain to select Indiana quarterback Fernando Mendoza with the draft's top overall selection. After that, it's anyone's guess as to what will occur. No real consensus has formed atop the 2026 NFL Draft. Sure, many mock draft analysts are projecting the New York Jets to take either David Bailey or Arvell Reese. Jeremiyah Love has been mocked to the Tennessee Titans more consistently. At the same time, the alma mater, ""Ohio State,"" almost invariably follows the player the Giants are expected to take with the fifth overall pick. Still, the Arizona Cardinals represent a major wild card with the No. 3 overall pick. That – plus the Cincinnati Bengals' recent acquisition of Dexter Lawrence, which cost the team the 10th overall pick – has also thrown a wrench into what many mock draft analysts have projected could happen.",https://www.usatoday.com/story/sports/nfl/draft/2026/04/21/nfl-mock-draft-2026-scenarios-top-10-picks-predictions/89704034007/?utm_source=nflmockdraftdatabase&utm_medium=website&utm_content=read_mock_link,https://www.nflmockdraftdatabase.com/big-boards/2026/consensus-big-board-2026,https://www.nflmockdraftdatabase.com/mock-drafts/2026/final-scores,,,False,False,False,04/28/2026 08:36am CDT,3,JacobCamenker,False,False,10,7,
mock-drafts,2026,mocks/Show-0,/mock-drafts/2026/pro-football-network-2026-jacob-infante?date=2026-04-08,https://www.nflmockdraftdatabase.com/mock-drafts/2026/pro-football-network-2026-jacob-infante?date=2026-04-08,Pro Football Network,Jacob Infante,04/08/26,"Infante’s 3-Round 2026 NFL Mock Draft: Caleb Downs Cracks the Top 5, Ty Simpson Falls to Round 2 : In his latest 2026 NFL Mock Draft, PFSN analyst Jacob Infante has Ty Simpson falling into Round 2, with Caleb Downs going No. 5 overall.","As the 2026 NFL Draft draws near, the anticipation grows by the day as fanbases try to predict what their favorite teams will do this April. We at PFSN are no different. It’s always fun to throw out predictions for the NFL Draft, and though the event is always unpredictable, the top prospects at each position and which positions each team needs are now apparent. With just a few weeks away from the draft, here’s our latest three-round 2026 NFL Mock Draft that uses PFSN’s NFL Mock Draft Simulator to predict each of the first 100 selections in this year’s class.",https://www.profootballnetwork.com/infantes-3-round-2026-nfl-mock-draft-april/?utm_source=nflmockdraftdatabase&utm_medium=website&utm_content=read_mock_link,https://www.nflmockdraftdatabase.com/big-boards/2026/consensus-big-board-2026,https://www.nflmockdraftdatabase.com/mock-drafts/2026/final-scores,,,False,False,False,04/15/2026 08:25am CDT,1,jacobinfante24,False,False,32,17,
mock-drafts,2026,mocks/Show-0,/mock-drafts/2026/sb-nation-2026-james-dator,https://www.nflmockdraftdatabase.com/mock-drafts/2026/sb-nation-2026-james-dator,SB Nation,James Dator,04/13/26,NFL mock draft 2026: Top-10 shifts following breaking news : Here’s our latest projection of the 2026 NFL Draft.,"We are 10 days out from the 2026 NFL Draft, and the board is more or less getting set. There are going to be some major surprises down the stretch, and unquestionably some trades on draft night that shake things up, but this is one of our last attempts to predict a trade-free first round based on where the talent is falling. There is one major change to this mock draft that can’t be ignored: Rueben Bain Jr. The Miami edge rusher was a lock to be a Top 10 pick, but draft rumors last week that something was happening with Bain broke on Sunday night as Oliver Connely reported that Bain has been linked to a 2024 car accident, resulting in the death of a 22-year-old student. ESPN has picked that story as well, and while I still have him being taken in the first round for now, there is a lot of due diligence occurring with Bain that I have him slipping out of the Top 10 as a result.",https://www.sbnation.com/nfl/1110606/nfl-mock-draft-2026-rueben-bain-falling-cowboys?utm_source=nflmockdraftdatabase&utm_medium=website&utm_content=read_mock_link,https://www.nflmockdraftdatabase.com/big-boards/2026/consensus-big-board-2026,https://www.nflmockdraftdatabase.com/mock-drafts/2026/final-scores,,,False,False,False,04/20/2026 09:32pm CDT,0,James_Dator,False,False,32,3,
mock-drafts,2026,mocks/Show-0,/mock-drafts/2026/the-oakland-post-2026-james-elling?date=2026-03-25,https://www.nflmockdraftdatabase.com/mock-drafts/2026/the-oakland-post-2026-james-elling?date=2026-03-25,The Oakland Post,James Elling,03/25/26,"2026 NFL mock draft: Trenches dominant : In the midst of the NFL offseason, fans cling to the draft as a chance to deliver their team a handful of new stars. The 2026 NFL draft class is deep, but it lacks the blue‑chip talent at premium positions we’ve seen in recent years, making it an especially unpredictable and fun group to mock....","In the midst of the NFL offseason, fans cling to the draft as a chance to deliver their team a handful of new stars. The 2026 NFL draft class is deep, but it lacks the blue‑chip talent at premium positions we’ve seen in recent years, making it an especially unpredictable and fun group to mock. This mock draft is based on a blend of team needs and best player available, emphasizing how each front office has historically approached roster building.",https://oaklandpostonline.com/57571/sports/2026-nfl-mock-draft-trenches-dominant/?utm_source=nflmockdraftdatabase&utm_medium=website&utm_content=read_mock_link,https://www.nflmockdraftdatabase.com/big-boards/2026/consensus-big-board-2026,https://www.nflmockdraftdatabase.com/mock-drafts/2026/final-scores,,,False,False,False,04/01/2026 10:18pm CDT,0,theoaklandpost,False,False,32,1,17.0
mock-drafts,2026,mocks/Show-0,/mock-drafts/2026/espn-2026-james-meche,https://www.nflmockdraftdatabase.com/mock-drafts/2026/espn-2026-james-meche,ESPN,James Meche,04/15/26,"Meche’s 2026 NFL Mock Draft 3.0 : Photo by: Kirby Lee – USA TODAY Sports/Reuters We are about a week away from the 2026 NFL Draft, and the rumors are starting to settle in. The picture is be ...","We are about a week away from the 2026 NFL Draft, and the rumors are starting to settle in. The picture is becoming clearer and has caused some shake-up in this new mock:",https://espnsouthwestlouisiana.com/meches-2026-nfl-mock-draft-3-0/?utm_source=nflmockdraftdatabase&utm_medium=website&utm_content=read_mock_link,https://www.nflmockdraftdatabase.com/big-boards/2026/consensus-big-board-2026,https://www.nflmockdraftdatabase.com/mock-drafts/2026/final-scores,,,False,False,False,04/22/2026 09:20pm CDT,0,yamesmeche,False,False,32,3,
mock-drafts,2026,mocks/Show-0,/mock-drafts/2026/cbs-2026-jared-dubin,https://www.nflmockdraftdatabase.com/mock-drafts/2026/cbs-2026-jared-dubin,CBS,Jared Dubin,04/17/26,"2026 NFL mock draft: Cowboys move up for Ohio State star; Cardinals land QB with late trade : Dallas makes a move up the board with the Browns, who add a third first-rounder","The 2026 NFL Draft is now less than a week away, which means it's time for my one and only mock draft of the cycle. Some things about this draft are well known. At the very top, we know that Indiana quarterback Fernando Mendoza will be going No. 1 overall to the Las Vegas Raiders. We don't yet know whether he'll start right away or sit behind Kirk Cousins to begin his career, but there's no real mystery about where he'll be playing his professional football. After that, though, it seems like just about everything is up in the air. The Jets could go a number of different directions at No. 2, as could the Cardinals, Titans and Giants at Nos. 3, 4 and 5, while everyone in and around the league suspects that the Browns would love to trade down from the No. 6 pick, which could throw the entire board into chaos if they're able to find a partner. There are also several teams with multiple first-round picks, allowing those squads to change the shape of the draft if they so choose. With a class that teams feel is light on star power at the top but strong through the second and third rounds, we could be in for some significant surprises. With all that in mind, here's how we see things playing out.",https://www.cbssports.com/nfl/draft/news/2026-nfl-mock-draft-cowboys-browns-trade/?utm_source=nflmockdraftdatabase&utm_medium=website&utm_content=read_mock_link,https://www.nflmockdraftdatabase.com/big-boards/2026/consensus-big-board-2026,https://www.nflmockdraftdatabase.com/mock-drafts/2026/final-scores,,,False,False,False,04/24/2026 08:51am CDT,0,JADubin5,False,False,32,1,
mock-drafts,2026,mocks/Show-0,/mock-drafts/2026/si-2026-jared-feinberg?date=2026-03-21,https://www.nflmockdraftdatabase.com/mock-drafts/2026/si-2026-jared-feinberg?date=2026-03-21,SI,Jared Feinberg,03/21/26,"2-Round NFL Mock Draft Following First Wave of Free Agency : It's time for a two-round NFL mock draft, featuring the Los Angeles Rams first two draft choices.","The NFL Draft is over a month away as the Los Angeles Rams prepare to utilize their first-round pick on a potential franchise cornerstone for years to come. As the NFL Draft approaches, we must have a better understanding of the rest of the NFL following the first wave of free agency that has come and gone. With that in mind, let's do a two-round NFL mock draft and explore a new scenario following the start of the league year that has adjusted the direction each team could go in the first two rounds.",https://www.si.com/nfl/rams/onsi/los-angeles-2-round-mock-draft-following-first-wave-of-free-agency?utm_source=nflmockdraftdatabase&utm_medium=website&utm_content=read_mock_link,https://www.nflmockdraftdatabase.com/big-boards/2026/consensus-big-board-2026,https://www.nflmockdraftdatabase.com/mock-drafts/2026/final-scores,,,False,False,False,03/28/2026 10:08am CDT,0,JRodNFLDraft,False,False,32,2,52.0
mock-drafts,2026,mocks/Show-0,/mock-drafts/2026/dazn-2026-jason-abbey,https://www.nflmockdraftdatabase.com/mock-drafts/2026/dazn-2026-jason-abbey,DAZN,Jason Abbey,04/20/26,2026 NFL Mock Draft : ,"Everyone loves a mock NFL draft at this time of year, and I'm no different, especially when a blockbuster trade blows the whole thing wide open days before it kicks off. So, after factoring in each team’s roster needs and weighing up the talent pool available, here’s my latest mock predicting where each prospect goes in the first round of the 2026 NFL Draft. What do the Giants do at No. 10 after the Lawrence trade? Which team will be tempted by Jeremiyah Love’s game-breaking ability? Is polarising QB Ty Simpson worth a Day 1 pick? Read on to find out.",https://www.dazn.com/en-US/news/american-football/2026-nfl-mock-draft-top-10-shakeup-giants-lawrence/67ir5cjap1qk1qi9d8hedv11c?utm_source=nflmockdraftdatabase&utm_medium=website&utm_content=read_mock_link,https://www.nflmockdraftdatabase.com/big-boards/2026/consensus-big-board-2026,https://www.nflmockdraftdatabase.com/mock-drafts/2026/final-scores,,,False,False,False,04/27/2026 09:20am CDT,0,dazngroup,False,False,32,4,
mock-drafts,2026,mocks/Show-0,/mock-drafts/2026/covers-2026-jason-logan,https://www.nflmockdraftdatabase.com/mock-drafts/2026/covers-2026-jason-logan,Covers,Jason Logan,04/20/26,"2026 NFL Mock Draft & Betting Picks: Mendoza Lock In, Jets Target Reese Early : 2026 NFL Mock Draft: Mendoza is a near-lock at No. 1 while the Jets eye Arvell Reese early. See full first-round projections and team fits.","The 2026 NFL Draft runs April 23–25, and the NFL Draft odds are shaping the big board. Between mock drafts and Kalshi’s prediction markets, we’ve got a clear read on where things stand and where value might still exist. This mock leans into those market signals, pairing likely landing spots with the probabilities behind them to map out how the first round could unfold.",https://www.covers.com/nfl/jason-logans-2026-mock-draft?utm_source=nflmockdraftdatabase&utm_medium=website&utm_content=read_mock_link,https://www.nflmockdraftdatabase.com/big-boards/2026/consensus-big-board-2026,https://www.nflmockdraftdatabase.com/mock-drafts/2026/final-scores,,,False,False,False,04/27/2026 09:47pm CDT,0,CoversJLo,False,False,32,1,
mock-drafts,2026,mocks/Show-0,/mock-drafts/2026/draftplex-2026-jason-pruett?date=2026-04-07,https://www.nflmockdraftdatabase.com/mock-drafts/2026/draftplex-2026-jason-pruett?date=2026-04-07,DRAFTPLEX,Jason Pruett,04/07/26,"2026 NFL Mock Draft: 7-Round Super Mock : 7 rounds. 257 picks. 32 teams. From 2020 Mock Draft Scoring Champion Jason Pruett — this is the DRAFTPLEX 2026 NFL Draft Super Mock, published April 7.","All 7 rounds. All 257 selections. All 32 teams. This is the DRAFTPLEX 2026 NFL Draft Super Mock. Projections are based on the official draft order as of April 6 and my personal impressions of team needs and interests heading into the draft, and do not reflect any potential trade scenarios. First-round and second-round selections are presented graphically below, followed by the complete seven-round mock draft.",https://nfldraftplex.com/2026/04/07/2026-nfl-mock-draft-7-round-super-mock/?utm_source=nflmockdraftdatabase&utm_medium=website&utm_content=read_mock_link,https://www.nflmockdraftdatabase.com/big-boards/2026/consensus-big-board-2026,https://www.nflmockdraftdatabase.com/mock-drafts/2026/final-scores,,,False,False,False,04/14/2026 10:40am CDT,1,DRAFTPLEX,False,False,32,2,
mock-drafts,2026,mocks/Show-0,/mock-drafts/2026/dolphins-wire-2026-jason-sarney?date=2026-04-05,https://www.nflmockdraftdatabase.com/mock-drafts/2026/dolphins-wire-2026-jason-sarney?date=2026-04-05,Dolphins Wire,Jason Sarney,04/05/26,"Dolphins grab two impactful starters in new mock for 2026 NFL draft : With a few weeks before the NFL draft, a Dolphins Wire full first-round mock has the Dolphins selecting an offensive tackle and a hard-hitting safety.","The 2026 NFL draft is just a few weeks away, and mock drafts are a daily exercise lately. Following several college pro days, now is as good a time as any to throw together a full first-round mock draft across the league. The Miami Dolphins currently sit at No. 11, and following the Jaylen Waddle deal with the Denver Broncos last month, improved their draft cache, which included the 30th overall selection. In this mock draft for Miami, the goal was to try to interpret some of the words from new general manager Jon-Eric Sullivan and first-year head coach Jeff Hafley to figure out their strategy. While using their experience in the Green Bay Packers organization as a guide, the pair could have their own collective vision, as Sullivan will be the head man in the war room for the first time. At the moment, Miami owns 11 total picks, and a few teams, like the New York Jets, Dallas Cowboys, Kansas City Chiefs and Cleveland Browns, join the Dolphins in having multiple first-round picks.",https://dolphinswire.usatoday.com/story/sports/nfl/dolphins/2026/04/05/2026-nfl-draft-dolphins-wire-full-first-round-mock-draft/89467688007/?utm_source=nflmockdraftdatabase&utm_medium=website&utm_content=read_mock_link,https://www.nflmockdraftdatabase.com/big-boards/2026/consensus-big-board-2026,https://www.nflmockdraftdatabase.com/mock-drafts/2026/final-scores,,,False,False,False,04/12/2026 09:46pm CDT,0,Jason_Sarney,False,False,32,1,
mock-drafts,2026,mocks/Show-0,/mock-drafts/2026/football-guys-2026-jeff-bell?date=2026-04-03,https://www.nflmockdraftdatabase.com/mock-drafts/2026/football-guys-2026-jeff-bell?date=2026-04-03,Football Guys,Jeff Bell,04/03/26,"2026 NFL Mock Draft: Full Round 1 Predictions by Jeff Bell : 2026 NFL Mock Draft: Full Round 1 projections after free agency, including team needs, scheme fits, and top prospects from No. 1 to No. 32 by Jeff Bell.","As the calendar flips to April, we have a moment to catch our breath between the free agent frenzy, record-breaking amount of trades, and the sprint toward the NFL draft. Now that the dust has settled on the first wave of offseason player movement, we can clearly identify the team needs that remain unaddressed. The most significant questions around the draft hinge on the Arizona Cardinals at pick number three, Jeremiyah Love's landing spot and subsequent backfield disruption, and Ty Simpson's push for a second quarterback in Round 1.",https://www.footballguys.com/article/2026-nfl-mock-draft-full-round-1-predictions-by-jeff-bell?utm_source=nflmockdraftdatabase&utm_medium=website&utm_content=read_mock_link,https://www.nflmockdraftdatabase.com/big-boards/2026/consensus-big-board-2026,https://www.nflmockdraftdatabase.com/mock-drafts/2026/final-scores,,,False,False,False,04/11/2026 04:05pm CDT,0,4WhomJBellTolls,False,False,10,1,
mock-drafts,2026,mocks/Show-0,/mock-drafts/2026/the-athletic-2026-jeff-howe,https://www.nflmockdraftdatabase.com/mock-drafts/2026/the-athletic-2026-jeff-howe,The Athletic,Jeff Howe,04/21/26,"NFL mock draft: League insiders predict the top 10 picks, including two for Giants : We asked execs, coaches and scouts to project the top of the first round.","No pressure, just months of conversations to whittle down in order to predict the top-10 picks of the NFL Draft. That’s how it feels to do this top-10 mock draft each April. It’s a blast to study the best players in the class through teams’ eyes, but when it’s time to assign the picks in this format, it’s easy to see how teams can consume their entire 10-minute window when they’re actually on the clock — there are so many logical choices. For this mock draft, we solicited input from numerous coaches, executives and scouts from a variety of teams to understand how they think the top 10 will shake out. They went through their picks and the rationale behind each decision, then we sorted through it all to find a consensus.",https://www.nytimes.com/athletic/7213951/2026/04/21/nfl-draft-mock-draft-coaches-scouts-execs-top-10-2026/?utm_source=nflmockdraftdatabase&utm_medium=website&utm_content=read_mock_link,https://www.nflmockdraftdatabase.com/big-boards/2026/consensus-big-board-2026,https://www.nflmockdraftdatabase.com/mock-drafts/2026/final-scores,,,False,False,False,04/28/2026 08:52am CDT,0,jeffphowe,False,False,10,1,
mock-drafts,2026,mocks/Show-0,/mock-drafts/2026/realgm-2026-jeff-risdon?date=2026-03-17,https://www.nflmockdraftdatabase.com/mock-drafts/2026/realgm-2026-jeff-risdon?date=2026-03-17,RealGM,Jeff Risdon,03/17/26,2026 NFL Mock Draft ,"It’s been a crazy week in the NFL. The league year flipped to 2026, opening up free agency and trades. All the recent player movement makes it an excellent time to update the 2026 NFL Draft projections. These are projections of what the teams might do in the given situation. It does not necessarily reflect the choices I would make in the given situation or reflect the big board rankings. This one carries a theme: the offensive line, specifically the OTs in the class, come off the board later than typically projected.",https://football.realgm.com/analysis/3680/2026-NFL-Mock-Draft-Version-20-Post-Free-Agency?utm_source=nflmockdraftdatabase&utm_medium=website&utm_content=read_mock_link,https://www.nflmockdraftdatabase.com/big-boards/2026/consensus-big-board-2026,https://www.nflmockdraftdatabase.com/mock-drafts/2026/final-scores,,,False,False,False,03/24/2026 10:58pm CDT,0,JeffRisdon,False,False,32,1,84.0
mock-drafts,2026,mocks/Show-0,/mock-drafts/2026/the-bissett-perspective-2026-jeremy-bissett,https://www.nflmockdraftdatabase.com/mock-drafts/2026/the-bissett-perspective-2026-jeremy-bissett,The Bissett Perspective,Jeremy Bissett,04/11/26,Blockbuster Trade: Stabilizes Draft Board : The Bissett Perspective: Updated Top 100 Mock Draft,"Buckle up. The third edition of our Top 100 Mock Draft isn’t just another round of predictions—it kicks off with a blockbuster that defines the draft board to make perfect sense in a purely senseless world of mock drafting. It’s not just me seeing it, either—this scenario is picking up steam among analysts and insiders, and I’m officially on the bandwagon. The more you break it down, the more sense it makes for both Dallas and Arizona. Sometimes, the boldest moves really are the smartest. Coming out of the combine, most insiders believe the Jets are locked in on David Bailey at No. 2. Still, there’s enough chatter that if they pivot and go with Arvell Reese instead, this trade-up scenario holds water for Dallas either way. Whether Reese is there or not, the Cowboys are clearly swinging for the fences—ready to replace Micah Parsons, chase a title, and worry about the consequences later. Arizona, meanwhile, plays the long game. Trading down to No. 12 isn’t a retreat—it’s a calculated bet. They avoid the temptation to overdraft Ty Simpson at No. 3, still land their quarterback, and walk away with a haul of extra picks. Suddenly, the Cardinals are in position to grab a shutdown corner at No. 20 and a backfield partner for Tyler Allgeier later on. It’s a masterclass in building for the future while remaining competitive now. So what does this seismic trade mean for the rest of the draft board? Dive into our latest mock and see how the ripple effects play out across all 100 picks.",https://jeremybissett.substack.com/p/blockbuster-trade-stabilizes-draft?utm_source=nflmockdraftdatabase&utm_medium=website&utm_content=read_mock_link,https://www.nflmockdraftdatabase.com/big-boards/2026/consensus-big-board-2026,https://www.nflmockdraftdatabase.com/mock-drafts/2026/final-scores,,,False,False,False,04/18/2026 10:31pm CDT,0,jeremy_bissett,False,False,32,4,
mock-drafts,2026,mocks/Show-0,/mock-drafts/2026/arizona-republic-2026-jeremy-cluff,https://www.nflmockdraftdatabase.com/mock-drafts/2026/arizona-republic-2026-jeremy-cluff,Arizona Republic,Jeremy Cluff,04/20/26,"NFL mock draft Top 10 picks based on NFL Draft 2026 betting odds : Who will be the Top 10 picks in the 2026 NFL Draft? NFL mock draft projection based on betting odds for first round on Thursday, April 23, 2026.","Who will be the top 10 picks in the 2026 NFL Draft on April 23? Betting odds for the first round of the NFL draft offer a clue as to how the top 10 picks could go down later this week. According to NFL draft odds from BetMGM Sportsbook, the No. 1 pick is almost a foregone conclusion in the first round of the NFL draft on Thursday. But picks No. 2 through No. 10 could be wide open, according to the latest betting odds. How will the top 10 picks in the 2026 NFL Draft play out? Here's what the odds say about the NFL draft order for the selections for the first 10 picks in the first round this week.",https://www.azcentral.com/story/sports/nfl/2026/04/20/nfl-mock-draft-2026-betting-odds-top-10-picks-raiders-jets-cardinals-cowboys/89698309007/?utm_source=nflmockdraftdatabase&utm_medium=website&utm_content=read_mock_link,https://www.nflmockdraftdatabase.com/big-boards/2026/consensus-big-board-2026,https://www.nflmockdraftdatabase.com/mock-drafts/2026/final-scores,,,False,False,False,04/27/2026 08:56pm CDT,0,Jeremy_Cluff,False,False,10,1,
mock-drafts,2026,mocks/Show-0,/mock-drafts/2026/niner-noise-2026-jeremy-wohlfart?date=2026-03-14,https://www.nflmockdraftdatabase.com/mock-drafts/2026/niner-noise-2026-jeremy-wohlfart?date=2026-03-14,Niner Noise,Jeremy Wohlfart,03/14/26,"2026 first-round mock NFL Draft: Post-free agency rush edition : WIth the opening run on the free agency market done and dusted, what does the NFL Draft landscape look like? We take a look with this mock draft. ","With the initial rush of free agency over, mock drafts everywhere are being shuffled about and altered as needs have been filled. With this as well as the NFL Combine changing things around, Niner Noise takes a look with this quick mock draft. The rules for this mock draft are pretty short and simple: No trades, a quick explanation for every pick that happens on Thursday night is up here. Let's take a look at how this mock draft played out.",https://ninernoise.com/2026-first-round-mock-nfl-draft-post-free-agency-rush-edition?utm_source=nflmockdraftdatabase&utm_medium=website&utm_content=read_mock_link,https://www.nflmockdraftdatabase.com/big-boards/2026/consensus-big-board-2026,https://www.nflmockdraftdatabase.com/mock-drafts/2026/final-scores,,,False,False,False,03/21/2026 10:01am CDT,0,NinerDownUnder,False,False,32,1,105.0
mock-drafts,2026,mocks/Show-0,/mock-drafts/2026/rotowire-2026-jim-coventry?date=2026-04-03,https://www.nflmockdraftdatabase.com/mock-drafts/2026/rotowire-2026-jim-coventry?date=2026-04-03,Rotowire,Jim Coventry,04/03/26,"2026 NFL Mock Draft: All 32 First-Round Picks Analyzed : Get RotoWire's 2026 NFL Mock Draft first-round breakdown — all 32 picks with team needs, prospect grades and fantasy football impact for QB, RB, WR and TE.","The 2026 NFL Draft starts April 23, and it is time to treat your mock draft research with the same seriousness as the front offices. At RotoWire, you can use our Mock Draft Simulator to run your own draft. Select all 32 teams or just your favorites and see which players are available when your team is on the clock. Below is my first full first-round mock draft of April, with team needs analysis, prospect grades and fantasy football implications for every skill-position player in Round 1.",https://www.rotowire.com/football/article/2026-nfl-mock-draft-first-round-picks-analysis-and-fantasy-football-impact-110074?utm_source=nflmockdraftdatabase&utm_medium=website&utm_content=read_mock_link,https://www.nflmockdraftdatabase.com/big-boards/2026/consensus-big-board-2026,https://www.nflmockdraftdatabase.com/mock-drafts/2026/final-scores,,,False,False,False,04/10/2026 09:10pm CDT,0,JimCoventryNFL,False,False,32,1,
mock-drafts,2026,mocks/Show-0,/mock-drafts/2026/the-big-lead-2026-jobe-morrison,https://www.nflmockdraftdatabase.com/mock-drafts/2026/the-big-lead-2026-jobe-morrison,The Big Lead,Jobe Morrison,04/22/26,"2026 NFL mock draft with shocking top 3, latest trade buzz : With the NFL Draft just a day away, mock drafts are coming to a close for 2026. Here is the only full first-round NFL mock draft you need.","The NFL is just days away from the start of the 2026 NFL Draft. Teams, fans, and media will gather in Pittsburgh for one of the sport’s premier events. The draft delivers life-changing moments, shocking trades, and the next wave of professional football talent. It all begins Thursday at 8 PM. In the lead-up, mock drafts flood the media landscape, resembling a March Madness bracket. Everyone wants to predict who goes where, which trades unfold, and which teams land the top talent. Here is one more full first-round 2026 NFL mock draft:",https://www.thebiglead.com/2026-nfl-mock-draft-latest-trade-buzz-shocking-top-3/?utm_source=nflmockdraftdatabase&utm_medium=website&utm_content=read_mock_link,https://www.nflmockdraftdatabase.com/big-boards/2026/consensus-big-board-2026,https://www.nflmockdraftdatabase.com/mock-drafts/2026/final-scores,,,False,False,False,04/29/2026 09:09am CDT,0,Jobeyfootball,False,False,32,1,
mock-drafts,2026,mocks/Show-0,/mock-drafts/2026/fox-sports-2026-joel-klatt,https://www.nflmockdraftdatabase.com/mock-drafts/2026/fox-sports-2026-joel-klatt,Fox Sports,Joel Klatt,04/20/26,2026 NFL Mock Draft : FOX Sports' Joel Klatt shares his updated predictions for the first round of the 2026 NFL Draft.,"Finally, we have made it to draft week. We've already had some drama — with the New York Giants trading Dexter Lawrence to the Cincinnati Bengals for the 10th overall pick on Saturday night — and you should expect much more drama in the days ahead. Will Notre Dame running back Jeremiyah Love get drafted earlier than some think he will? My latest intel suggests that might be the case. Can the Dallas Cowboys execute a trade to land a defensive player that I hear they really like? Potentially. Will Alabama quarterback Ty Simpson get selected in the first round? I think so, but someone might have to make a move to get him. Oh, and what will the Giants now do with their two top-10 picks? There's one player I hear they're targeting ahead of Thursday's first round. Let's dive into the answers to those questions in my final mock draft. Remember, I'll be a part of NFL Network's live coverage for the first two nights of the 2026 NFL Draft from Pittsburgh.",https://www.foxsports.com/stories/nfl/2026-nfl-mock-draft-which-team-gets-love-simpson-what-do-giants-do-no-10?utm_source=nflmockdraftdatabase&utm_medium=website&utm_content=read_mock_link,https://www.nflmockdraftdatabase.com/big-boards/2026/consensus-big-board-2026,https://www.nflmockdraftdatabase.com/mock-drafts/2026/final-scores,,,False,False,False,04/27/2026 11:51am CDT,0,joelklatt,False,False,32,3,
mock-drafts,2026,mocks/Show-0,/mock-drafts/2026/establish-the-run-2026-john-daigle,https://www.nflmockdraftdatabase.com/mock-drafts/2026/establish-the-run-2026-john-daigle,Establish The Run,John Daigle,04/15/26,2026 NFL Mock Draft ,"There is a time and place for individual player analysis in the offseason, but I genuinely believe it should take a back seat in any mock drafts since a majority of the league’s decision-makers typically forgo any studious methods to agree with their peers through hand-shaking, hearsay, and archaic jargon — ”We’re not selling jeans here,” Billy Beane once reminded a room full of (MLB) scouts. The following is my first attempt at connecting the dots in the first round. My final mock draft for grading (I’m single, ladies) will be available the night before Round 1.",https://establishtherun.com/daigle-nfl-mock-draft-1-0-2/?utm_source=nflmockdraftdatabase&utm_medium=website&utm_content=read_mock_link,https://www.nflmockdraftdatabase.com/big-boards/2026/consensus-big-board-2026,https://www.nflmockdraftdatabase.com/mock-drafts/2026/final-scores,,,False,False,False,04/22/2026 09:43pm CDT,0,notJDaigle,False,False,32,1,
mock-drafts,2026,mocks/Show-0,/mock-drafts/2026/buffalo-fambase-2026-john-green,https://www.nflmockdraftdatabase.com/mock-drafts/2026/buffalo-fambase-2026-john-green,Buffalo FamBase,John Green,04/16/26,Making the Pick: 2026 NFL Draft full first-round mock ,"Good morning, Bills Mafia! It’s Thursday, April 16, 2026. Do you know what that means? You guessed it! We’re one week away from opening night of the 2026 NFL Draft at Acrisure Stadium in Pittsburgh, Pennsylvania. It’s true — This. Is. Not. A. Drill. — ladies and gentlemen. We’ve nearly survived the pre-draft process, and now we are just days away from finding out where all of the impending rookies in this year’s class will land. Finally. So, with that said, in lieu of a Bills-centric, seven-round mock draft today, yours truly will take a stab at doing my one and only full first-round mock draft that will try and predict how the board falls in a little more than 180 hours from now.",https://buffalofambase.com/2026/04/16/making-the-pick-2026-nfl-draft-full-first-round-mock/?utm_source=nflmockdraftdatabase&utm_medium=website&utm_content=read_mock_link,https://www.nflmockdraftdatabase.com/big-boards/2026/consensus-big-board-2026,https://www.nflmockdraftdatabase.com/mock-drafts/2026/final-scores,,,False,False,False,04/23/2026 10:11am CDT,0,JGreen_PRsports,False,False,32,1,
mock-drafts,2026,mocks/Show-0,/mock-drafts/2026/penn-live-2026-johnny-mcgonigal,https://www.nflmockdraftdatabase.com/mock-drafts/2026/penn-live-2026-johnny-mcgonigal,Penn Live,Johnny McGonigal,04/20/26,2026 NFL Mock Draft ,"It’s 2026 NFL draft week, which means it’s time for a mock draft. PennLive’s Johnny McGonigal and NJ.com’s Cayden Steele, our Philadelphia Eagles beat writers, linked up for a two-second, in-depth mock. Steele handled the odd-numbered picks while McGonigal took the even picks, going back and forth, covering all 64 selections and making a few first-round trades. Here’s how we think the first and second rounds of the 2026 NFL draft could pan out in a few days.",https://www.pennlive.com/philadelphiaeagles/2026/04/2026-nfl-mock-draft-our-experts-predictions-for-rounds-1-2.html?utm_source=nflmockdraftdatabase&utm_medium=website&utm_content=read_mock_link,https://www.nflmockdraftdatabase.com/big-boards/2026/consensus-big-board-2026,https://www.nflmockdraftdatabase.com/mock-drafts/2026/final-scores,,,False,False,False,04/27/2026 09:16am CDT,0,jmcgonigal9,False,False,32,3,
mock-drafts,2026,mocks/Show-0,/mock-drafts/2026/cbs-2026-jonathan-jones,https://www.nflmockdraftdatabase.com/mock-drafts/2026/cbs-2026-jonathan-jones,CBS,Jonathan Jones,04/20/26,"NFL insider 2026 mock draft: What we're hearing around the league : League intel points to trades, a fluid top 10 and a wide-open Round 1 -- with Jermod McCoy falling further than most expect","We made it to the week of the draft, where hopefully this event gets a little more juice. I love the draft, and I love doing my one and only mock, but this exercise was certainly a labor of love. By now, you know that most teams don't feel this is a strong draft. There's depth at offensive tackle and edge rusher, but we could see only a combined three to five quarterbacks, running backs and cornerbacks go in the first round. In past years, I liked to put several mock trades in my drafts to reflect what was likely to come later that week. The issue here is that about half of the top 10 could trade down with any number of teams. You'll find two mock trades below, but for the most part I tried to just hit on player and team. I'll have my annual Thursday notebook filled with what I'm hearing around the league in the lead-up to the draft. Until then, mock this mock.",https://www.cbssports.com/nfl/draft/news/nfl-insider-2026-mock-draft-what-were-hearing-around-the-league/?utm_source=nflmockdraftdatabase&utm_medium=website&utm_content=read_mock_link,https://www.nflmockdraftdatabase.com/big-boards/2026/consensus-big-board-2026,https://www.nflmockdraftdatabase.com/mock-drafts/2026/final-scores,,,False,False,False,04/27/2026 09:31am CDT,0,jjones9,False,False,32,1,
mock-drafts,2026,mocks/Show-0,/mock-drafts/2026/cbs-2026-jordan-dajani,https://www.nflmockdraftdatabase.com/mock-drafts/2026/cbs-2026-jordan-dajani,CBS,Jordan Dajani,04/11/26,"2026 NFL mock draft: Two top-five curveballs, plus a team trades back into Round 1 for Ty Simpson : A brand new mock draft that features several surprises in the top 10.","We are in the thick of ""draft szn,"" and the mocks are flying fast and furious. It's expected that the Las Vegas Raiders will select former Indiana quarterback Fernando Mendoza at No. 1 overall, but apart from that, no one knows what will happen. Every year, there are prospects who go higher than we expect and fall further than anticipated. Could linebacker Sonny Styles or running back Jeremiyah Love really be a top-three pick? What about Miami defensive lineman Rueben Bain Jr.? Could he fall out of the top 10 due to his short arms? I would also anticipate a race for offensive linemen in the first round, as more big men will be selected on opening night than any other position. That will cause some polarizing prospects to be pushed up the draft board.",https://www.cbssports.com/nfl/draft/news/2026-nfl-mock-draft-ty-simpson-trade-top-five-surprises/?utm_source=nflmockdraftdatabase&utm_medium=website&utm_content=read_mock_link,https://www.nflmockdraftdatabase.com/big-boards/2026/consensus-big-board-2026,https://www.nflmockdraftdatabase.com/mock-drafts/2026/final-scores,,,False,False,False,04/18/2026 01:05pm CDT,0,JordanDajani,False,False,32,1,
mock-drafts,2026,mocks/Show-0,/mock-drafts/2026/sports-info-solutions-2026-jordan-edwards,https://www.nflmockdraftdatabase.com/mock-drafts/2026/sports-info-solutions-2026-jordan-edwards,Sports Info Solutions,Jordan Edwards,04/15/26,2026 SIS Operations Staff 7-Round Mock Draft : Our operations staff takes its best guess at who goes where.,"In an NFL Draft that possesses a lot of talent at the top with really good depth in a handful of positions, what are teams going to do come Draft night? How many QBs go in Round 1? When does the first WR come off the board? How many trench players will we see in the first round? Using traditional scouting and analytics in conjunction with the NFL Draft site, the Sports Info Solutions Operations department tried its hand at attempting to answer all the burning questions and more in a 7-Round Mock Draft. Where are your favorite players going to land? Who is your favorite team going to select? Those questions and more are about to be answered. Find out now!",https://www.sportsinfosolutions.com/2026/04/15/2026-sis-operations-staff-7-round-mock-draft/?utm_source=nflmockdraftdatabase&utm_medium=website&utm_content=read_mock_link,https://www.nflmockdraftdatabase.com/big-boards/2026/consensus-big-board-2026,https://www.nflmockdraftdatabase.com/mock-drafts/2026/final-scores,,,False,False,False,04/22/2026 09:31pm CDT,0,SportsInfo_SIS,False,False,32,1,
mock-drafts,2026,mocks/Show-0,/mock-drafts/2026/prize-picks-2026-jordan-foote,https://www.nflmockdraftdatabase.com/mock-drafts/2026/prize-picks-2026-jordan-foote,Prize Picks,Jordan Foote,04/16/26,"2026 NFL Mock Draft: Updated Predictions on All 32 Picks in First Round : Let’s take a look at an updated 2026 NFL mock draft, including predictions for all 32 first-round picks and PrizePicks Team Picks payouts for the draft.","In the blink of an eye, the 2026 NFL Draft is almost here. As the sands pass through the hourglass, the first round on Thursday, April 23 draws closer. With the opening frame coming into focus, all 32 picks continue to be projected by media and fans alike. Which elite-level collegiate prospects will hear their names called early as they make the transition to the pros? Below, we’ll conduct a fresh 2026 NFL mock draft for the first round. No trades take place in this mock. For a reference, here’s Mock 1.0 on Playbook.",https://www.prizepicks.com/playbook-article/2026-nfl-mock-draft-updated-predictions-picks-first-round?utm_source=nflmockdraftdatabase&utm_medium=website&utm_content=read_mock_link,https://www.nflmockdraftdatabase.com/big-boards/2026/consensus-big-board-2026,https://www.nflmockdraftdatabase.com/mock-drafts/2026/final-scores,,,False,False,False,04/23/2026 09:36pm CDT,0,TheBestFooteFWD,False,False,32,2,
mock-drafts,2026,mocks/Show-0,/mock-drafts/2026/pro-football-focus-2026-jordan-plocher?date=2026-03-23,https://www.nflmockdraftdatabase.com/mock-drafts/2026/pro-football-focus-2026-jordan-plocher?date=2026-03-23,Pro Football Focus,Jordan Plocher,03/23/26,"2026 NFL Mock Draft: Cowboys trade up for Jeremiyah Love, Cardinals secure a quarterback : The Cowboys throw caution to the wind, giving up significant draft capital to acquire Notre Dame running back Jeremiyah Love in this 2026 NFL mock draft.","I often say that NFL mock drafts are just fan fiction for football lovers. So, this mock draft is not out of the realm of possibilities. While every pick is researched, some are meant more in the spirit of “what if” entertainment value rather than being predictive.",https://www.pff.com/news/draft-2026-nfl-mock-draft-cowboys-trade-up-jeremiyah-love-cardinals-quarterback?utm_source=nflmockdraftdatabase&utm_medium=website&utm_content=read_mock_link,https://www.nflmockdraftdatabase.com/big-boards/2026/consensus-big-board-2026,https://www.nflmockdraftdatabase.com/mock-drafts/2026/final-scores,,,False,False,False,03/30/2026 09:12am CDT,0,PFF_Jordan,False,False,32,1,42.0
mock-drafts,2026,mocks/Show-0,/mock-drafts/2026/espn-2026-jordan-reid,https://www.nflmockdraftdatabase.com/mock-drafts/2026/espn-2026-jordan-reid,ESPN,Jordan Reid,04/20/26,"2026 NFL mock draft: Jordan Reid's predictions for 257 picks : Jordan Reid projected every single pick for this week's NFL draft, from the Raiders' selection at No. 1 to Mr. Irrelevant.","The 2026 NFL draft gets rolling Thursday from Pittsburgh at 8 p.m. ET (on ESPN/ABC/ESPN App), so it's time for me to unveil my last mock draft, and every selection is accounted for. That's right, this seven-round mock draft features 257 prospects who I believe will be selected this week. I've compiled these projections based on my latest intel from conversations with sources throughout the league, months of scouting the entire class, and examining each team's biggest positional needs. I didn't project any trades, but that doesn't mean there won't be surprises and intrigue. So here it is: seven rounds, 257 picks and a lot of predictions for prospects' new homes. We'll start things off with the Las Vegas Raiders at No. 1. Compensatory picks are marked with an asterisk.",https://www.espn.com/nfl/draft2026/story/_/id/48480079/2026-nfl-mock-draft-seven-rounds-257-picks-predictions-jordan-reid-fits?utm_source=nflmockdraftdatabase&utm_medium=website&utm_content=read_mock_link,https://www.nflmockdraftdatabase.com/big-boards/2026/consensus-big-board-2026,https://www.nflmockdraftdatabase.com/mock-drafts/2026/final-scores,,,False,False,False,04/27/2026 08:51am CDT,0,Jordan_Reid,False,False,32,5,
mock-drafts,2026,mocks/Show-0,/mock-drafts/2026/cbs-2026-josh-edwards,https://www.nflmockdraftdatabase.com/mock-drafts/2026/cbs-2026-josh-edwards,CBS,Josh Edwards,04/16/26,"2026 NFL mock draft: Cowboys execute one of five first-round trades as every team makes at least one pick : Dallas trades up to No. 6 in our latest mock, plus nine offensive linemen come off the board in Round 1.","Rumors are recklessly flying around this time of year. Some teams are more transparent with whom they have interest but others hold their cards close to the vest. The value in mock draft exercises is that teams are able to accumulate information and that could inform where a prospect may be taken. In today's mock draft exercise, we explore where runs on individual positions may occur and into which picks a team may need to trade in order to secure a specific prospect. There are five trades made in the scenario below and at least one pick is made for each of the league's 32 teams. Without further ado, let's kick this off!",https://www.cbssports.com/nfl/draft/news/2026-nfl-mock-draft-cowboys-one-of-five-first-round-trades/?utm_source=nflmockdraftdatabase&utm_medium=website&utm_content=read_mock_link,https://www.nflmockdraftdatabase.com/big-boards/2026/consensus-big-board-2026,https://www.nflmockdraftdatabase.com/mock-drafts/2026/final-scores,,,False,False,False,04/23/2026 09:32pm CDT,0,EdwardsCBS,False,False,32,15,
mock-drafts,2026,mocks/Show-0,/mock-drafts/2026/vikings-territory-2026-josh-frey,https://www.nflmockdraftdatabase.com/mock-drafts/2026/vikings-territory-2026-josh-frey,Vikings Territory,Josh Frey,04/22/26,Josh Frey's 2026 NFL Mock Draft : Here is Josh Frey's final 2026 NFL mock draft ahead of Thursday's first round.,"After months of rumors and speculation, the 2026 NFL Draft is finally upon us. With just a few days until the draft officially begins on Thursday, April 23, here is my final 2026 NFL mock draft before the event officially gets underway.",https://vikingsterritory.com/2026/news/top_news/josh-freys-2026-nfl-mock-draft?utm_source=nflmockdraftdatabase&utm_medium=website&utm_content=read_mock_link,https://www.nflmockdraftdatabase.com/big-boards/2026/consensus-big-board-2026,https://www.nflmockdraftdatabase.com/mock-drafts/2026/final-scores,,,False,False,False,04/29/2026 09:09am CDT,0,FreyedChicken05,False,False,32,2,
mock-drafts,2026,mocks/Show-0,/mock-drafts/2026/fox-43-2026-joshua-feldstein,https://www.nflmockdraftdatabase.com/mock-drafts/2026/fox-43-2026-joshua-feldstein,Fox 43,Joshua Feldstein,04/09/26,FOX43's 2026 NFL Mock Draft | Who will hear their name called in Pittsburgh? : ,"The 2026 NFL Draft is coming up in two weeks, and the stage is set for Pittsburgh to be the face of the sports world from April 23-25. Indiana University quarterback Fernando Mendoza is coming off of a Heisman Trophy and National Championship-winning season and is expected to go first overall to the Las Vegas Raiders, but the remaining 31 picks in this year’s first round appear to be wide open. A flurry of trades this past offseason has flipped picks all over the first round of the 2026 draft. Most notably, the New York Jets, Cleveland Browns, Kansas City Chiefs and Dallas Cowboys will all have more than one first round selection. Meanwhile, the Jacksonville Jaguars, Atlanta Falcons, Denver Broncos, Green Bay Packers and Indianapolis Colts will not have first round picks. Here is where FOX43’s Joshua Feldstein thinks some of the NCAA’s top prospects will land in the upcoming the draft:",https://www.fox43.com/article/sports/fox43-2026-nfl-mock-draft/521-77707701-6cb3-45f2-8a14-38544a86e5e2?utm_source=nflmockdraftdatabase&utm_medium=website&utm_content=read_mock_link,https://www.nflmockdraftdatabase.com/big-boards/2026/consensus-big-board-2026,https://www.nflmockdraftdatabase.com/mock-drafts/2026/final-scores,,,False,False,False,04/17/2026 08:38am CDT,0,FOX43Sports,False,False,32,1,
mock-drafts,2026,mocks/Show-0,/mock-drafts/2026/ff-today-2026-justin-bales,https://www.nflmockdraftdatabase.com/mock-drafts/2026/ff-today-2026-justin-bales,FF Today,Justin Bales,04/14/26,"2026 NFL Mock Draft: Version 3.0 : Full Round 1 projections for all 32 teams, featuring top prospects like Fernando Mendoza, Arvell Reese, Carnell Tate, and more. Latest team fits and analysis.","There's only one pick that we should feel confident in at the moment, and it's Mendoza. This is an extremely weak quarterback class, and it's clear that Mendoza sits at the top. Las Vegas experimented with Geno Smith and Pete Carroll last season, and it was a disaster. They brought in Klint Kubiak as their new head coach, and he'll grab his quarterback of the future here.",https://www.fftoday.com/articles/jubales/26-nfl-draft3.html?utm_source=nflmockdraftdatabase&utm_medium=website&utm_content=read_mock_link,https://www.nflmockdraftdatabase.com/big-boards/2026/consensus-big-board-2026,https://www.nflmockdraftdatabase.com/mock-drafts/2026/final-scores,,,False,False,False,04/21/2026 09:04am CDT,0,BalesSJustin,False,False,32,3,
mock-drafts,2026,mocks/Show-0,/mock-drafts/2026/nfl-draft-diamonds-2026-justin-berendzen,https://www.nflmockdraftdatabase.com/mock-drafts/2026/nfl-draft-diamonds-2026-justin-berendzen,NFL Draft Diamonds,Justin Berendzen,04/20/26,"Justin Berendzen's 2026 First Round Mock Draft 3.0 : Justin Berendzen's 2026 First Round Mock Draft 3.0 Hello, I am Justin Berendzen from Draft Diamonds and below is my first-round mock draft 3.0 for the","Hello, I am Justin Berendzen from Draft Diamonds and below is my first-round mock draft 3.0 for the 2026 NFL Draft. Just a prediction and not an actual representation of what will actually happen.",https://nfldraftdiamonds.com/2026/04/justin-berendzens-2026-first-round-mock-draft-3-0/?utm_source=nflmockdraftdatabase&utm_medium=website&utm_content=read_mock_link,https://www.nflmockdraftdatabase.com/big-boards/2026/consensus-big-board-2026,https://www.nflmockdraftdatabase.com/mock-drafts/2026/final-scores,,,False,False,False,04/27/2026 10:06am CDT,0,jrberendzen,False,False,32,2,
mock-drafts,2026,mocks/Show-0,/mock-drafts/2026/si-2026-justin-melo,https://www.nflmockdraftdatabase.com/mock-drafts/2026/si-2026-justin-melo,SI,Justin Melo,04/20/26,2026 NFL Mock Draft: Taking Wild Turns Nobody Saw Coming : Our final 2026 NFL mock draft features a number of trades and surprise picks throughout the opening 32 that would bring chaos to this year's festivities.,"The 2026 NFL Draft will finally begin on Thursday. Months of evaluation will conclude with the actual selections. Given the lack of blue-chip talent at premier positions, the first round promises to deliver surprises via trades and unpredictable results. We've scouted the tape. We've conducted conversations with scouts and other sourced individuals around the league. The overall uniqueness of this draft makes this first-round projection one of the more difficult final mock drafts in recent memory. Nothing is certain beyond the No. 1 overall pick.",https://www.si.com/nfl/draft/onsi/mock-drafts/2026-nfl-mock-draft-taking-wild-turns-nobody-saw-coming?utm_source=nflmockdraftdatabase&utm_medium=website&utm_content=read_mock_link,https://www.nflmockdraftdatabase.com/big-boards/2026/consensus-big-board-2026,https://www.nflmockdraftdatabase.com/mock-drafts/2026/final-scores,,,False,False,False,04/27/2026 09:59am CDT,0,JustinM_NFL,False,False,32,6,
mock-drafts,2026,mocks/Show-0,/mock-drafts/2026/cowboys-wire-2026-k-d-drummond,https://www.nflmockdraftdatabase.com/mock-drafts/2026/cowboys-wire-2026-k-d-drummond,Cowboys Wire,K.D. Drummond,04/10/26,"2026 NFL mock draft: Cowboys trade up, Browns land 3 first rounders : In our latest NFL Wires mock draft, the Cowboys trade into the Top 10 to land an impact defender as the Browns make 3 first-round picks.","The 2026 NFL Draft is now less than two weeks away, and teams are finalizing their draft plans ahead of the big event in Pittsburgh. There's a lot of uncertainty about how the first round will shake out, where some insiders believe we could see a trade-heavy first night with deep position groups at wide receiver, edge rusher, cornerback and linebacker. There is a lack of depth in the later rounds of the draft, which could prompt a flurry of trades early on. In our latest NFL Wires mock draft, our editors make their updated picks for the first round, which includes the Dallas Cowboys making a big jump into the Top 10 to land an impact edge rusher while the Cleveland Browns make three first-round picks in the process.",https://cowboyswire.usatoday.com/story/sports/nfl/cowboys/2026/04/10/nfl-mock-draft-2026-cowboys-browns-trade-rueben-bain/89552069007/?utm_source=nflmockdraftdatabase&utm_medium=website&utm_content=read_mock_link,https://www.nflmockdraftdatabase.com/big-boards/2026/consensus-big-board-2026,https://www.nflmockdraftdatabase.com/mock-drafts/2026/final-scores,,,False,False,False,04/18/2026 10:16pm CDT,0,KDDrummondNFL,False,False,32,1,
mock-drafts,2026,mocks/Show-0,/mock-drafts/2026/fantasy-life-2026-kody-malstrom,https://www.nflmockdraftdatabase.com/mock-drafts/2026/fantasy-life-2026-kody-malstrom,Fantasy Life,Kody Malstrom,04/20/26,2026 NFL Mock Draft: Jordyn Tyson Rises To The Giants At 1.10 : Kody Malstrom provides his final update to his Round 1 NFL Mock Draft ahead of Thursday's Round 1 kickoff.,"This year's draft may be one of the bigger wildcards in quite some time. Teams have reportedly wanted to move back, yet can not find any suitors. Last-second surges up the draft boards have shaken up the field, and plenty of big names are all being fished around as potential trade bait. Below is the most recent version of my 2026 NFL mock draft with a breakdown of each pick. By using a wisdom of the crowds approach, I have created a range for each player to help guide where they may get selected. For the rest of our draft coverage, be sure to check out our NFL Draft Guide for great insight and information.",https://www.fantasylife.com/articles/nfl-draft/2026-nfl-mock-draft-jordyn-tyson-rises-to-the-giants-at-110?utm_source=nflmockdraftdatabase&utm_medium=website&utm_content=read_mock_link,https://www.nflmockdraftdatabase.com/big-boards/2026/consensus-big-board-2026,https://www.nflmockdraftdatabase.com/mock-drafts/2026/final-scores,,,False,False,False,04/27/2026 04:19pm CDT,0,kmalstrom,False,False,32,2,
mock-drafts,2026,mocks/Show-0,/mock-drafts/2026/a-to-z-sports-2026-kyle-crabbs?date=2026-04-04,https://www.nflmockdraftdatabase.com/mock-drafts/2026/a-to-z-sports-2026-kyle-crabbs?date=2026-04-04,A To Z Sports,Kyle Crabbs,04/04/26,"3-Round 2026 NFL Mock Draft: The Cowboys make a massive splash to shake up the top-10, Chiefs get greedy with an early trade : The rumor mill has the Cowboys contemplating a monster splash trade in the 2026 NFL Draft. What if they pull off the blockbuster? We explore in this 3-round 2026 NFL mock draft.","The 2026 NFL Draft is nearly ready for kickoff. There’s probably a few more free agent signings and contract extensions that will beat the buzzer between now and the 23rd. But by and large, we’re ready to lock in these boards and team needs and get this thing rolling. The A to Z Sports NFL mock draft simulator is going to be my best friend for the next three weeks. Countless 7-round team-specific mock drafts and, today, a 3-round 2026 mock draft. This 3-round mock draft explores one of the biggest rumors of the week — what happens if Jerry Jones and company tee up a blockbuster deal for a pass rusher?",https://atozsports.com/nfl-draft/3-round-2026-nfl-mock-draft-the-cowboys-make-a-massive-splash-to-shake-up-the-top-10-chiefs-get-greedy-with-an-early-trade/?utm_source=nflmockdraftdatabase&utm_medium=website&utm_content=read_mock_link,https://www.nflmockdraftdatabase.com/big-boards/2026/consensus-big-board-2026,https://www.nflmockdraftdatabase.com/mock-drafts/2026/final-scores,,,False,False,False,04/11/2026 04:13pm CDT,0,KyleCrabbs,False,False,32,3,
mock-drafts,2026,mocks/Show-0,/mock-drafts/2026/nbc-sports-2026-kyle-dvorchak,https://www.nflmockdraftdatabase.com/mock-drafts/2026/nbc-sports-2026-kyle-dvorchak,NBC Sports,Kyle Dvorchak,04/20/26,"2026 NFL Mock Draft 3.0: Giants pick Caleb Downs at No. 10, Carnell Tate and Jordyn Tyson go in top eight : Kyle Dvorchak's final mock draft features Jordyn Tyson's hype machine in full effect, Giants adding a superstar, and big trade from the Cowboys.","With less than a week until the 2026 NFL Draft, this is my final mock draft based on what I think will actually happen, not what I would do if I were the GM of all 32 teams.",https://www.nbcsports.com/fantasy/football/news/2026-nfl-mock-draft-3-0-giants-pick-caleb-downs-at-no-10-carnell-tate-and-jordyn-tyson-go-in-top-eight?utm_source=nflmockdraftdatabase&utm_medium=website&utm_content=read_mock_link,https://www.nflmockdraftdatabase.com/big-boards/2026/consensus-big-board-2026,https://www.nflmockdraftdatabase.com/mock-drafts/2026/final-scores,,,False,False,False,04/27/2026 04:20pm CDT,0,kyletweetshere,False,False,32,3,
mock-drafts,2026,mocks/Show-0,/mock-drafts/2026/gang-green-nation-2026-kyle-newman?date=2026-04-06,https://www.nflmockdraftdatabase.com/mock-drafts/2026/gang-green-nation-2026-kyle-newman?date=2026-04-06,Gang Green Nation,Kyle Newman,04/06/26,New York Jets: Full First Round Mock Draft 2.0 : Lets mock the draft!,"About a month ago I did my first full mock draft. A lot has changed since then. The pre-draft process has continued to play out, Pro Days, Top-30 visits, injuries, and more have played a role in what’s going to be a massive change to how my mock looked a month ago. This is the second of what will be three full first-round mock drafts. The last one is coming the week of the Draft.",https://www.ganggreennation.com/new-york-jets-nfl-draft/92887/full-first-round-mock-draft-2-0?utm_source=nflmockdraftdatabase&utm_medium=website&utm_content=read_mock_link,https://www.nflmockdraftdatabase.com/big-boards/2026/consensus-big-board-2026,https://www.nflmockdraftdatabase.com/mock-drafts/2026/final-scores,,,False,False,False,04/13/2026 11:50am CDT,0,NewmanNYsports,False,False,32,2,
mock-drafts,2026,mocks/Show-0,/mock-drafts/2026/the-lumberjack-2026-lance-parise,https://www.nflmockdraftdatabase.com/mock-drafts/2026/the-lumberjack-2026-lance-parise,The Lumberjack,Lance Parise,04/11/26,"2026 NFL Mock Draft: Round one : With the NFL draft approaching and limited quarterbacks at the top of the list, teams must prioritize their long-term stability.",This mock will project how teams might select players based on needs and current roster ahead of the actual draft.,https://www.jackcentral.org/sports/2026-nfl-mock-draft-round-one/article_6ec8d228-3b7c-4ca4-aeea-2c210b674507.html?utm_source=nflmockdraftdatabase&utm_medium=website&utm_content=read_mock_link,https://www.nflmockdraftdatabase.com/big-boards/2026/consensus-big-board-2026,https://www.nflmockdraftdatabase.com/mock-drafts/2026/final-scores,,,False,False,False,04/18/2026 10:27pm CDT,0,lance_parise,False,False,32,1,
mock-drafts,2026,mocks/Show-0,/mock-drafts/2026/nfl-com-2026-lance-zierlein?date=2026-03-31,https://www.nflmockdraftdatabase.com/mock-drafts/2026/nfl-com-2026-lance-zierlein?date=2026-03-31,NFL.com,Lance Zierlein,03/31/26,"Lance Zierlein 2026 NFL mock draft 3.0: Cowboys hit the jackpot at No. 12, plus two trades : In his third mock of the 2026 NFL Draft, Lance Zierlein projects stud linebacker Sonny Styles to fall to the Cowboys at No. 12. Plus, Seattle adds to its backfield. Check out the full Round 1 projection, 1-32.","With free agency signings and trades clarifying the roster-building picture for many teams, let's take another spin at projecting Round 1 of the 2026 NFL Draft. My third go-around includes a coup for the Cowboys and a trade up by the Cardinals -- but not for the prospect you might be thinking of.",https://www.nfl.com/news/lance-zierlein-2026-nfl-mock-draft-3-0-cowboys-hit-the-jackpot-at-no-12-plus-two-trades?utm_source=nflmockdraftdatabase&utm_medium=website&utm_content=read_mock_link,https://www.nflmockdraftdatabase.com/big-boards/2026/consensus-big-board-2026,https://www.nflmockdraftdatabase.com/mock-drafts/2026/final-scores,,,False,False,False,04/07/2026 10:05pm CDT,0,LanceZierlein,False,False,32,3,
mock-drafts,2026,mocks/Show-0,/mock-drafts/2026/nfl-trade-rumors-2026-logan-ulrich,https://www.nflmockdraftdatabase.com/mock-drafts/2026/nfl-trade-rumors-2026-logan-ulrich,NFL Trade Rumors,Logan Ulrich,04/22/26,Final 2026 NFL Mock Draft 3.0 : %excerpt%,"This is the third mock draft marked “final” that you’ll see on the website this week, and this is the true final “final” mock as we have three writers who are competing in The Huddle Report‘s mock draft accuracy contest. The only prize is bragging rights, but isn’t that the best prize of all? The 2026 NFL Draft, set to start on Thursday, April 23rd, at 8 PM Eastern, represents a unique challenge. The class is viewed as shallow at the top with fewer than usual true first-round grades. The best players are at non-premium positions, while the top players at premium positions all have warts of some kind. Add it all up, and we might have a recipe for a draft that strays even further from consensus than usual. In one more day, we’ll find out. Until then, we have a ton of draft resources for your perusal, including a tracker of top 30 visits and other meetings, a constantly running rumor mill, prospect rankings and tons of individual player analysis.",https://nfltraderumors.co/final-2026-nfl-mock-draft-3-0/?utm_source=nflmockdraftdatabase&utm_medium=website&utm_content=read_mock_link,https://www.nflmockdraftdatabase.com/big-boards/2026/consensus-big-board-2026,https://www.nflmockdraftdatabase.com/mock-drafts/2026/final-scores,,,False,False,False,04/29/2026 08:51am CDT,1,loganulrich,False,False,32,2,
mock-drafts,2026,mocks/Show-0,/mock-drafts/2026/nfl-spin-zone-2026-lou-scataglia,https://www.nflmockdraftdatabase.com/mock-drafts/2026/nfl-spin-zone-2026-lou-scataglia,NFL Spin Zone,Lou Scataglia,04/21/26,2026 NFL Mock Draft: Top-10 draft predictions if the order was flipped : Let's take a unique angle in this mock draft and dive into the top-10 picks if the draft order was totally flipped.,"This is nothing more than a fun exercise before the 2026 NFL Draft, which is just about here. Given how uncertain everything has been this offseason, the only real guarantee for the draft this year is the Las Vegas Raiders selecting first overall. Fernando Mendoza wearing the silver and black is just about guaranteed, but after that, all bets are off, and a huge reason for that is due to the lack of blue-chip talent, so there could be teams wanting to trade down and others that may want to come up for those prospects. Let's get wacky here and dive into what the top-10 picks if the draft might look like if the order was totally flipped.",https://nflspinzone.com/2026-nfl-mock-draft-top-10-draft-predictions-if-the-order-was-flipped?utm_source=nflmockdraftdatabase&utm_medium=website&utm_content=read_mock_link,https://www.nflmockdraftdatabase.com/big-boards/2026/consensus-big-board-2026,https://www.nflmockdraftdatabase.com/mock-drafts/2026/final-scores,,,False,False,False,04/28/2026 10:08pm CDT,0,Lou__S13,False,False,10,43,
mock-drafts,2026,mocks/Show-0,/mock-drafts/2026/athlon-sports-2026-luke-easterling,https://www.nflmockdraftdatabase.com/mock-drafts/2026/athlon-sports-2026-luke-easterling,Athlon Sports,Luke Easterling,04/18/26,2026 NFL Mock Draft ,"With less than a week to go before the 2026 NFL Draft kicks off in Pittsburgh, the New York Giants and Cincinnati Bengals are already shaking things up with a blockbuster trade. The Giants are sending star defensive lineman Dexter Lawrence to the Bengals for the No. 10 overall pick in this year’s draft, giving New York a pair of top-10 picks while Cincinnati adds arguably the most dominant interior defender in the league. How could this deal change the landscape at the top of the board?",https://athlonsports.com/nfl/nfl-mock-draft-2026-updated-dexter-lawrence-trade?utm_source=nflmockdraftdatabase&utm_medium=website&utm_content=read_mock_link,https://www.nflmockdraftdatabase.com/big-boards/2026/consensus-big-board-2026,https://www.nflmockdraftdatabase.com/mock-drafts/2026/final-scores,,,False,False,False,04/25/2026 09:29pm CDT,1,LukeEasterling,False,False,32,14,
mock-drafts,2026,mocks/Show-0,/mock-drafts/2026/rotowire-2026-mario-puig,https://www.nflmockdraftdatabase.com/mock-drafts/2026/rotowire-2026-mario-puig,Rotowire,Mario Puig,04/22/26,2026 NFL Mock Draft: Two-Round Final Mock : Get an in-depth look at the first two rounds of the 2026 NFL Draft with top prospect analysis and potential team landing spots to master the 2026 rookie class and dominate your fantasy football drafts.,"This 2026 NFL Draft mock draft runs through every selection in the first two rounds, mapping out potential landing spots for the top fantasy football rookies in the 2026 NFL Draft. I didn't have time to write blurbs for the picks, but please feel free to ask questions in the comments if anything is unclear. This mock projects two trades:",https://www.rotowire.com/football/article/2026-nfl-mock-draft-two-round-final-mock-112022?utm_source=nflmockdraftdatabase&utm_medium=website&utm_content=read_mock_link,https://www.nflmockdraftdatabase.com/big-boards/2026/consensus-big-board-2026,https://www.nflmockdraftdatabase.com/mock-drafts/2026/final-scores,,,False,False,False,04/29/2026 08:46am CDT,0,ThePostingScout,False,False,32,3,
mock-drafts,2026,mocks/Show-0,/mock-drafts/2026/sb-nation-2026-mark-schofield,https://www.nflmockdraftdatabase.com/mock-drafts/2026/sb-nation-2026-mark-schofield,SB Nation,Mark Schofield,04/20/26,NFL mock draft 2026: Updated projection after Giants acquire second top-10 pick in big trade : Here’s an updated NFL mock draft after the Dexter Lawrence trade gave the Giants a second top-10 pick.,"Welcome to Draft Week. The 2026 NFL Draft gets underway in Pittsburgh in just a few short days, but the week begins with a shocker. The New York Giants sent defensive tackle Dexter Lawrence to the Cincinnati Bengals, in exchange for the No. 10 pick in the draft. New York now owns a pair of picks inside the top ten, and the Giants are one of several teams — along with the Jets, the Cowboys, the Browns, the Chiefs, and the Dolphins — with a pair of picks in the first round. s the week begins, here is our latest look at how the first round could unfold. For those wondering, this is more of a predictive mock, trying to sift through the latest reporting and rumors to predict how the first 32 picks will come off the board. In some cases — see No. 10 for example — there is an element of “what I would do” that plays a role. Here are the picks in this predictive mock, with deeper thoughts on how this top ten would play out.",https://www.sbnation.com/nfl/1111419/nfl-mock-draft-2026-after-dexter-lawrence-giants-bengals-trade?utm_source=nflmockdraftdatabase&utm_medium=website&utm_content=read_mock_link,https://www.nflmockdraftdatabase.com/big-boards/2026/consensus-big-board-2026,https://www.nflmockdraftdatabase.com/mock-drafts/2026/final-scores,,,False,False,False,04/27/2026 09:00am CDT,0,MarkSchofield,False,False,32,10,
mock-drafts,2026,mocks/Show-0,/mock-drafts/2026/the-draft-network-2026-mason-johnstone?date=2026-03-15,https://www.nflmockdraftdatabase.com/mock-drafts/2026/the-draft-network-2026-mason-johnstone?date=2026-03-15,The Draft Network,Mason Johnstone,03/15/26,2026 NFL Mock Draft: Building Out The Trenches : Our full first-round 2026 NFL Mock Draft after the first waves of NFL free agency. How have team needs and trades changed things?,"It’s hard not to get a bit sentimental at this time of year. Having scouted many of these 2026 prospects since last year, it’s been a genuinely enjoyable journey to see who has grown and who has taken that crucial next step. When you look at this class—featuring a standout quarterback at the top, a loaded group of receivers and linebackers, a couple of true star defensive ends, and plenty of plug-and-play offensive linemen—there’s a lot to look forward to. Of course, as with every draft class, there's a measure of uncertainty. Yet, for teams needing immediate starters, this class seems to offer a viable first-round option for just about every need. It’ll be fascinating to see how teams approach their boards and how they choose to build their futures. So, without further ado, let’s dive into my latest 2026 NFL Mock Draft. Do your own mock draft right now inside our MOCK DRAFT MACHINE.",https://thedraftnetwork.com/2026/03/15/2026-nfl-mock-draft-march-16?utm_source=nflmockdraftdatabase&utm_medium=website&utm_content=read_mock_link,https://www.nflmockdraftdatabase.com/big-boards/2026/consensus-big-board-2026,https://www.nflmockdraftdatabase.com/mock-drafts/2026/final-scores,,,False,False,False,03/23/2026 09:24pm CDT,0,msnjhnstn,False,False,32,1,99.0
mock-drafts,2026,mocks/Show-0,/mock-drafts/2026/the-big-lead-2026-matt-de-lima,https://www.nflmockdraftdatabase.com/mock-drafts/2026/the-big-lead-2026-matt-de-lima,The Big Lead,Matt De Lima,04/17/26,"2026 NFL mock draft board has never been this wild : 2026 NFL mock draft board has never been this wild, and as the draft approaches, we can expect things to get even crazier","The 2026 NFL Draft opens in less than a week in Pittsburgh, and the board is finally taking shape, although there’s little consensus after the first few picks. Draft boards are being dictated by a historic influx of defensive front-seven talent, but a late-rising wide receiver class headlined by Carnell Tate and Makai Lemon is beginning to challenge the defensive dominance of the top ten. A cloud has also formed over Rueben Bain Jr. after reports surfaced this month that he was driving during a 2024 car accident that took the life of a young woman. The citation was dropped, but the story has become the most uncomfortable storyline heading into Pittsburgh.",https://www.thebiglead.com/2026-nfl-mock-draft-board-has-never-been-this-wild/?utm_source=nflmockdraftdatabase&utm_medium=website&utm_content=read_mock_link,https://www.nflmockdraftdatabase.com/big-boards/2026/consensus-big-board-2026,https://www.nflmockdraftdatabase.com/mock-drafts/2026/final-scores,,,False,False,False,04/24/2026 11:09pm CDT,0,mattkdelima,False,False,32,5,
mock-drafts,2026,mocks/Show-0,/mock-drafts/2026/nbc-sports-bayarea-2026-matt-maiocco,https://www.nflmockdraftdatabase.com/mock-drafts/2026/nbc-sports-bayarea-2026-matt-maiocco,NBC Sports Bayarea,Matt Maiocco,04/21/26,Matt Maiocco's NFL mock draft 5.0: 49ers select UCF edge rusher Malachi Lawrence with pick No. 27 : NBC Sports Bay Area’s Matt Maiocco has the San Francisco 49ers selecting UCF edge rusher Malachi Lawrence in his fifth and final 2026 NFL mock draft.,"The 49ers took care of their most urgent need on Monday. San Francisco and left tackle Trent Williams reached an agreement on a deal that will keep him protecting Brock Purdy’s blindside for the next two seasons. The 49ers enter the first round of the 2026 NFL Draft on Thursday with an opening at left guard and a need for an edge rusher to pair with Nick Bosa. “It's the great equalizer in today's football,” 49ers general manager John Lynch said of the need for another outside pass-rush threat. “So much is set up for the offense to have success. Can you put that quarterback under duress? Can you hit that quarterback? Can you pressure that quarterback? We fell short of that last year.” Choosing at No. 27 overall, the 49ers will have to wait a while to see what options are available when it is their turn to go on the clock. In our final mock draft, this is how we see the first round playing out:",https://www.nbcsportsbayarea.com/nfl/san-francisco-49ers/2026-mock-draft-malachi-lawrence/1932883/?utm_source=nflmockdraftdatabase&utm_medium=website&utm_content=read_mock_link,https://www.nflmockdraftdatabase.com/big-boards/2026/consensus-big-board-2026,https://www.nflmockdraftdatabase.com/mock-drafts/2026/final-scores,,,False,False,False,04/28/2026 10:18am CDT,0,MaioccoNBCS,False,False,32,5,
mock-drafts,2026,mocks/Show-0,/mock-drafts/2026/espn-2026-matt-miller,https://www.nflmockdraftdatabase.com/mock-drafts/2026/espn-2026-matt-miller,ESPN,Matt Miller,04/17/26,"2026 NFL mock draft: Scouts, execs predict the top 10 picks : We asked NFL scouts to make draft picks for other teams, assigning one to each top-10 slot. Which prospects could go early?","This is the heart of mock draft season, with the 2026 NFL draft set to begin April 23 in Pittsburgh. My own final set of projections drops Wednesday. But did you know NFL teams conduct their own mocks in preparation, assigning staffers to rival teams in Round 1 to try to project what could happen at each pick? For the third year in a row, I'm doing the same. I asked 10 anonymous scouts from around the league to each serve as the decision-maker for a team picking in the top 10. I'm letting them make the pick based on the roster needs of the team they were assigned and their own personal evaluation of the 2026 class. (Here are my previous scouts mocks for 2024 and 2025.)",https://www.espn.com/nfl/draft2026/story/_/id/48488008/2026-nfl-draft-mock-scouts-top-10-predictions-picks?utm_source=nflmockdraftdatabase&utm_medium=website&utm_content=read_mock_link,https://www.nflmockdraftdatabase.com/big-boards/2026/consensus-big-board-2026,https://www.nflmockdraftdatabase.com/mock-drafts/2026/final-scores,,,False,False,False,04/24/2026 08:42am CDT,2,nfldraftscout,False,False,10,5,
mock-drafts,2026,mocks/Show-0,/mock-drafts/2026/bleacher-nation-2026-matt-rooney,https://www.nflmockdraftdatabase.com/mock-drafts/2026/bleacher-nation-2026-matt-rooney,Bleacher Nation,Matt Rooney,04/20/26,2026 NFL Mock Draft ,"It’s Draft week, so let’s run through one of our final 2026 NFL Mock Drafts. After Fernando Mendoza goes first overall, the board feels very wide open. Can Jeremiyah Love continue to climb? What will the Giants do with their two top 10 picks? Will anyone pull off any massive trades? So much left to unfold, but not a whole lot of time! Let’s get to it.",https://www.bleachernation.com/bears/2026/04/20/2026-nfl-mock-draft-20-2/?utm_source=nflmockdraftdatabase&utm_medium=website&utm_content=read_mock_link,https://www.nflmockdraftdatabase.com/big-boards/2026/consensus-big-board-2026,https://www.nflmockdraftdatabase.com/mock-drafts/2026/final-scores,,,False,False,False,04/27/2026 11:58am CDT,0,mrooney23,False,False,32,9,
mock-drafts,2026,mocks/Show-0,/mock-drafts/2026/si-2026-matt-verderame?date=2026-04-09,https://www.nflmockdraftdatabase.com/mock-drafts/2026/si-2026-matt-verderame?date=2026-04-09,SI,Matt Verderame,04/09/26,"2026 NFL All-Trades Mock Draft: 32 Deals for 32 Teams : The Jets move up one spot and land one of the best players in the draft, the Browns select their future QB and the Chiefs add a legitimate top-end wideout, unlike anybody they’ve had since Tyreek Hill.","Welcome to chaos. Every year, it’s the same thing. A million mock drafts and they all might as well be the same. Sure, your favorite team got a guard in one and a center in another, but what’s the difference? It’s an exercise in how much one can take before finally logging off and touching grass. But here? We change the game. We both mock the mock drafts and embrace the culture, celebrating this absurd tradition with a little devil-may-care sprinkled in. Ready to partake? Of course you are. You clicked and read this far. The rules are straightforward. Each trade has to be fair, judged by the Jimmy Johnson trade chart, a standard rubric within NFL circles. Also, the trades must make sense for both teams. After all, this is a circus, but a reasonable one. Let’s begin with the actual draft order, with point values of each first-round pick according to the chart in parentheses.",https://www.si.com/nfl/2026-nfl-all-trades-mock-draft-32-deals-32-teams?utm_source=nflmockdraftdatabase&utm_medium=website&utm_content=read_mock_link,https://www.nflmockdraftdatabase.com/big-boards/2026/consensus-big-board-2026,https://www.nflmockdraftdatabase.com/mock-drafts/2026/final-scores,,,False,False,False,04/16/2026 09:37am CDT,0,MattVerderame,False,False,32,1,
mock-drafts,2026,mocks/Show-0,/mock-drafts/2026/vsin-2026-matt-youmans,https://www.nflmockdraftdatabase.com/mock-drafts/2026/vsin-2026-matt-youmans,VSIN,Matt Youmans,04/21/26,Matt Youmans: 2026 NFL Mock Draft and Best Bets : Matt Youmans shares his best bets and mock draft for the 2026 NFL Draft,"When a lot of buzz precedes the NFL Draft, it’s usually due to multiple promising quarterback prospects. This draft lacks media hype mostly because only two quarterbacks could be picked in the first round, and the second-ranked passer — Ty Simpson from Alabama — could slip to the second round. Simpson is the key to my betting performance in the NFL draft, and it’s not because I love him as a prospect. This is an information-based event and the most reliable sources indicate there is a good shot Simpson’s name will get called Thursday night in Pittsburgh. When the dominoes start falling, the key player to projecting a mock draft with accuracy will be Notre Dame running back Jeremiyah Love, whose window to go seems as high as No. 3 and as low as No. 7. The Arizona Cardinals, rarely a key team on any given Sunday, have their eyes on Love and Simpson in the first round. The Cardinals could trade down from the third spot, a move that would create chaos in the top 10. The betting market for the draft is drying up, especially at Las Vegas sportsbooks, and getting tougher to beat. What that means is I have far fewer plays than ever this year. I had as many as 35 bets one year and might not have 10 this week. This event has resulted in a feast for most bettors and famine for most books the past eight years, so several bookmakers are in turtle formation, posting only a few props or none at all. Two days before the draft kicks off, and one day before props are pulled off the board because of gaming regulations, here is my short list of best bets:",https://vsin.com/nfl/matt-youmans-2026-nfl-mock-draft-and-best-bets/?utm_source=nflmockdraftdatabase&utm_medium=website&utm_content=read_mock_link,https://www.nflmockdraftdatabase.com/big-boards/2026/consensus-big-board-2026,https://www.nflmockdraftdatabase.com/mock-drafts/2026/final-scores,,,False,False,False,04/28/2026 09:57pm CDT,1,mattyoumans247,False,False,32,1,
mock-drafts,2026,mocks/Show-0,/mock-drafts/2026/fantasy-life-2026-matthew-freedman,https://www.nflmockdraftdatabase.com/mock-drafts/2026/fantasy-life-2026-matthew-freedman,Fantasy Life,Matthew Freedman,04/15/26,2026 NFL Mock Draft: David Bailey To The Jets At 1.02 : Matthew Freedman breaks down one of his last mock drafts of the 2026 NFL Draft season as we are roughly one week out from draft day.,"Last time I did a mock draft, my wife had just given birth to our girl, and I was the inevitable conqueror of life. Now, I've been in the trenches of parenthood for a week, and I know better. I'm cannon fodder. I serve at the whim of a fickle infant who at any moment can order me into battle with a blood- and bottled milk-curdling scream. Critics of fantasy sports often belittle it as an escape from reality. My friends, right now, an escape from reality is what I need more than anything else in the world, so I'm updating my 2026 NFL mock draft while my sweet little terror of a snookums holds my sister hostage in the other room. (I'm joking, being a dad is great. I love it.)",https://www.fantasylife.com/articles/nfl-draft/2026-nfl-mock-draft-david-bailey-to-the-jets-at-102?utm_source=nflmockdraftdatabase&utm_medium=website&utm_content=read_mock_link,https://www.nflmockdraftdatabase.com/big-boards/2026/consensus-big-board-2026,https://www.nflmockdraftdatabase.com/mock-drafts/2026/final-scores,,,False,False,False,04/22/2026 09:44pm CDT,3,MattFtheOracle,False,False,32,11,
mock-drafts,2026,mocks/Show-0,/mock-drafts/2026/live-score-2026-matthew-gideon?date=2026-04-08,https://www.nflmockdraftdatabase.com/mock-drafts/2026/live-score-2026-matthew-gideon?date=2026-04-08,Live Score,Matthew Gideon,04/08/26,"2026 NFL Mock Draft 4.0: Post-Pro Days Edition : Nine edge rushers are taken in the first round, and Notre Dame's Jeremiyah Love falls out of the top-15.","Now that the biggest schools in the country have held their Pro Day workouts and the calendar has turned over to April, we are just days away from the 2026 NFL Draft. This will also be our penultimate mock draft for the 2026 NFL off-season. Let's take a look at the first round of the 2026 NFL Draft and predict where the top prospects will go.",https://www.livescore.com/en/news/nfl/2026-nfl-mock-draft-4-0-post-pro-days-edition/?utm_source=nflmockdraftdatabase&utm_medium=website&utm_content=read_mock_link,https://www.nflmockdraftdatabase.com/big-boards/2026/consensus-big-board-2026,https://www.nflmockdraftdatabase.com/mock-drafts/2026/final-scores,,,False,False,False,04/15/2026 09:09pm CDT,0,gideonsportnews,False,False,32,3,
mock-drafts,2026,mocks/Show-0,/mock-drafts/2026/fantasy-pros-2026-matthew-jones?date=2026-04-01,https://www.nflmockdraftdatabase.com/mock-drafts/2026/fantasy-pros-2026-matthew-jones?date=2026-04-01,Fantasy Pros,Matthew Jones,04/01/26,"2026 NFL Mock Draft: Round 1 Picks & Predictions (3.0) : Get ready for the upcoming 2026 NFL Draft with Matthew Jones' 2026 NFL Mock Draft, full of picks & predictions for the incoming rookie class.","After my latest crazy 2026 NFL mock draft, I wanted to look a bit more deeply into each team’s needs and get players ranked a bit more closely to where I have them projected this time around. Overall, this mock draft feels more realistic, with fewer top talents slipping down the board significantly. As always, feel free to contact me @draftexaminer and let me know what you think on X, and whether you have any suggestions. Thanks.",https://www.fantasypros.com/2026/04/2026-nfl-mock-draft-round-1-picks-predictions-3-0/?utm_source=nflmockdraftdatabase&utm_medium=website&utm_content=read_mock_link,https://www.nflmockdraftdatabase.com/big-boards/2026/consensus-big-board-2026,https://www.nflmockdraftdatabase.com/mock-drafts/2026/final-scores,,,False,False,False,04/08/2026 09:32pm CDT,1,draftexaminer,False,False,32,3,
mock-drafts,2026,mocks/Show-0,/mock-drafts/2026/bleacher-report-2026-maurice-moton,https://www.nflmockdraftdatabase.com/mock-drafts/2026/bleacher-report-2026-maurice-moton,Bleacher Report,Maurice Moton,04/20/26,"2026 NFL Mock Draft Chaos Edition with a Trade Idea for Every 1st-Round Pick : In the leadup to the NFL draft, most try to predict exactly what will happen through the three-day selection process, while some of us root for chaos with unexpected moves and surprise picks. So, it's a good time to introduce an all-trade mock.","In the leadup to the NFL draft, most try to predict exactly what will happen through the three-day selection process, while some of us root for chaos with unexpected moves and surprise picks. So, it's a good time to introduce an all-trade mock. Yes, on April 20, we're going to think outside the box in our wildest imagination and lay out what could happen if every team traded its first-round pick. It lets us play general manager while exploring what each team might do in a realistic trade-up scenario. We used the Jimmy Johnson trade chart to calculate what it would take for every club to move into a desired spot on Day 1. These selections are made based on the latest rumors, general manager tendencies, team needs and schematic fits for prospects. Keep in mind that these picks aren't relative to one another, meaning it's a one-off scenario for each selection. After the first trade for pick No. 1, everything resets to the current order. In the trade details, picks are listed by round and overall number. For example, the first pick in the second round is written out as 2-33. Since the 2027 selection order is undetermined, those picks are marked only by round. With that out of the way, here's a 2026 all-trade first-round mock draft that will take you through the twists and turns as general managers frantically move up for preferred targets on their big board.",https://bleacherreport.com/articles/25418559-2026-nfl-mock-draft-chaos-edition-trade-idea-every-1st-round-pick?utm_source=nflmockdraftdatabase&utm_medium=website&utm_content=read_mock_link,https://www.nflmockdraftdatabase.com/big-boards/2026/consensus-big-board-2026,https://www.nflmockdraftdatabase.com/mock-drafts/2026/final-scores,,,False,False,False,04/27/2026 04:23pm CDT,0,MoeMoton,False,False,32,1,
mock-drafts,2026,mocks/Show-0,/mock-drafts/2026/espn-2026-mel-kiper-jr,https://www.nflmockdraftdatabase.com/mock-drafts/2026/espn-2026-mel-kiper-jr,ESPN,Mel Kiper Jr.,04/15/26,"2026 NFL mock draft: Kiper's pick predictions for Rounds 1-2 : Mel Kiper Jr. predicts 64 picks across the first two rounds of the NFL draft, including two potential trades, a few QB landing spots and plenty of impact additions.","I have one more set of projections for you ahead of the 2026 NFL draft, which kicks off April 23 in Pittsburgh with 32 first-round picks before continuing with Rounds 2-3 on April 24 and Rounds 4-7 on April 25. But my final mock draft for this cycle will be a little different than the three editions I did earlier this year. This time, I'm going two full rounds. To make these predictions, I'm leaning on team needs, evaluations and what I'm hearing in conversations with execs, coaches and scouts around the NFL. This isn't what I would do; it's what I believe each team will do once on the clock. We know the No. 1 pick will be Indiana quarterback Fernando Mendoza, but things get interesting very quickly from there. You'll notice some surprise late risers in both rounds. And to shake the picks up even more, I projected two in-draft trades -- including one in the top 10. For more on these projections and this class in general, watch ""NFL Draft Daily"" on ESPN2 (3 p.m. ET every weekday) and listen to the ""First Draft"" podcast. And be sure to check out the final update to my personal Big Board rankings when the top-150 list drops next week. Let's get going with my NFL mock draft 4.0. Here are my predictions for the first 64 picks.",https://www.espn.com/nfl/draft2026/story/_/id/48478995/2026-nfl-mock-draft-mel-kiper-two-rounds-64-picks-final-predictions?utm_source=nflmockdraftdatabase&utm_medium=website&utm_content=read_mock_link,https://www.nflmockdraftdatabase.com/big-boards/2026/consensus-big-board-2026,https://www.nflmockdraftdatabase.com/mock-drafts/2026/final-scores,,,False,False,False,04/22/2026 09:56am CDT,0,MelKiperESPN,False,False,32,4,
mock-drafts,2026,mocks/Show-0,/mock-drafts/2026/usa-today-2026-michael-middlehurst-schwartz,https://www.nflmockdraftdatabase.com/mock-drafts/2026/usa-today-2026-michael-middlehurst-schwartz,USA Today,Michael Middlehurst-Schwartz,04/13/26,"2026 NFL mock draft: Could big name slide out of top 10 picks? : The 2026 NFL Draft is less than two weeks away, but any sense of certainty remains elusive. Our latest mock draft makes sense of the first round.","Even as the 2026 NFL Draft draws closer, any sense of certainty remains elusive. With less than two weeks left until the start of the first round in Pittsburgh, the buzz is growing around various possibilities for teams' potential paths. But late insights don't always have the signal-to-noise ratio, leaving a distinct shapelessness to an inherently fluid event. And with so many moving pieces, a true structure for the first round and beyond might not emerge until the first few names are called out on draft night. Here's our latest 2026 NFL mock draft and projection for the full first round:",https://www.usatoday.com/story/sports/nfl/draft/2026/04/13/nfl-mock-draft-2026-first-round-projection/89575830007/?utm_source=nflmockdraftdatabase&utm_medium=website&utm_content=read_mock_link,https://www.nflmockdraftdatabase.com/big-boards/2026/consensus-big-board-2026,https://www.nflmockdraftdatabase.com/mock-drafts/2026/final-scores,,,False,False,False,04/20/2026 08:21am CDT,1,MikeMSchwartz,False,False,32,12,
mock-drafts,2026,mocks/Show-0,/mock-drafts/2026/cbs-2026-michael-renner,https://www.nflmockdraftdatabase.com/mock-drafts/2026/cbs-2026-michael-renner,CBS,Michael Renner,04/13/26,"Renner's three-round NFL mock draft: A wide-open top 10 becomes a case study in positional value : With as many as 20 players in play for the top 10, this class turns into a real-time test of how teams value positions at the top of the draft","I can't remember a year with a more in-flux top 10. Arguably 20 players could realistically end up among the top-10 picks when the 2026 NFL Draft kicks off April 23. While I didn't project trades in this mock, moving proven veterans will likely be one of the bigger stories of Days 1 and 2 of the draft. That's because many teams will look to land sure-fire talent in a class with so many question marks. One thing is certain: this draft will be a fascinating case study in positional value, as some of the highest-graded players in the class -- Jeremiyah Love, Sonny Styles and Caleb Downs -- don't play positions historically drafted in the top 10.",https://www.cbssports.com/nfl/draft/news/nfl-mock-draft-2026-full-3-rounds-all-32-teams-picks/?utm_source=nflmockdraftdatabase&utm_medium=website&utm_content=read_mock_link,https://www.nflmockdraftdatabase.com/big-boards/2026/consensus-big-board-2026,https://www.nflmockdraftdatabase.com/mock-drafts/2026/final-scores,,,False,False,False,04/20/2026 09:31pm CDT,0,mikerenner_,False,False,32,9,
mock-drafts,2026,mocks/Show-0,/mock-drafts/2026/ironmen-2026-michael-weir,https://www.nflmockdraftdatabase.com/mock-drafts/2026/ironmen-2026-michael-weir,Ironmen,Michael Weir,04/20/26,2026 NFL Mock Draft ,Ironmen NFL Mock Draft — 2026,https://medium.com/@mike_40822/ironmen-nfl-mock-draft-2026-da49dea46210?utm_source=nflmockdraftdatabase&utm_medium=website&utm_content=read_mock_link,https://www.nflmockdraftdatabase.com/big-boards/2026/consensus-big-board-2026,https://www.nflmockdraftdatabase.com/mock-drafts/2026/final-scores,,,False,False,False,04/27/2026 04:31pm CDT,0,LzyWhale,False,False,32,1,
mock-drafts,2026,mocks/Show-0,/mock-drafts/2026/nfl-com-2026-mike-band,https://www.nflmockdraftdatabase.com/mock-drafts/2026/nfl-com-2026-mike-band,NFL.com,Mike Band,04/15/26,"Mike Band 2026 NFL mock draft 2.0: Cowboys take Rueben Bain Jr.; Steelers and Eagles select receivers : In his second mock of the 2026 NFL Draft, Mike Band projects the Steelers and Eagles will both add receivers to the roster. Meanwhile, the Cowboys upgrade multiple levels of the defense. Check out the full first-round forecast, 1-32.","The best mock drafts are built on signals, not guesses. For this projection, I weighed post-free agency needs, scheme fits, front office tendencies, prospect-team connections and market clues across all 32 clubs. NFL IQ powered by Amazon Quick helped me build the puzzle, while its new AI assistant gave me another way to pressure-test roster needs, draft capital and realistic outcomes along the way. Here's how I see the first round playing out.",https://www.nfl.com/news/mike-band-2026-nfl-mock-draft-2-0-cowboys-take-rueben-bain-jr-steelers-and-eagles-select-receivers?utm_source=nflmockdraftdatabase&utm_medium=website&utm_content=read_mock_link,https://www.nflmockdraftdatabase.com/big-boards/2026/consensus-big-board-2026,https://www.nflmockdraftdatabase.com/mock-drafts/2026/final-scores,,,False,False,False,04/22/2026 09:41pm CDT,1,MBandNFL,False,False,32,2,
mock-drafts,2026,mocks/Show-0,/mock-drafts/2026/the-big-lead-2026-mike-connolly,https://www.nflmockdraftdatabase.com/mock-drafts/2026/the-big-lead-2026-mike-connolly,The Big Lead,Mike Connolly,04/21/26,2026 NFL Mock Draft features madness in Round 1 : 2026 NFL Mock Draft features madness in round one: In our latest mock we see some surprises in round one that are sure to shock.,"This is honestly one of the toughest NFL drafts to mock that I have seen in recent memory. The class of 2026 has premium talent at what are considered “non-premium positions”, whereas the premium positions don’t really have any superstars. That makes this one difficult to project, as teams will be viewed as reaching by taking either, and there could be a ton of trades. Here is our final mock NFL draft:",https://www.thebiglead.com/2026-nfl-mock-draft-features-madness-in-round-one/?utm_source=nflmockdraftdatabase&utm_medium=website&utm_content=read_mock_link,https://www.nflmockdraftdatabase.com/big-boards/2026/consensus-big-board-2026,https://www.nflmockdraftdatabase.com/mock-drafts/2026/final-scores,,,False,False,False,04/28/2026 08:36am CDT,0,TheBigLead,False,False,32,1,
mock-drafts,2026,mocks/Show-0,/mock-drafts/2026/fantasy-pros-2026-mike-fanelli,https://www.nflmockdraftdatabase.com/mock-drafts/2026/fantasy-pros-2026-mike-fanelli,Fantasy Pros,Mike Fanelli,04/20/26,"2026 NFL Mock Draft With Trades (Three Rounds) : This 2026 NFL Mock Draft covers three rounds and features 21 trades, including three by the Arizona Cardinals on Day 1.","The 2026 NFL Draft is only a few days away. With the big event nearly here, it’s time to dive into my fourth and final mock draft of the year. This 2026 NFL mock draft is a three-rounder with 20 potential trades, including six in the first round. Let’s dive in!",https://www.fantasypros.com/2026/04/2026-nfl-mock-draft-with-trades-three-rounds-late-april/?utm_source=nflmockdraftdatabase&utm_medium=website&utm_content=read_mock_link,https://www.nflmockdraftdatabase.com/big-boards/2026/consensus-big-board-2026,https://www.nflmockdraftdatabase.com/mock-drafts/2026/final-scores,,,False,False,False,04/27/2026 12:00pm CDT,0,Mike_NFL2,False,False,32,5,
mock-drafts,2026,mocks/Show-0,/mock-drafts/2026/nbc-sports-2026-mike-florio,https://www.nflmockdraftdatabase.com/mock-drafts/2026/nbc-sports-2026-mike-florio,NBC Sports,Mike Florio,04/20/26,"PFT's one (and only) 2026 mock draft : I don't like mock drafts. But, when in Rome.","I decided several years ago that I don’t like mock drafts. Yes, they provide a topic for discussion. Nowadays, there are topics for discussion up and/or out the wazoo. So we do one. And I have a very limited role in it. It’s compiled with input from a small network of people in the football business, one of whom slaps it together. I don’t want any credit for anything that’s right. I accept that I’ll get blamed for anything that’s wrong. Projected trades aren’t included. Obviously, they’ll happen. It’s hard to try to predict them, because getting it wrong potentially screws up everything. Either way, here’s the list. One of these years, I won’t post it. Maybe that year will be next year. So enjoy this year, since it could be the last year.",https://www.nbcsports.com/nfl/profootballtalk/rumor-mill/news/pfts-one-and-only-2026-mock-draft?utm_source=nflmockdraftdatabase&utm_medium=website&utm_content=read_mock_link,https://www.nflmockdraftdatabase.com/big-boards/2026/consensus-big-board-2026,https://www.nflmockdraftdatabase.com/mock-drafts/2026/final-scores,,,False,False,False,04/27/2026 09:10pm CDT,0,MichaelFFlorio,False,False,32,1,
mock-drafts,2026,mocks/Show-0,/mock-drafts/2026/football-guys-2026-mike-kashuba,https://www.nflmockdraftdatabase.com/mock-drafts/2026/football-guys-2026-mike-kashuba,Football Guys,Mike Kashuba,04/09/26,"2026 NFL Mock Draft: Full Round 1 Predictions by Mike Kashuba : 2026 NFL Mock Draft: Full Round 1 projections after free agency, including team needs, scheme fits, and top prospects from No. 1 to No. 32 by Mike Kashuba.","Making a 2026 NFL mock draft, or any year's mock draft for that matter, is a puzzle where you get different pieces at different times. The prospects haven't played any real football in months, but teams are already telling us what they think of them. Free-agent spending can be an indicator of how teams feel about different positions (teams spent more on running backs as a percentage of the cap than in years past). With most key puzzle pieces in play, here's a stab at predicting the 2026 NFL draft.",https://www.footballguys.com/article/2026-nfl-mock-draft-full-round-1-mike-kashuba?utm_source=nflmockdraftdatabase&utm_medium=website&utm_content=read_mock_link,https://www.nflmockdraftdatabase.com/big-boards/2026/consensus-big-board-2026,https://www.nflmockdraftdatabase.com/mock-drafts/2026/final-scores,,,False,False,False,04/17/2026 08:35am CDT,0,LWOS_MikeKash,False,False,16,1,
mock-drafts,2026,mocks/Show-0,/mock-drafts/2026/nbc-sports-philadelphia-2026-mike-mulhern,https://www.nflmockdraftdatabase.com/mock-drafts/2026/nbc-sports-philadelphia-2026-mike-mulhern,NBC Sports Philadelphia,Mike Mulhern,04/22/26,Eagles trade up to get their guy in latest 2026 NFL mock draft : The Eagles trade up to get their guy in Mike Mulhern's final NFL mock draft of 2026.,"I’ve had some recent success predicting the Eagles pick in my final mock draft. In 2021, I called DeVonta Smith. Then had the exact trade from 15 to 13 for Jordan Davis the following year. In 2023, I predicted a minor move up for Jalen Carter. I had the right position (cornerback) but the wrong player (Terrion Arnold) in 2024. After a swing and a miss in 2025 (Donovan Jackson), here’s hoping I can get back on track this year!",https://www.nbcsportsphiladelphia.com/nfl/philadelphia-eagles/nfl-mock-draft-eagles-trade-up-kaleb-proctor-alabama-kenyon-sadiq/727921/?utm_source=nflmockdraftdatabase&utm_medium=website&utm_content=read_mock_link,https://www.nflmockdraftdatabase.com/big-boards/2026/consensus-big-board-2026,https://www.nflmockdraftdatabase.com/mock-drafts/2026/final-scores,,,False,False,False,04/29/2026 08:48am CDT,0,MikeyMuls,False,False,32,2,
mock-drafts,2026,mocks/Show-0,/mock-drafts/2026/bears-wire-2026-mike-pendleton?date=2026-03-23,https://www.nflmockdraftdatabase.com/mock-drafts/2026/bears-wire-2026-mike-pendleton?date=2026-03-23,Bears Wire,Mike Pendleton,03/23/26,2026 NFL mock draft: First round projections after free agency : Here is our updated first-round 2026 NFL mock draft after the first wave of free agency has come and gone.,"There is just one month until the 2026 NFL Draft kicks off, and after the first wave of free agency has taken place, there is quite a change in projections for teams across the first round. There has not been much of a change at the top of the draft, where the Las Vegas Raiders hold the No. 1 overall pick, and given the high-drama around the Las Vegas Raiders getting superstar pass rusher Maxx Crosby back from their rescinded trade with the Baltimore Ravens, the dominos continue to fall. Recent trades in the NFL have given multiple teams, including the Kansas City Chiefs and Miami Dolphins with multiple first-round picks, joining the Dallas Cowboys and New York Jets as franchises who hold multiple picks this year. With an opportunity for several teams to reload in this year's draft, there will be no shortage of intriguing picks throughout the first round. After the first round of free agency, here's our latest first-round mock draft:",https://bearswire.usatoday.com/story/sports/nfl/bears/2026/03/23/2026-nfl-mock-draft-first-round-projections-after-free-agency/89277420007/?utm_source=nflmockdraftdatabase&utm_medium=website&utm_content=read_mock_link,https://www.nflmockdraftdatabase.com/big-boards/2026/consensus-big-board-2026,https://www.nflmockdraftdatabase.com/mock-drafts/2026/final-scores,,,False,False,False,03/30/2026 09:10am CDT,0,MP2310,False,False,32,4,31.0
mock-drafts,2026,mocks/Show-0,/mock-drafts/2026/nfl-trade-rumors-2026-nate-bouda,https://www.nflmockdraftdatabase.com/mock-drafts/2026/nfl-trade-rumors-2026-nate-bouda,NFL Trade Rumors,Nate Bouda,04/20/26,Final 2026 NFL Mock Draft 1.0 : %excerpt%,"It’s NFL Draft week! We’re getting our 2026 NFL Draft coverage started by posting our writers’ final mock drafts of the season. Stay tuned for more draft coverage at NFL Trade Rumors from our staff leading up to the start of round one at 7:00 p.m. CST (8:00 p.m. EST) on Thursday, April 23. After that, the draft continues Friday, April 24 at 7:00 PM EST for Rounds 2-3. The event wraps up 12:00 PM EST on Saturday, April 25 with Rounds 4-7",https://nfltraderumors.co/final-2026-nfl-mock-draft-1-0/?utm_source=nflmockdraftdatabase&utm_medium=website&utm_content=read_mock_link,https://www.nflmockdraftdatabase.com/big-boards/2026/consensus-big-board-2026,https://www.nflmockdraftdatabase.com/mock-drafts/2026/final-scores,,,False,False,False,04/27/2026 08:53am CDT,0,nfltrade_rumors,False,False,32,2,
mock-drafts,2026,mocks/Show-0,/mock-drafts/2026/usa-today-2026-nate-davis,https://www.nflmockdraftdatabase.com/mock-drafts/2026/usa-today-2026-nate-davis,USA Today,Nate Davis,04/19/26,"2026 NFL mock draft: What Dexter Lawrence trade might mean for Giants, first round : Blockbuster deal between Bengals and Giants gives New York options anew with two top-10 selections.","Can the 2026 NFL Draft possibly live up to all of the wild trades that have already preceded and shaped it? Five days before it was set to start, the draft’s outlook was drastically altered again – the New York Giants agreeing to trade Pro Bowl DL Dexter Lawrence II to the Cincinnati Bengals for the No. 10 overall selection, meaning the G-Men now own a pair of picks in the top 10. The Giants become the sixth team this year with multiple first-rounders, they and the Jets both set to get two players in the top half of Round 1. Meanwhile, the Bengals get a largely proven commodity in Lawrence – though he is coming off a down year and will need an updated contract – in a year when the draft seems to have relatively few top-tier prospects.",https://www.usatoday.com/story/sports/nfl/draft/2026/04/19/2026-nfl-mock-draft-dexter-lawrence-trade-giants-bengals/89688112007/?utm_source=nflmockdraftdatabase&utm_medium=website&utm_content=read_mock_link,https://www.nflmockdraftdatabase.com/big-boards/2026/consensus-big-board-2026,https://www.nflmockdraftdatabase.com/mock-drafts/2026/final-scores,,,False,False,False,04/26/2026 09:37pm CDT,2,ByNateDavis,False,False,32,6,
mock-drafts,2026,mocks/Show-0,/mock-drafts/2026/the-pacer-2026-nate-szarzynski?date=2026-03-31,https://www.nflmockdraftdatabase.com/mock-drafts/2026/the-pacer-2026-nate-szarzynski?date=2026-03-31,The Pacer,Nate Szarzynski,03/31/26,2026 NFL Mock Draft 3.0: Positional value philosophies are challenged ,"Now a few weeks removed from the NFL Scouting Combine and free agency, and just one month away from the NFL Draft, it is time for the third edition of the mock draft series. While team needs are more apparent for some, multiple holes remain on many teams picking at the top of the draft. The question that all continue to ask as the draft approaches, will teams stick to their board or pass on the top players for better position value? This mock draft includes trade predictions and draft selections for the entire first round.",https://www.thepacer.net/2026-nfl-mock-draft-3-0-positional-value-philosophies-are-challenged/?utm_source=nflmockdraftdatabase&utm_medium=website&utm_content=read_mock_link,https://www.nflmockdraftdatabase.com/big-boards/2026/consensus-big-board-2026,https://www.nflmockdraftdatabase.com/mock-drafts/2026/final-scores,,,False,False,False,04/07/2026 10:07pm CDT,0,utm_pacer,False,False,32,3,
mock-drafts,2026,mocks/Show-0,/mock-drafts/2026/saturday-blitz-2026-nicholas-rome,https://www.nflmockdraftdatabase.com/mock-drafts/2026/saturday-blitz-2026-nicholas-rome,Saturday Blitz,Nicholas Rome,04/20/26,2026 NFL Mock Draft: Fallout from Giants’ Dexter Lawrence trade shake Round 1 : NFL Draft week has arrived and the New York Giants decision to trade Dexter Lawrence has shifted everything in the 1st Round.,"NFL Draft week is upon us as Thursday Night will kick off the 1st Round of the NFL's biggest offseason event. The chaos of the draft is already underway as the New York Giants traded away All Pro defensive tackle Dexter Lawrence in a deal with the Cincinnati Bengals which returned the 10th Overall Pick. Given the lack of great quarterbacks, this draft cycle could be filled with trades when Thursday rolls around. After picking up a 2nd Top 10 pick, the New York Giants will be the focus of the draft as John Harbaugh looks to build his first roster.",https://saturdayblitz.com/2026-nfl-mock-draft-fallout-from-giants-dexter-lawrence-trade-shake-round-1?utm_source=nflmockdraftdatabase&utm_medium=website&utm_content=read_mock_link,https://www.nflmockdraftdatabase.com/big-boards/2026/consensus-big-board-2026,https://www.nflmockdraftdatabase.com/mock-drafts/2026/final-scores,,,False,False,False,04/27/2026 09:49am CDT,0,Nick_rome2,False,False,32,21,
mock-drafts,2026,mocks/Show-0,/mock-drafts/2026/football-nick-2026-nick-barrett,https://www.nflmockdraftdatabase.com/mock-drafts/2026/football-nick-2026-nick-barrett,Football Nick,Nick Barrett,04/19/26,"NFL Mock Draft 2026 Version 6 : With the NFL Draft only a couple days away, it is time for another mock draft.","With the NFL Draft only a couple days away, it is time for another mock draft. This one with 4 rounds. This is a predictive mock, so it is who I think teams will select and not who I think they should draft. I will post my final mock on Wednesday night. Follow me on X/Twitter @TheFootballNick",https://footballnick.substack.com/p/nfl-mock-draft-2026-version-5-864?utm_source=nflmockdraftdatabase&utm_medium=website&utm_content=read_mock_link,https://www.nflmockdraftdatabase.com/big-boards/2026/consensus-big-board-2026,https://www.nflmockdraftdatabase.com/mock-drafts/2026/final-scores,,,False,False,False,04/27/2026 10:02am CDT,0,TheFootballNick,False,False,32,5,
mock-drafts,2026,mocks/Show-0,/mock-drafts/2026/the-athletic-2026-nick-baumgardner,https://www.nflmockdraftdatabase.com/mock-drafts/2026/the-athletic-2026-nick-baumgardner,The Athletic,Nick Baumgardner,04/19/26,"2026 NFL Mock Draft: New York Giants ready to party after trade changes top 10 : After dealing Dexter Lawrence, the Giants are in position at No. 5 and No. 10 to pick up a pair of game-changing X-factors.","Buckle up. The 2026 NFL Draft is less than a week away and we’ve already seen our first big twist, as the Cincinnati Bengals sent the No. 10 pick to the New York Giants for 28-year-old All-Pro defensive tackle Dexter Lawrence. It’s a move that changes so much for both franchises, with potential immediate impact. After some wobbly drafting during the Joe Burrow era, the Bengals have finally decided to push their future chips into the middle in an attempt to maximize their superstar quarterback’s window. Whether or not Lawrence will be enough to make that happen is not a question we can answer today. It’s also a question the Giants don’t care about, as New York is now in position to make a huge splash ahead of John Harbaugh’s first season with the franchise. With all that said, let’s run through a quick top 10 mini-mock with the adjusted, post-trade draft order.",https://www.nytimes.com/athletic/7209490/2026/04/19/nfl-mock-draft-2026-top-10-new-york-giants/?utm_source=nflmockdraftdatabase&utm_medium=website&utm_content=read_mock_link,https://www.nflmockdraftdatabase.com/big-boards/2026/consensus-big-board-2026,https://www.nflmockdraftdatabase.com/mock-drafts/2026/final-scores,,,False,False,False,04/26/2026 04:30pm CDT,0,nickbaumgardner,False,False,10,12,
mock-drafts,2026,mocks/Show-0,/mock-drafts/2026/usa-today-2026-nick-brinkerhoff?date=2026-04-05,https://www.nflmockdraftdatabase.com/mock-drafts/2026/usa-today-2026-nick-brinkerhoff?date=2026-04-05,USA Today,Nick Brinkerhoff,04/05/26,NFL mock draft 2026: Grok AI predicts the entire first round : USA TODAY Sports had Grok AI predict the first round of the 2026 NFL Draft. The chatbot's mock will raise some eyebrows.,"Artificial intelligence is a lot of things. Intelligent is not one of them, at least when it comes to NFL mock drafts. The countdown to the 2026 NFL Draft is on and the board is taking shape with just over two weeks to go. Fernando Mendoza is essentially locked in as the No. 1 pick and it's widely expected that No. 2 will be Arvell Reese or David Bailey. Unless you ask Grok, X's chatbot that appeared insistent on putting the ""mock"" in ""mock draft."" Bailey was a noticeable absence from the first 32 picks, but that's not all. The chatbot also invented a new strategy regarding the NFL – part-time players. Like a person who works more than one job, apparently, one team isn't enough to survive in 2026. Grok made sure that Sonny Styles, Makai Lemon and others managed to find work with multiple teams across the league.",https://www.usatoday.com/story/sports/nfl/draft/2026/04/05/nfl-mock-draft-2026-grok-ai-picks/89416801007/?utm_source=nflmockdraftdatabase&utm_medium=website&utm_content=read_mock_link,https://www.nflmockdraftdatabase.com/big-boards/2026/consensus-big-board-2026,https://www.nflmockdraftdatabase.com/mock-drafts/2026/final-scores,,,False,False,False,04/12/2026 09:25pm CDT,1,RealNickBrink,False,False,32,3,
mock-drafts,2026,mocks/Show-0,/mock-drafts/2026/deadspin-2026-nick-pedone?date=2026-03-23,https://www.nflmockdraftdatabase.com/mock-drafts/2026/deadspin-2026-nick-pedone?date=2026-03-23,Deadspin,Nick Pedone,03/23/26,"2026 NFL Mock Draft: First 12 Picks Predictions and Analysis | Deadspin.com : A full breakdown of the first 12 picks in the 2026 NFL Draft, including Fernando Mendoza to the Raiders and key projections across the league.","The NFL Draft is one month away. Pittsburgh will become the center of the football world as college stars cross the stage to start their professional careers. There are currently five teams with first-round draft selections. Certainly, the first-round will be shaken up a bit more before it concludes – as teams will trade around throughout the duration of the draft. Let’s take a look at how the NFL Draft will start.",https://deadspin.com/2026-nfl-mock-draft-first-12-picks-predictions-and-analysis/?utm_source=nflmockdraftdatabase&utm_medium=website&utm_content=read_mock_link,https://www.nflmockdraftdatabase.com/big-boards/2026/consensus-big-board-2026,https://www.nflmockdraftdatabase.com/mock-drafts/2026/final-scores,,,False,False,False,03/30/2026 10:49am CDT,0,NickPedone12,False,False,12,1,40.0
mock-drafts,2026,mocks/Show-0,/mock-drafts/2026/nfl-com-2026-nick-shook?date=2026-04-02,https://www.nflmockdraftdatabase.com/mock-drafts/2026/nfl-com-2026-nick-shook?date=2026-04-02,NFL.com,Nick Shook,04/02/26,"Nick Shook 2026 NFL mock draft 1.0: Jets, Bills load up at WR; Cardinals jump on RB : In his first mock of the 2026 NFL Draft, Nick Shook sees the Jets and Bills leveling up at WR, while the Cardinals add a star. Check out the full Round 1 projection, 1-32.",We've finally reached April -- which makes this the perfect time to lock in and forecast how each Round 1 pick will play out in the 2026 NFL Draft at the end of the month. Who's the first pass rusher off the board? How do the Chiefs reload at two key roster spots? Will the Bills get lucky at WR? Check out my first mock draft of the year below.,https://www.nfl.com/news/nick-shook-2026-nfl-mock-draft-1-0-jets-bills-load-up-at-wr-cardinals-jump-on-rb?utm_source=nflmockdraftdatabase&utm_medium=website&utm_content=read_mock_link,https://www.nflmockdraftdatabase.com/big-boards/2026/consensus-big-board-2026,https://www.nflmockdraftdatabase.com/mock-drafts/2026/final-scores,,,False,False,False,04/09/2026 02:23pm CDT,0,TheNickShook,False,False,32,1,
mock-drafts,2026,mocks/Show-0,/mock-drafts/2026/nashville-tennessean-2026-nick-suss?date=2026-04-07,https://www.nflmockdraftdatabase.com/mock-drafts/2026/nashville-tennessean-2026-nick-suss?date=2026-04-07,Nashville Tennessean,Nick Suss,04/07/26,"Are NFL mock drafts better prediction tools than throwing darts? We're testing it out : For this week's NFL mock draft, we predicted the first round of the 2026 NFL Draft by literally throwing darts and seeing how it worked out.","A good friend asked me last week whether there's much of a difference between writing an NFL mock draft and throwing darts at a wall. Let's find out. The unspoken reality of mock drafting is that the best in the business struggle to bat .300. The football analysis site FantasyPros examined 145 expert mock drafts from 2025 and found only 10 that correctly predicted 10 or more players and their team. Yes, Mel Kiper Jr. was included among the 10. The median expert, however, got just six picks right. Maybe throwing darts isn't all that bad an idea. That's what we've done. For this week's mock draft, we left the choices up to this reporter's dart-throwing skills. One dart board. One dart. Five index cards at a time, arranged in a circle around the bull's-eye. Each index card represents one of the five best players available according to the consensus mock draft rankings. Every throw is aimed for the bull's-eye from 8 feet. Whichever index card the dart hits, that's our pick. When the dart lands bull's-eye, this reporter gets to pick whoever he wants. And when the dart misses the board . . . just kidding. That didn't happen. This reporter can throw a dart straight.",https://www.tennessean.com/story/sports/nfl/titans/2026/04/07/nfl-mock-draft-throwing-darts/89353516007/?utm_source=nflmockdraftdatabase&utm_medium=website&utm_content=read_mock_link,https://www.nflmockdraftdatabase.com/big-boards/2026/consensus-big-board-2026,https://www.nflmockdraftdatabase.com/mock-drafts/2026/final-scores,,,False,False,False,04/14/2026 10:18am CDT,0,nicksuss,False,False,32,2,
mock-drafts,2026,mocks/Show-0,/mock-drafts/2026/bills-wire-2026-nick-wojton?date=2026-03-20,https://www.nflmockdraftdatabase.com/mock-drafts/2026/bills-wire-2026-nick-wojton?date=2026-03-20,Bills Wire,Nick Wojton,03/20/26,2026 NFL draft: Bills go defense in network-wide mock projection : Our team put together a network-wide 2026 NFL mock draft and here's what the Bills do.,"The first wave of NFL free agency is in the books, and it was record-breaking in terms of how much money the league spent on contracts. All these moves mean our newest one-round mock draft is turned on its head as far as who goes where. The 2026 NFL draft is shaping up to be top heavy and after the Top 10 picks, all bets are off.",https://billswire.usatoday.com/story/sports/nfl/bills/2026/03/20/2026-nfl-draft-buffalo-bills-defense-mock-cj-allen/89247775007/?utm_source=nflmockdraftdatabase&utm_medium=website&utm_content=read_mock_link,https://www.nflmockdraftdatabase.com/big-boards/2026/consensus-big-board-2026,https://www.nflmockdraftdatabase.com/mock-drafts/2026/final-scores,,,False,False,False,03/27/2026 01:36pm CDT,0,Nick_Wojton,False,False,32,1,55.0
mock-drafts,2026,mocks/Show-0,/mock-drafts/2026/fox-sports-2026-nick-wright?date=2026-04-06,https://www.nflmockdraftdatabase.com/mock-drafts/2026/fox-sports-2026-nick-wright?date=2026-04-06,Fox Sports,Nick Wright,04/06/26,2026 NFL Mock Draft : Ty Simpson to the Jets? Makai Lemon to the Rams? Here's how Nick Wright projects the first round of the 2026 NFL Draft will go.,"Alabama quarterback Ty Simpson has seemed to pick up so much buzz in the weeks leading up to the 2026 NFL Draft that most mock drafts now have him going in the first round. ""First Things First's"" Nick Wright believes that'll be the case as well. However, does Wright agree with the idea that Simpson should be a first-round pick? In his first mock draft, Wright projects that the team that will select Simpson will massively overdraft him. But there's also a pick in the top 10 that Wright projects will happen that he said would be a move he couldn't support. Let's take a closer look at Wright's first mock draft.",https://www.foxsports.com/stories/nfl/2026-nfl-mock-draft-nick-wright-projects-jets-pick-qb-eagles-rams-get-wr-help?utm_source=nflmockdraftdatabase&utm_medium=website&utm_content=read_mock_link,https://www.nflmockdraftdatabase.com/big-boards/2026/consensus-big-board-2026,https://www.nflmockdraftdatabase.com/mock-drafts/2026/final-scores,,,False,False,False,04/13/2026 09:00pm CDT,0,getnickwright,False,False,32,1,
mock-drafts,2026,mocks/Show-0,/mock-drafts/2026/miami-herald-2026-omar-kelly,https://www.nflmockdraftdatabase.com/mock-drafts/2026/miami-herald-2026-omar-kelly,Miami Herald,Omar Kelly,04/22/26,"Omar Kelly’s 2026 NFL Mock Draft 2.0 : Take a look at the second projection for the first-round picks in the 2026 NFL Draft, which features the Dolphins making two selections.","The 2026 NFL Draft (Shopping Cart Icon2026 NFL Draft Preview) doesn’t have a ton of blue-chip prospects, players who will immediately become impact players, and eventually transform a franchise. However, it does possess a solid middle class of football plaers, with depth at receiver, cornerback, inside linebacker and safety. .Expect position runs on all those groups in the early rounds, and don’t be surprised if most of the upper-echelon edge rushers and offensive tackles are taken before the third round begins because both those positions will be in demand this draft. Take a look at how Miami Herald columnist Omar Kelly envisions the first round playing out in his annual Mock Draft 1.0.",https://www.miamiherald.com/sports/spt-columns-blogs/omar-kelly/article315486978.html?utm_source=nflmockdraftdatabase&utm_medium=website&utm_content=read_mock_link,https://www.nflmockdraftdatabase.com/big-boards/2026/consensus-big-board-2026,https://www.nflmockdraftdatabase.com/mock-drafts/2026/final-scores,,,False,False,False,04/29/2026 08:56am CDT,0,OmarKelly,False,False,32,1,
mock-drafts,2026,mocks/Show-0,/mock-drafts/2026/fantasy-pros-2026-pat-fitzmaurice,https://www.nflmockdraftdatabase.com/mock-drafts/2026/fantasy-pros-2026-pat-fitzmaurice,Fantasy Pros,Pat Fitzmaurice,04/10/26,"2026 NFL Mock Draft: First-Round Picks (4.0) : Get ready for the upcoming 2026 NFL Draft with Pat Fitzmaurice's latest 2026 NFL Mock Draft, full of picks and predictions for round one.","The NFL Draft is creeping closer. This is my penultimate first-round 2026 NFL mock draft. The final one will drop the week of the draft. Among the curiosities of mock draft 4.0: Jeremiyah Love lands in an unexpected spot. An offensive lineman commonly being mocked as a top-five pick falls out of the top 20. Ty Simpson finds a home in the first round. And if you’re interested in checking out my previous mocks, here are mock draft 1.0, mock draft 2.0 and mock draft 3.0. Let’s dig in.",https://www.fantasypros.com/2026/04/2026-nfl-mock-draft-first-round-picks-4-0/?utm_source=nflmockdraftdatabase&utm_medium=website&utm_content=read_mock_link,https://www.nflmockdraftdatabase.com/big-boards/2026/consensus-big-board-2026,https://www.nflmockdraftdatabase.com/mock-drafts/2026/final-scores,,,False,False,False,04/17/2026 08:33am CDT,0,Fitz_FF,False,False,32,4,
mock-drafts,2026,mocks/Show-0,/mock-drafts/2026/bleacher-nation-2026-patrick-flowers,https://www.nflmockdraftdatabase.com/mock-drafts/2026/bleacher-nation-2026-patrick-flowers,Bleacher Nation,Patrick Flowers,04/09/26,2026 NFL Mock Draft ,"With the 2026 NFL Draft just two weeks away in Pittsburgh, the first round is finally snapping into focus. Projected No. 1 overall pick Fernando Mendoza won’t be there, but the show will go on regardless, and we’re just two weeks away now. Here’s where things stand.",https://www.bleachernation.com/bears/2026/04/09/2026-nfl-mock-draft-24/?utm_source=nflmockdraftdatabase&utm_medium=website&utm_content=read_mock_link,https://www.nflmockdraftdatabase.com/big-boards/2026/consensus-big-board-2026,https://www.nflmockdraftdatabase.com/mock-drafts/2026/final-scores,,,False,False,False,04/16/2026 09:20pm CDT,0,PatrickKFlowers,False,False,32,7,
mock-drafts,2026,mocks/Show-0,/mock-drafts/2026/draft-countdown-2026-paul-guillemette,https://www.nflmockdraftdatabase.com/mock-drafts/2026/draft-countdown-2026-paul-guillemette,Draft Countdown,Paul Guillemette,04/15/26,"FINAL 2026 NFL Mock Draft - Pigskin Paul - NFL Draft Countdown : Today, Pigskin Paul releases his 6th and FINAL 2026 NFL Mock Draft of the year. What are the surprises and highlights of his final mock?","We are closing in on the 2026 NFL Draft. This Mock covers what I think should be happening next Thursday night, April 23, in Pittsburgh.",https://www.draftcountdown.com/nfl-mock-draft/final-2026-nfl-mock-draft-pigskin-paul/?utm_source=nflmockdraftdatabase&utm_medium=website&utm_content=read_mock_link,https://www.nflmockdraftdatabase.com/big-boards/2026/consensus-big-board-2026,https://www.nflmockdraftdatabase.com/mock-drafts/2026/final-scores,,,False,False,False,04/22/2026 10:20am CDT,0,PigskinPaul,False,False,32,6,
mock-drafts,2026,mocks/Show-0,/mock-drafts/2026/the-sports-bank-2026-paul-m-banks,https://www.nflmockdraftdatabase.com/mock-drafts/2026/the-sports-bank-2026-paul-m-banks,The Sports Bank,Paul M Banks,04/21/26,2026 NFL Mock Draft Version 12.0 : Our twelfth edition of the 2026 NFL mock draft is here. Sports Bank Founder Paul M. Banks writes for USA Today's draft site,,https://www.thesportsbank.net/nfl/2026-nfl-mock-draft/?utm_source=nflmockdraftdatabase&utm_medium=website&utm_content=read_mock_link,https://www.nflmockdraftdatabase.com/big-boards/2026/consensus-big-board-2026,https://www.nflmockdraftdatabase.com/mock-drafts/2026/final-scores,,,False,False,False,06/26/2025 03:35pm CDT,0,PaulMBanks,False,False,32,1,
mock-drafts,2026,mocks/Show-0,/mock-drafts/2026/college-football-news-2026-pete-fiutak,https://www.nflmockdraftdatabase.com/mock-drafts/2026/college-football-news-2026-pete-fiutak,College Football News,Pete Fiutak,04/20/26,2026 NFL Mock Draft ,"Every single 2026 NFL Mock Draft you read will be dead-on wrong the moment the trades all kick in. So let's really do this right. Here's our mock draft as it will happen, and how it will look five years from now, when every team and GM knows what they should've done.",https://collegefootballnews.com/nfl-draft/2026-nfl-mock-draft-redraft?utm_source=nflmockdraftdatabase&utm_medium=website&utm_content=read_mock_link,https://www.nflmockdraftdatabase.com/big-boards/2026/consensus-big-board-2026,https://www.nflmockdraftdatabase.com/mock-drafts/2026/final-scores,,,False,False,False,04/27/2026 09:41am CDT,0,PeteFiutak,False,False,32,1,
mock-drafts,2026,mocks/Show-0,/mock-drafts/2026/si-2026-pete-martuneac,https://www.nflmockdraftdatabase.com/mock-drafts/2026/si-2026-pete-martuneac,SI,Pete Martuneac,04/16/26,Full First-Round 2026 NFL Mock Draft Sees Explosive Pass Rusher Fall to Bears : The Bears are likely to get rave reviews if this is how the first round of the 2026 NFL draft falls.,"The 2026 NFL draft is exactly one week away, which means it's time for a predictive first-round mock draft. This will be different from my recent seven-round mock draft for the Chicago Bears. That one was only for the Bears, and it was only what I believe to be a possible scenario. In this mock, I am predicting what I think each of the first 32 selections will be. Just to be clear, this is what I think will happen, now what I would do if I were running any of these teams, though I do agree with most of these picks. This is also subject to change in the event of a blockbuster trade, like if the Bears capitalize on the 'dire' situation facing Dexter Lawrence and the New York Giants. One more housekeeping item: there are no trades in this mock draft. It's hard enough to predict the selections, and trying to predict one of countless possible trade scenarios is not only hopeless, but it also allows for too much personal bias. I'm trying to be as objective as possible in this mock draft. Now let's get to those picks.",https://www.si.com/nfl/bears/onsi/full-first-round-2026-nfl-mock-draft-bears-pass-rusher-prediction?utm_source=nflmockdraftdatabase&utm_medium=website&utm_content=read_mock_link,https://www.nflmockdraftdatabase.com/big-boards/2026/consensus-big-board-2026,https://www.nflmockdraftdatabase.com/mock-drafts/2026/final-scores,,,False,False,False,04/23/2026 09:39pm CDT,0,Pete_Chi_Fan,False,False,32,1,
mock-drafts,2026,mocks/Show-0,/mock-drafts/2026/cbs-2026-pete-prisco?date=2026-04-06,https://www.nflmockdraftdatabase.com/mock-drafts/2026/cbs-2026-pete-prisco?date=2026-04-06,CBS,Pete Prisco,04/06/26,"Prisco's 2026 NFL mock draft 2.0: Leaning heavily on the big fellas; Browns can't pass on another QB : Defense dominates top half of first round, but then offensive linemen fly off the board.","We are just a little over two weeks away from the NFL Draft, which means mock season is coming to end. I bet you are glad it is -- even if you eat them up. Let's get to the real thing, right? Enough of fantasyland. But say what you want about the value of mocks, fans and media members and networks and producers of shows on those networks, like our CBS shows, love them. You can't get enough. So here I go with Mock. 2.0. There is some change here from my first mock, but there are players in the same spots. Pro day workouts do not change my evaluations of players, nor should they yours. It's always about the tape. This mock features more offensive tackles going off the board in the first round than my last mock. That's because of the axiom I would live by if I were a general manager: There are only so many big people on the planet who can play offensive line -- and even that's debatable by some of the line play we see these days. So this is a mock heavy on the big fellas. There are two more mocks to go for me, one is ""The who-they-should-take mock"" coming in two weeks and then my final predictive mock. Then it's over. And these mocks will be useless again, even if they do cause a whole lot of rage by some of you out there.",https://www.cbssports.com/nfl/news/priscos-2026-nfl-mock-draft/?utm_source=nflmockdraftdatabase&utm_medium=website&utm_content=read_mock_link,https://www.nflmockdraftdatabase.com/big-boards/2026/consensus-big-board-2026,https://www.nflmockdraftdatabase.com/mock-drafts/2026/final-scores,,,False,False,False,04/13/2026 11:47am CDT,0,PriscoCBS,False,False,32,2,
mock-drafts,2026,mocks/Show-0,/mock-drafts/2026/espn-2026-peter-schrager,https://www.nflmockdraftdatabase.com/mock-drafts/2026/espn-2026-peter-schrager,ESPN,Peter Schrager,04/22/26,2026 NFL mock draft: Schrager projects 32 first-round picks : Could teams jump all around Round 1 and shake things up? Will Jeremiyah Love and Sonny Styles go in the top five? Here's what Peter Schrager is hearing and predicting.,"We're now about 36 hours out from the 2026 NFL draft ... and things are going to get wild. As I put together my final mock draft of Round 1, my biggest takeaway is this year is particularly wide open. I take a lot of pride in being as accurate as possible, but I also sort of love that no one has the firmest grasp on what is going to happen Thursday. It means we're going to see surprises. And who doesn't love surprises on draft night? It's reality TV at its finest! Here's something to remember as we go through all 32 picks. One NFL general manager from a team picking early told me that we can throw positional value out the window this year. The best players in the class include a running back, an off-ball linebacker and a safety. There aren't a ton of elite offensive tackles, edge rushers, corners and receivers, and the only top-tier quarterback is a lock to go No. 1. That leaves chaos in the top 10 and beyond. But let's try to make some sense of the chaos. Here are my final projections for every first-round pick -- including a few trades to shake things up even more -- based on my latest intel. You can catch me on ""The Pat McAfee Show Draft Spectacular"" (Thursday at 8 p.m. ET on ESPN+) to see how it all goes down.",https://www.espn.com/nfl/draft2026/story/_/id/48550650/2026-nfl-mock-draft-peter-schrager-insider-intel-final-first-round-picks-predictions?utm_source=nflmockdraftdatabase&utm_medium=website&utm_content=read_mock_link,https://www.nflmockdraftdatabase.com/big-boards/2026/consensus-big-board-2026,https://www.nflmockdraftdatabase.com/mock-drafts/2026/final-scores,,,False,False,False,04/29/2026 08:37am CDT,3,PSchrags,False,False,32,2,
mock-drafts,2026,mocks/Show-0,/mock-drafts/2026/nbc-sports-boston-2026-phil-perry?date=2026-03-31,https://www.nflmockdraftdatabase.com/mock-drafts/2026/nbc-sports-boston-2026-phil-perry?date=2026-03-31,NBC Sports Boston,Phil Perry,03/31/26,"Perry's NFL Mock Draft 4.0: Pats trade down, bolster key positions of need : Phil Perry shares his latest NFL Mock Draft, with predictions for the entire first round and a trade involving the Patriots.","Mike Vrabel kept his team's draft plans ambiguous this week at the NFL's Annual League Meeting in Phoenix. When asked if he was looking for an immediate contributor with the No. 31 overall selection in the 2026 NFL Draft, he left all options on the table. ""Best player available, hopefully,"" he said. ""Maybe we trade up. Maybe we trade out. I don't know."" The reality is that Vrabel's intentions can't be fully formed. Try as he might, he can't know exactly how things will play out with the 30 picks slated to come off the board before the Patriots are on the clock at the end of Round 1. But, prior to draft weekend, he and his staff will run through all sorts of permutations when it comes to possible outcomes on that Thursday night. They'll be prepared. And one situation they'll need to be ready for is all of the top offensive tackles getting scooped up before the end of the first round. If that's the case, there's a chance that a good number of talented edge defenders will be sitting there, waiting to be picked. That's what happens in this latest iteration of our mock draft, leading to some movement at the bottom of the first round. It's not the sexiest outcome, but it's one in which the Patriots address some of their top needs while also adding some value in the process during what's considered a draft short on blue-chip ability but rife with potential starters.",https://www.nbcsportsboston.com/nfl/new-england-patriots/2026-nfl-mock-draft-first-round-trade-gabe-jacas/779151/?utm_source=nflmockdraftdatabase&utm_medium=website&utm_content=read_mock_link,https://www.nflmockdraftdatabase.com/big-boards/2026/consensus-big-board-2026,https://www.nflmockdraftdatabase.com/mock-drafts/2026/final-scores,,,False,False,False,04/07/2026 10:07pm CDT,0,PhilAPerry,False,False,32,3,
mock-drafts,2026,mocks/Show-0,/mock-drafts/2026/bears-wire-2026-preston-zbroszczyk,https://www.nflmockdraftdatabase.com/mock-drafts/2026/bears-wire-2026-preston-zbroszczyk,Bears Wire,Preston Zbroszczyk,04/17/26,"2026 NFL mock draft: Jets land impact EDGE, Chiefs find CB replacement : With the 2026 NFL Draft less than a week away, here's our latest first-round mock draft, where the Jets and Chiefs make big moves.","The 2026 NFL Draft is less than a week away, and NFL teams are busy finalizing their draft plans ahead of the big event in Pittsburgh. Some would argue that late April or the entire NFL Draft process is the best part of the whole offseason. Each draft is different, with different personalities and different skill groups dominating the class. This draft is different, defensive-heavy class, from the interior defensive line to edge rusher, secondary, and the offense comes in waves. Wide receivers are the dominant part of the class along with offensive linemen, but the first pick will once again be a Heisman Trophy winner. Here is my first mock draft, a week away from the big day in Pittsburgh.",https://bearswire.usatoday.com/story/sports/nfl/bears/2026/04/17/2026-nfl-mock-draft-jets-david-bailey-chiefs-mandoor-delane/89655572007/?utm_source=nflmockdraftdatabase&utm_medium=website&utm_content=read_mock_link,https://www.nflmockdraftdatabase.com/big-boards/2026/consensus-big-board-2026,https://www.nflmockdraftdatabase.com/mock-drafts/2026/final-scores,,,False,False,False,04/24/2026 11:11pm CDT,0,PrestZbroszczyk,False,False,32,1,
mock-drafts,2026,mocks/Show-0,/mock-drafts/2026/pro-football-network-2026-reese-decker?date=2026-03-16,https://www.nflmockdraftdatabase.com/mock-drafts/2026/pro-football-network-2026-reese-decker?date=2026-03-16,Pro Football Network,Reese Decker,03/16/26,"3-Round 2026 NFL Mock Draft: Wide Receivers Benefit From Major Free Agency Shake-Up : Free agency shakes up the board as Carnell Tate, Jordyn Tyson, and Makai Lemon soar into the top 15 of this 3-round 2026 NFL Mock Draft.","With the free agency frenzy in the rearview mirror, teams are shifting their focus to the 2026 NFL Draft. Using the PFSN Mock Draft Simulator to assess the landscape, this three-round projection explores how teams might address their needs given the current roster constructions and available talent. While the class lacks the blue-chip depth of recent years, there are still impact players to be found — starting with Indiana quarterback Fernando Mendoza, who appears locked in as the top overall pick for the Las Vegas Raiders.",https://www.profootballnetwork.com/3-round-nfl-mock-draft-decker-march-2026/?utm_source=nflmockdraftdatabase&utm_medium=website&utm_content=read_mock_link,https://www.nflmockdraftdatabase.com/big-boards/2026/consensus-big-board-2026,https://www.nflmockdraftdatabase.com/mock-drafts/2026/final-scores,,,False,False,False,03/24/2026 11:50am CDT,0,coachReeseDeck,False,False,32,3,94.0
mock-drafts,2026,mocks/Show-0,/mock-drafts/2026/nbc-sports-philadelphia-2026-reuben-frank,https://www.nflmockdraftdatabase.com/mock-drafts/2026/nbc-sports-philadelphia-2026-reuben-frank,NBC Sports Philadelphia,Reuben Frank,04/21/26,Roob changes up Eagles pick in his final 2026 mock draft : The Eagles find their long-term Lane Johnson replacement in Reuben Frank's final 2026 mock draft.,"My first mock draft I had the Eagles taking Oregon tight end Kenyon Sadiq, and I still think he’d be a fantastic pick if he slides down to 23. What’s changed? A month later I now get the sense Sadiq is going before the Eagles are on the board. He’s just such a unique prospect, and teams are looking for these modern-day tight ends who are comfortable with the entire route tree, can make plays down the field and really create match-up problems with a defense. He's got a chance to be a really special player. The fact that Sadiq is the only tight end likely to be drafted in the first round only adds to his value. So I have Sadiq going to the Panthers at 19, and while a trade-up is always in play for Howie Roseman I have the Eagles going O-line at No. 23 and finally securing the eventual heir apparent to Lane Johnson. It will be fun to see how it all plays out in two days!",https://www.nbcsportsphiladelphia.com/nfl/philadelphia-eagles/eagles-mock-draft-nfl-2026-howie-roseman-kenyon-sadiq-blake-miller/727125/?utm_source=nflmockdraftdatabase&utm_medium=website&utm_content=read_mock_link,https://www.nflmockdraftdatabase.com/big-boards/2026/consensus-big-board-2026,https://www.nflmockdraftdatabase.com/mock-drafts/2026/final-scores,,,False,False,False,04/28/2026 08:34am CDT,0,RoobNBCS,False,False,32,3,
mock-drafts,2026,mocks/Show-0,/mock-drafts/2026/nfl-com-2026-rhett-lewis?date=2026-04-07,https://www.nflmockdraftdatabase.com/mock-drafts/2026/nfl-com-2026-rhett-lewis?date=2026-04-07,NFL.com,Rhett Lewis,04/07/26,"Rhett Lewis 2026 NFL mock draft 1.0: Eagles make biggest splash in Round 1 : In his first mock of Round 1 of the 2026 NFL Draft, Rhett Lewis projects the Eagles to make the biggest splash of the night, taking a QB at No. 23 overall. Check out all 32 of his first-round selections.","The magic of a national title run continues for me as an Indiana alum, getting to project a Hoosier at the top of the draft for the first time in program history. Of course, Fernando Mendoza is not the only QB to come off the board in this sketch of how Round 1 of the 2026 NFL Draft could go down. Before you proceed, consider this warning: Mock drafts can induce stress, anxiety and oftentimes feelings of anger towards the author. I urge all reading this mock draft while wearing a shade of Kelly green to consume with caution and to read the captions with each pick. Enjoy!",https://www.nfl.com/news/rhett-lewis-2026-nfl-mock-draft-1-0-eagles-make-biggest-splash-in-round-1?utm_source=nflmockdraftdatabase&utm_medium=website&utm_content=read_mock_link,https://www.nflmockdraftdatabase.com/big-boards/2026/consensus-big-board-2026,https://www.nflmockdraftdatabase.com/mock-drafts/2026/final-scores,,,False,False,False,04/14/2026 09:16pm CDT,0,RhettNFL,False,False,32,1,
mock-drafts,2026,mocks/Show-0,/mock-drafts/2026/lineups-2026-richard-janvrin,https://www.nflmockdraftdatabase.com/mock-drafts/2026/lineups-2026-richard-janvrin,Lineups,Richard Janvrin,04/12/26,2026 NFL Mock Draft ,"We are now less than two weeks from the 2026 NFL Draft. Below, I’ll provide my latest mock draft and provide betting insight into player Over/Under picks.",https://www.lineups.com/betting/2026-nfl-draft-round-1-mock-update-draft-pick-over-under-odds-analysis/?utm_source=nflmockdraftdatabase&utm_medium=website&utm_content=read_mock_link,https://www.nflmockdraftdatabase.com/big-boards/2026/consensus-big-board-2026,https://www.nflmockdraftdatabase.com/mock-drafts/2026/final-scores,,,False,False,False,04/19/2026 09:28pm CDT,0,RichardJanvrin,False,False,32,2,
mock-drafts,2026,mocks/Show-0,/mock-drafts/2026/si-2026-richie-bradshaw?date=2026-03-19,https://www.nflmockdraftdatabase.com/mock-drafts/2026/si-2026-richie-bradshaw?date=2026-03-19,SI,Richie Bradshaw,03/19/26,"Mock Draft: Cardinals, Other Blockbuster Trades Shake Entire First Round : Multiple trades shake up the first round of this 2026 NFL mock draft. ","The NFL has seen major shake ups since free agency began, and it appears the 2026 offseason may be one of the most drama-filled that football fans have seen in a long time. Looking at the draft itself, not much has changed aside from who’s picking in round one. We are now up to five teams—the New York Jets, Cleveland Browns, Kansas City Chiefs, Miami Dolphins, and Dallas Cowboys—with multiple first-round picks thanks to blockbuster trades. We can go ahead and start off with the tattooed number one overall pick before this new edition of my 2026 NFL Draft mock goes off the rails:",https://www.si.com/nfl/cardinals/onsi/news/mock-draft-arizona-cardinals-other-blockbuster-trades-shake-entire-first-round?utm_source=nflmockdraftdatabase&utm_medium=website&utm_content=read_mock_link,https://www.nflmockdraftdatabase.com/big-boards/2026/consensus-big-board-2026,https://www.nflmockdraftdatabase.com/mock-drafts/2026/final-scores,,,False,False,False,03/26/2026 01:23pm CDT,0,RichieBradz36,False,False,32,8,63.0
mock-drafts,2026,mocks/Show-0,/mock-drafts/2026/cbs-2026-rj-white,https://www.nflmockdraftdatabase.com/mock-drafts/2026/cbs-2026-rj-white,CBS,RJ White,04/20/26,2026 NFL mock draft: Chiefs trade up twice while Giants unlock path to Sonny Styles post-Dexter Lawrence trade : The Chiefs have an opportunity that doesn't come around often as we project all 32 first-round picks.,"NFL Draft week is finally here, with festivities kicking off Thursday in Pittsburgh. The fireworks began early (continued?) with another trade Saturday shaking up the top of the draft with the New York Giants acquring the No. 10 overall pick in exchange for Dexter Lawrence. Armed with two first-round picks, John Harbaugh and Co. are poised to dictate the night early and leave other teams to react. In this mock, it's another team taking the bull by the horns and making two separate trades up to set themselves up for a return to the playoffs: the Kansas City Chiefs. The perennial Super Bowl contender is picking in the top 10 for the first time since trading up to land Patrick Mahomes at No. 10 overall in 2017, and if their first pick comes in higher than that slot, it'll be the highest they've drafted since taking Eric Fisher first overall in 2013. With the Arizona Cardinals appearing to be a clear trade-down candidate at No. 3 before potentially adding an offensive lineman, the Chiefs package Nos. 9, 29, 148 and a 2027 second-round pick to get in position for a true blue-chip talent to add to their championship core. The price comes very close to meeting the established value of the third pick on my trade chart updated yearly to account for recent trades, and the quantity of picks, the ability to land a selection in a more highly rated class in 2027 and Arizona's team needs make the slightly undervalued return worth it.",https://www.cbssports.com/nfl/draft/news/2026-nfl-mock-draft-chiefs-trade-up-twice/?utm_source=nflmockdraftdatabase&utm_medium=website&utm_content=read_mock_link,https://www.nflmockdraftdatabase.com/big-boards/2026/consensus-big-board-2026,https://www.nflmockdraftdatabase.com/mock-drafts/2026/final-scores,,,False,False,False,04/27/2026 02:38pm CDT,0,rjwhite1,False,False,32,1,
mock-drafts,2026,mocks/Show-0,/mock-drafts/2026/sportsbook-review-2026-rob-paul,https://www.nflmockdraftdatabase.com/mock-drafts/2026/sportsbook-review-2026-rob-paul,Sportsbook Review,Rob Paul,04/15/26,"2026 NFL Mock Draft 2.0 | First-Round Picks, Projected Trades & Predictions for All 32 Teams : With the 2026 NFL draft nearly here, I project all 32 first-round picks in my NFL mock draft 2.0 with RAS scores, pro comparisons, projected trades, and the latest draft odds for every pick.","While the No. 1 selection in the 2026 NFL Draft is a foregone conclusion ahead of next Thursday's first round, there's plenty of mystery surrounding how the remaining picks will play out after the Las Vegas Raiders select Fernando Mendoza first overall. My NFL mock draft 2.0 builds on my NFL mock draft 1.0 with updated picks, projected trades, and the latest draft odds ahead of the first round on Thursday, April 23 (8 p.m. ET, ESPN/NFL Network). The draft continues with the second and third rounds on Friday, April 24 (7 p.m. ET), and the fourth through seventh rounds on Saturday, April 25 (noon ET). Below, I break down the top prospects' potential landing spots with RAS scores, pro comparisons, projected trades, and the best draft odds for all 32 teams' top picks as part of our 2026 NFL Draft predictions.",https://www.sportsbookreview.com/picks/nfl/2026-nfl-mock-draft-2-0-picks-predictions-projected-trades/?utm_source=nflmockdraftdatabase&utm_medium=website&utm_content=read_mock_link,https://www.nflmockdraftdatabase.com/big-boards/2026/consensus-big-board-2026,https://www.nflmockdraftdatabase.com/mock-drafts/2026/final-scores,,,False,False,False,04/22/2026 10:19am CDT,0,ArmchairMedia,False,False,32,2,
mock-drafts,2026,mocks/Show-0,/mock-drafts/2026/fox-sports-2026-rob-rang,https://www.nflmockdraftdatabase.com/mock-drafts/2026/fox-sports-2026-rob-rang,Fox Sports,Rob Rang,04/13/26,"2026 NFL Mock Draft : Forget ""best player available."" In this mock, each NFL team fills their greatest need with their first pick.","One of the most complicated elements in writing mock drafts is recognizing that every NFL team has a point where they will break away from obvious needs to take the ""best player available."" The purpose of this mock is to ignore that possibility entirely. It is taking the K.I.S.S. approach — ""keep it simple, stupid"" — to a mock draft by erasing each team’s biggest hole with their selections. This mock does not take perceived value into account. There will be ""reaches"" and, perhaps, perceived unrealistic drops, because we aren’t projecting trades here. We're just filling each team’s biggest area of concern with an ideal schematic match.",https://www.foxsports.com/stories/nfl/2026-nfl-mock-draft-perfect-pick-each-team?utm_source=nflmockdraftdatabase&utm_medium=website&utm_content=read_mock_link,https://www.nflmockdraftdatabase.com/big-boards/2026/consensus-big-board-2026,https://www.nflmockdraftdatabase.com/mock-drafts/2026/final-scores,,,False,False,False,04/20/2026 08:23am CDT,0,RobRang,False,False,32,8,
mock-drafts,2026,mocks/Show-0,/mock-drafts/2026/seahawks-draft-blog-2026-rob-staton,https://www.nflmockdraftdatabase.com/mock-drafts/2026/seahawks-draft-blog-2026-rob-staton,Seahawks Draft Blog,Rob Staton,04/20/26,2026 NFL Mock Draft ,"There’s three days to go. Usually I wait until Wednesday to post a final mock draft but I put this together and thought what the heck, let’s stick it out now and see how things might change in 48 hours… For explanations on the first round selections watch the second half of my live stream (see the video above) where I run through the picks.",https://seahawksdraftblog.com/an-early-draft-week-three-round-2026-nfl-mock-draft?utm_source=nflmockdraftdatabase&utm_medium=website&utm_content=read_mock_link,https://www.nflmockdraftdatabase.com/big-boards/2026/consensus-big-board-2026,https://www.nflmockdraftdatabase.com/mock-drafts/2026/final-scores,,,False,False,False,04/27/2026 08:51pm CDT,0,robstaton,False,False,32,7,
mock-drafts,2026,mocks/Show-0,/mock-drafts/2026/the-lumberjack-2026-rowen-johnson,https://www.nflmockdraftdatabase.com/mock-drafts/2026/the-lumberjack-2026-rowen-johnson,The Lumberjack,Rowen Johnson,04/21/26,"2026 NFL Mock Draft: Three trades influence the first round : In this mock of the 2026 first round, three strategic trades set the back-half of the draft on a far different path than expected.","It’s that time of year again. On Thursday, the lives of 32 young men are going to change forever. These 32 will hear their names called on the opening night of the 2026 NFL Draft and forever be enshrined as first round draft picks for their respective teams. The burning questions remain, however. Where will they go? Who will draft whom? Will a player refuse to play for a team? Maybe a team will forget to submit their pick (I’m looking at you, 2003 Minnesota Vikings)? All of these questions, and then some, will be answered later this week. But now is the time, the opportunity, to theorize. Here is my complete mock draft for the first round of the draft.",https://www.jackcentral.org/sports/2026-nfl-mock-draft-three-trades-influence-the-first-round/article_53d042ef-5182-4660-a1bf-cab98d77095d.html?utm_source=nflmockdraftdatabase&utm_medium=website&utm_content=read_mock_link,https://www.nflmockdraftdatabase.com/big-boards/2026/consensus-big-board-2026,https://www.nflmockdraftdatabase.com/mock-drafts/2026/final-scores,,,False,False,False,04/28/2026 09:31pm CDT,0,rowenjohnson04,False,False,32,1,
mock-drafts,2026,mocks/Show-0,/mock-drafts/2026/hogs-haven-2026-ryan-fowler,https://www.nflmockdraftdatabase.com/mock-drafts/2026/hogs-haven-2026-ryan-fowler,Hogs Haven,Ryan Fowler,04/22/26,2026 NFL mock draft: Ryan Fowler’s predictions for Round 1 : 2026 NFL mock draft: Ryan Fowler’s predictions for Round 1,"It’s been a long, winding road, but we’re almost there. The 2026 NFL Draft kicks off tomorrow night, and we’ve got another mock draft with a different pick for the Washington Commanders at No. 7 overall. Adam Peters adds one of the top offensive players after using free agency to rebuild the defense.",https://www.hogshaven.com/nfl-mock-draft/410984/2026-nfl-mock-draft-ryan-fowlers-predictions-for-round-1?utm_source=nflmockdraftdatabase&utm_medium=website&utm_content=read_mock_link,https://www.nflmockdraftdatabase.com/big-boards/2026/consensus-big-board-2026,https://www.nflmockdraftdatabase.com/mock-drafts/2026/final-scores,,,False,False,False,04/29/2026 08:43am CDT,0,RyanCFowler,False,False,32,1,
mock-drafts,2026,mocks/Show-0,/mock-drafts/2026/the-landry-hat-2026-ryan-heckman,https://www.nflmockdraftdatabase.com/mock-drafts/2026/the-landry-hat-2026-ryan-heckman,The Landry Hat,Ryan Heckman,04/19/26,"Cowboys have a crystal clear path to nailing the 2026 NFL Draft : Thanks to one draft guru, we know exactly how the Dallas Cowboys could come away with what they need in the first round this year.","With just days to go before the 2026 NFL Draft, the Dallas Cowboys and their fan base are nearly tasting the excitement by now. The Cowboys have two first-round picks to work with and plenty of needs on the defensive side of the ball. And now, thanks to FanSided's Mike Luciano, they could have the clearest path yet to crushing Day 1. Luciano recently put out his Big Board, which goes 50 players deep. To go with that, all of our teams' sites worked hard to put together a list of their top five prospects their team might realistically be able to land. Between these beautifully-created resources, we've put together a quick first-round mock and have easily outlined how Dallas can come away with two perfect selections at nos. 12 and 20.",https://thelandryhat.com/dallas-cowboys-have-crystal-clear-path-to-nailing-the-2026-nfl-draft?utm_source=nflmockdraftdatabase&utm_medium=website&utm_content=read_mock_link,https://www.nflmockdraftdatabase.com/big-boards/2026/consensus-big-board-2026,https://www.nflmockdraftdatabase.com/mock-drafts/2026/final-scores,,,False,False,False,04/26/2026 10:10pm CDT,0,RyanHeckmanFS,False,False,20,1,
mock-drafts,2026,mocks/Show-0,/mock-drafts/2026/pro-football-network-2026-ryan-moran?date=2026-03-30,https://www.nflmockdraftdatabase.com/mock-drafts/2026/pro-football-network-2026-ryan-moran?date=2026-03-30,Pro Football Network,Ryan Moran,03/30/26,"3-Round 2026 NFL Mock Draft: Jeremiyah Love Lands in NFC, Steelers Land QB of the Future, More : PFSN's latest 3-round NFL mock draft projects Jeremiyah Love to the Washington Commanders, Ty Simpson to the Pittsburgh Steelers, and more.","We are now less than four weeks away from the 2026 NFL Draft. Excitement is mounting among fans while suspense is building among front offices. Pro days officially wrap up in two days, on April 1, meaning we are inching that much closer to draft time. Tools like the PFSN Mock Draft Simulator help shape projections and explore team needs as the draft rapidly approaches.",https://www.profootballnetwork.com/3-round-mock-draft-fernando-mendoza-raiders-march-2026/?utm_source=nflmockdraftdatabase&utm_medium=website&utm_content=read_mock_link,https://www.nflmockdraftdatabase.com/big-boards/2026/consensus-big-board-2026,https://www.nflmockdraftdatabase.com/mock-drafts/2026/final-scores,,,False,False,False,04/06/2026 08:21am CDT,0,TalkPrimeTime,False,False,32,1,
mock-drafts,2026,mocks/Show-0,/mock-drafts/2026/4-for-4-2026-ryan-noonan,https://www.nflmockdraftdatabase.com/mock-drafts/2026/4-for-4-2026-ryan-noonan,4 For 4,Ryan Noonan,04/15/26,2026 NFL Mock Draft: Ryan Noonan Mock Draft 2.0 : Ryan Noonan's updated 2026 mock draft with projected landing spots for this year's top collegiate football prospects.,"We're just one week away from the 2026 NFL Draft, which gives me seven more days to tinker with what the final answers to the test will look like for next week's final mock of the season. I haven't put out a mock draft since free agency hit, so here's where I see things as of now.",https://www.4for4.com/2026/preseason/2026-nfl-mock-draft-ryan-noonan-mock-draft-20?utm_source=nflmockdraftdatabase&utm_medium=website&utm_content=read_mock_link,https://www.nflmockdraftdatabase.com/big-boards/2026/consensus-big-board-2026,https://www.nflmockdraftdatabase.com/mock-drafts/2026/final-scores,,,False,False,False,04/23/2026 10:16am CDT,0,RyNoonan,False,False,32,1,
mock-drafts,2026,mocks/Show-0,/mock-drafts/2026/a-to-z-sports-2026-ryan-roberts,https://www.nflmockdraftdatabase.com/mock-drafts/2026/a-to-z-sports-2026-ryan-roberts,A To Z Sports,Ryan Roberts,04/13/26,"2-Round 2026 NFL Mock Draft: Rueben Bain Jr. falls outside the top-10, Ty Simpson crashes the first round party, and an OL run : Latest 2-round 2026 NFL mock draft includes a Rueben Bain Jr. slide, a Ty Simpson first round decision, and a run on offensive linemen.","The 2026 NFL Draft is less than two weeks away. With limited time remaining, we are now entering the predictive portion of the draft process. 2026 NFL mock drafts should be dedicated to what we think will happen from here on out, and that is the case in my latest 2-round mock. This exercise also included several trades throughout the first round to explore even more hypotheticals and possibilities. Miami EDGE Rueben Bain Jr. and his draft stock are a hot topic of conversation after the info over a 2024 fatal car crash surfaced. Alabama quarterback Ty Simpson’s draft destination is also an interesting conversation. Both were discussed, along with a deep run of offensive line in the top-32 selections. Let’s have some fun.",https://atozsports.com/nfl-draft/2-round-2026-nfl-mock-draft-rueben-bain-jr-caleb-downs-ty-simpson-jeremiyah-love-arvell-reese/?utm_source=nflmockdraftdatabase&utm_medium=website&utm_content=read_mock_link,https://www.nflmockdraftdatabase.com/big-boards/2026/consensus-big-board-2026,https://www.nflmockdraftdatabase.com/mock-drafts/2026/final-scores,,,False,False,False,04/20/2026 09:53pm CDT,0,RiseNDraft,False,False,32,6,
mock-drafts,2026,mocks/Show-0,/mock-drafts/2026/the-sun-2026-ryan-sanudo,https://www.nflmockdraftdatabase.com/mock-drafts/2026/the-sun-2026-ryan-sanudo,The Sun,Ryan Sanudo,04/18/26,"2026 NFL mock draft: Cowboys grab Jeremiyah Love and what every team should do : 












THE 2026 NFL Draft is just days away, which means The U.S. Sun has just one final mock draft to reveal.



Rumors continue to swirl as time is...","NFL experts Ryan Sanudo and David Scott each made first-round selections in The U.S. Sun’s Mock Draft 3.0 video on YouTube. It’s the third and last edition, as Sanudo and Scott alternated their choices live. Like their first mock draft, Sanudo took the odd selections, and Scott picked the even picks. So what did your favorite team do in this mock draft 2.0?",https://www.the-sun.com/sport/16234273/2026-nfl-mock-draft-dallas-cowboys-jeremiyah-love/?utm_source=nflmockdraftdatabase&utm_medium=website&utm_content=read_mock_link,https://www.nflmockdraftdatabase.com/big-boards/2026/consensus-big-board-2026,https://www.nflmockdraftdatabase.com/mock-drafts/2026/final-scores,,,False,False,False,04/25/2026 09:35pm CDT,0,sanudo_ry,False,False,32,3,
mock-drafts,2026,mocks/Show-0,/mock-drafts/2026/cbs-2026-ryan-wilson,https://www.nflmockdraftdatabase.com/mock-drafts/2026/cbs-2026-ryan-wilson,CBS,Ryan Wilson,04/20/26,What I'd do as GM for every team in the 2026 NFL Draft: First-round mock of all 32 picks : No predictions here -- just how I'd handle Round 1 if I were calling the shots,"It's draft week, which means I have two more mock drafts to unveil before it all becomes official. First up, I'm repackaging an idea from Pete Prisco, who has been doing a ""What I think NFL teams should do"" mock draft for years. I love this idea because it gets you on the record and gives fans an easy way to point out where you were criminally wrong (or maybe even right!). In case you're wondering, here are my ""What Teams Should Do"" mock drafts for 2025, 2024 and 2023. A few more notes: 1. If you're looking to kill time between now and the start of the actual draft, we rolled out our annual live seven-round mock draft on ""With the First Pick,"" the NFL Draft podcast I co-host alongside former Titans GM Ran Carthon. We didn't tackle it alone -- colleagues Pete Prisco, Bryant McFadden, Leger Douzable, Mike Renner, Emory Hunt, Josh Edwards and JP Acosta joined us as we worked through all 257 picks.",https://www.cbssports.com/nfl/draft/news/2026-nfl-mock-draft-what-i-would-do-first-round/?utm_source=nflmockdraftdatabase&utm_medium=website&utm_content=read_mock_link,https://www.nflmockdraftdatabase.com/big-boards/2026/consensus-big-board-2026,https://www.nflmockdraftdatabase.com/mock-drafts/2026/final-scores,,,False,False,False,04/27/2026 08:49pm CDT,0,ryanwilsonCBS,False,False,32,12,
mock-drafts,2026,mocks/Show-0,/mock-drafts/2026/la-times-2026-sam-farmer?date=2026-03-17,https://www.nflmockdraftdatabase.com/mock-drafts/2026/la-times-2026-sam-farmer?date=2026-03-17,LA Times,Sam Farmer,03/17/26,"Sam Farmer's NFL mock draft 1.0: Tom Brady's Raiders won't pass on a quarterback : Fernando Mendoza is poised to be the No. 1 overall pick in the 2026 NFL draft, but there's a prime class of edge rushers set to make their mark as well.","NFL teams are living on the edge. Sure, it’s a quarterback’s league, but a major focus of the upcoming NFL draft will be about getting to the quarterback. This class is loaded with talented pass rushers, and teams figure to take advantage of that early and often. This mock draft has edge rushers off the board with the second, third and fourth selections. How appropriate that the April 23-25 draft will be held for the first time in Pittsburgh, birthplace of the Steel Curtain.",https://www.latimes.com/sports/story/2026-03-17/nfl-mock-draft-raiders-quarterback-first-round?utm_source=nflmockdraftdatabase&utm_medium=website&utm_content=read_mock_link,https://www.nflmockdraftdatabase.com/big-boards/2026/consensus-big-board-2026,https://www.nflmockdraftdatabase.com/mock-drafts/2026/final-scores,,,False,False,False,03/24/2026 12:04pm CDT,0,LATimesfarmer,False,False,32,1,88.0
mock-drafts,2026,mocks/Show-0,/mock-drafts/2026/northern-iowan-2026-sam-o-hair?date=2026-04-08,https://www.nflmockdraftdatabase.com/mock-drafts/2026/northern-iowan-2026-sam-o-hair?date=2026-04-08,Northern Iowan,Sam O'Hair,04/08/26,2026 NFL Mock Draft ,"With the 2026 NFL Draft set for April 23, teams will soon be on the clock to select their talent of the future. For fans, waiting can be dreadful — so for many, now is the time to mock. Here is how I believe the top 10 picks could pan out.",https://www.northerniowan.com/25796/sports/2026-nfl-mock-draft/?utm_source=nflmockdraftdatabase&utm_medium=website&utm_content=read_mock_link,https://www.nflmockdraftdatabase.com/big-boards/2026/consensus-big-board-2026,https://www.nflmockdraftdatabase.com/mock-drafts/2026/final-scores,,,False,False,False,04/15/2026 08:29am CDT,0,NorthernIowan,False,False,10,1,
mock-drafts,2026,mocks/Show-0,/mock-drafts/2026/sports-talk-2026-sam-teets?date=2026-04-02,https://www.nflmockdraftdatabase.com/mock-drafts/2026/sports-talk-2026-sam-teets?date=2026-04-02,Sports Talk,Sam Teets,04/02/26,"Penultimate 2026 NFL mock draft: Four trades shape first round, Eagles acquire Jonathan Greenard : This is my penultimate three-round NFL mock draft for the 2026 cycle","As the 2026 NFL Draft rapidly approaches, I wanted to squeeze in a penultimate three-round mock draft before getting serious for a final version in a few weeks. As I put this together between 11 p.m. and 2 a.m. last night, I focused on adding chaos through trades and a few more random or surprise selections. At this point in the process, I’m beginning to experiment less and narrow down my player-to-team fits. There’s a lot of fact-finding to do between now and draft night, but I feel better about my position now than I did during the last mock. If there’s one criticism for this mock, it’s that the trade values and logic are inconsistent. Part of that is because I made those decisions late last night, but I think the lack of must-have talent in the 2026 class might deflate the value of selections outside of the top five or six picks.",https://sportstalk.substack.com/p/penultimate-2026-nfl-mock-draft-four?utm_source=nflmockdraftdatabase&utm_medium=website&utm_content=read_mock_link,https://www.nflmockdraftdatabase.com/big-boards/2026/consensus-big-board-2026,https://www.nflmockdraftdatabase.com/mock-drafts/2026/final-scores,,,False,False,False,04/09/2026 02:05pm CDT,0,Sam_Teets33,False,False,32,5,
mock-drafts,2026,mocks/Show-0,/mock-drafts/2026/nfl-spin-zone-2026-sayre-bedinger,https://www.nflmockdraftdatabase.com/mock-drafts/2026/nfl-spin-zone-2026-sayre-bedinger,NFL Spin Zone,Sayre Bedinger,04/19/26,"2026 NFL Mock Draft: Full 7-round mock draft predictions with two big trades : The biggest 2026 NFL mock draft of the offseason is here. We take a stab at predicting all 7 rounds and 257 picks, along with two big 1st round trades.","Hundreds of different predictions and thought exercises have finally come down to the final countdown for the 2026 NFL Draft. Soon, we'll no longer be predicting the picks but reacting to what teams actually did, which will be a huge relief to everybody (before the 2027 NFL Mock Draft madness begins). Every 2026 NFL mock draft scenario up to this point has been exactly that: A thought exercise. As great as it would be to predict every pick and be able to say we ""called it"", the reality is that nobody really knows what is going to happen in the draft, which is what makes it so exciting and fun. Case in point, we had to update nearly a dozen picks after the trade between the Giants and Bengals for Dexter Lawrence went down. You just never know when one move will change everything. So that's what we're going to do in this full 7-round 2026 NFL mock draft: We're going to have some fun. We've got a ton of different scenarios to look at, a couple of massive trades going down in the 1st round, and some new prospect-team fits that could flip some pre-draft narratives and storylines on their head. We've got 257 picks to predict, so buckle in and stay tuned at the end for a breakdown of every team's draft class.",https://nflspinzone.com/2026-nfl-mock-draft-full-7-round-mock-draft-predictions-with-two-big-trades-01kpgbpxrdh5?utm_source=nflmockdraftdatabase&utm_medium=website&utm_content=read_mock_link,https://www.nflmockdraftdatabase.com/big-boards/2026/consensus-big-board-2026,https://www.nflmockdraftdatabase.com/mock-drafts/2026/final-scores,,,False,False,False,04/26/2026 04:39pm CDT,1,SayreBedinger,False,False,32,32,
mock-drafts,2026,mocks/Show-0,/mock-drafts/2026/blogging-dirty-2026-scott-carasik,https://www.nflmockdraftdatabase.com/mock-drafts/2026/blogging-dirty-2026-scott-carasik,Blogging Dirty,Scott Carasik,04/20/26,"2026 Final NFL Mock Draft: First-round mock with a bonus of Atlanta's first pick : The 2026 NFL Draft is on Thursday, and the Atlanta Falcons are without a first round pick, but that doesn't mean Day 1 will have no chaos.","The 2026 NFL Draft starts on Thursday, and the Atlanta Falcons are without a first round pick. It still doesn't hurt to take a look at the draft before the Falcons pick so that there's knowledge of who could be there in the second, assuming they don't seriously consider trading down early on Day 2. Atlanta traded away their 2026 first round pick back in the 2025 draft to select James Pearce Jr. and also pick up a third-round pick that later became part of the Xavier Watts trade up. Atlanta does have some needs to address, but they should be focused on best player available at their first pick. However, their first pick won't come until pick 48, and we really have no idea how the board will look at the point. The draft always comes with chaos, and we have seen first-round talents fall to the middle of Day 2 before. But the best way to catch a glimpse of what to do at 48 is a first-round mock draft. So let's break this down:",https://bloggingdirty.com/2026-final-nfl-mock-draft-first-round-mock-with-a-bonus-of-atlanta-s-first-pick-01kpk4f6wbby?utm_source=nflmockdraftdatabase&utm_medium=website&utm_content=read_mock_link,https://www.nflmockdraftdatabase.com/big-boards/2026/consensus-big-board-2026,https://www.nflmockdraftdatabase.com/mock-drafts/2026/final-scores,,,False,False,False,04/27/2026 05:03pm CDT,0,CarasikS,False,False,32,1,
mock-drafts,2026,mocks/Show-0,/mock-drafts/2026/the-statehouse-file-2026-scott-mcdaniel,https://www.nflmockdraftdatabase.com/mock-drafts/2026/the-statehouse-file-2026-scott-mcdaniel,The Statehouse File,Scott McDaniel,04/17/26,"Well, it makes sense to me: A 2026 NFL Mock Draft : The first round of the 2026 NFL Draft will take place April 23. It is a key moment for teams looking to build their rosters, while fans react in real","The first round of the 2026 NFL Draft will take place April 23. It is a key moment for teams looking to build their rosters, while fans react in real time to each selection. The event features hours of analysis, highlights and unexpected picks. While the draft is unpredictable, in the months leading up to it, countless mock drafts attempt to project how it all could unfold. Like those, here is one projection that is bound to be way off.",https://www.thestatehousefile.com/features/sports/well-it-makes-sense-to-me-a-2026-nfl-mock-draft/article_17ebabb4-d8a2-4d50-b8aa-5deb614362a3.html?utm_source=nflmockdraftdatabase&utm_medium=website&utm_content=read_mock_link,https://www.nflmockdraftdatabase.com/big-boards/2026/consensus-big-board-2026,https://www.nflmockdraftdatabase.com/mock-drafts/2026/final-scores,,,False,False,False,04/24/2026 11:32pm CDT,0,StatehouseFile,False,False,32,1,
mock-drafts,2026,mocks/Show-0,/mock-drafts/2026/buccaneers-com-2026-scott-smith,https://www.nflmockdraftdatabase.com/mock-drafts/2026/buccaneers-com-2026-scott-smith,Buccaneers.com,Scott Smith,04/16/26,"Buccaneers.com 2026 Mock Draft 10.0 : A trio of trades shake up the draft order, with the Buccaneers trading down to add draft capital before landing some much-needed edge rush help","The 2026 NFL Draft is now just a week away, and soon we mock drafters will be giving way to the people with the actual power to distribute this year's top prospects to their first NFL homes. Still, there's plenty of time for another round or two of predictions, and this week it's my turn. My most recent effort was a seven-round prediction for the Tampa Bay Buccaneers' picks only, but for this one I'm going back to the traditional format of guessing all 32 picks in the first round. I am also including trade predictions this time around and, yes, the Buccaneers got in on that action. Up or down? Read on! For this year's draft, the NFL has reduced the time limit per pick from 10 minutes to eight. That tells me that time is precious, so let's not waste any more of it. On to the picks.",https://www.buccaneers.com/news/buccaneers-com-2026-mock-draft-10-0?utm_source=nflmockdraftdatabase&utm_medium=website&utm_content=read_mock_link,https://www.nflmockdraftdatabase.com/big-boards/2026/consensus-big-board-2026,https://www.nflmockdraftdatabase.com/mock-drafts/2026/final-scores,,,False,False,False,04/23/2026 08:13am CDT,1,ScottSmithFF,False,False,32,3,
mock-drafts,2026,mocks/Show-0,/mock-drafts/2026/fantasy-pros-2026-seth-woolcock,https://www.nflmockdraftdatabase.com/mock-drafts/2026/fantasy-pros-2026-seth-woolcock,Fantasy Pros,Seth Woolcock,04/20/26,2026 NFL Mock Draft With Trades: Round 1 Predictions : Get your final betting slips in after exploring Seth Woolcock's 2026 NFL Mock Draft With Trades 2.0 following the HUGE Dexter Lawrence trade!,"A lot has changed in the professional football landscape since I released my NFL Mock Draft 1.0 at the beginning of March. Free agency has reloaded some teams while depleting others. Big trades have given five teams multiple first-round picks, including the New York Giants, who acquired the 10th-overall pick from the Cincinnati Bengals for DT Dexter Lawrence II, less than a week before the Las Vegas Raiders are on the clock from the North Shore of Pittsburgh. NFL Combine and pro day results have also continued to push prospects up and down boards. Just five picks remain the same from my first version, with the biggest risers being players like Ohio State LB Sony Styles and USC Trojans WR Makai Lemon. Meanwhile, the EDGE and defensive tackle market has shifted a ton, sending players like Texas A&M EDGE Cashius Howell and Clemson Tigers DT/EDGE Peter Woods tumbling down draft boards. In addition, I have five players who have fallen completely out of Day 1, including Auburn Tigers EDGE Keldric Faulk, Vanderbilt Commodores TE Eli Stowers, Clemson Tigers WR Antonio Williams and Indiana Hoosiers CB D’Angelo Ponds.",https://www.fantasypros.com/2026/04/2026-nfl-mock-draft-with-trades-round-1-predictions/?utm_source=nflmockdraftdatabase&utm_medium=website&utm_content=read_mock_link,https://www.nflmockdraftdatabase.com/big-boards/2026/consensus-big-board-2026,https://www.nflmockdraftdatabase.com/mock-drafts/2026/final-scores,,,False,False,False,04/27/2026 02:36pm CDT,0,Between_SethFF,False,False,32,2,
mock-drafts,2026,mocks/Show-0,/mock-drafts/2026/a-to-z-sports-2026?date=2026-03-27,https://www.nflmockdraftdatabase.com/mock-drafts/2026/a-to-z-sports-2026?date=2026-03-27,A To Z Sports,Staff,03/27/26,2026 NFL Mock Draft ,"We are officially inside a month away from the 2026 NFL Draft. With free agency in the rearview and April just days away, the draft is inching closer. Pro Days are starting to wrap up, and soon, teams will be meeting to form their final draft boards ahead of the big weekend. To gear up for the marquee event, my colleagues and I at A to Z Sports have created a four-round mock draft. Destin Adams, Brandon Little, Kyle Crabbs, Adam Holt, and I took turns making selections throughout the four rounds. Let us know what you think 0f the decisions, @atozsportsnfl on X-Twitter.",https://atozsports.com/nfl-draft/4-round-2026-nfl-mock-draft-titans-carnell-tate-jets-arvell-reese-raiders-fernando-mendoza-vs-ty-simpson/?utm_source=nflmockdraftdatabase&utm_medium=website&utm_content=read_mock_link,https://www.nflmockdraftdatabase.com/big-boards/2026/consensus-big-board-2026,https://www.nflmockdraftdatabase.com/mock-drafts/2026/final-scores,,,False,False,False,04/03/2026 08:14am CDT,0,AtoZSportsNFL,False,False,32,9,3.0
mock-drafts,2026,mocks/Show-0,/mock-drafts/2026/andy-nfl-2026?date=2026-03-24,https://www.nflmockdraftdatabase.com/mock-drafts/2026/andy-nfl-2026?date=2026-03-24,Andy NFL,Staff,03/24/26,"2026 NFL Mock Draft 3.0: 2 New Edge Rushers into Round 1 : Free agency has come and gone, big trades have happened, and pro day season is fully underway. It's peak mock draft season.","Howdy folks, and welcome back. We are officially under ONE month until the 2026 NFL Draft kicks off on April 23rd in Pittsburgh. Mock 2.0 was a few weeks ago, directly after the combine, so this is the first mock of mine taking free agency into account. With free agency, there’s a lot of new player-team fits i’m projecting in this mock, and in doing so I have 1 projected trade in the middle of the first round. One piece I’d like to point out now, Alabama QB Ty Simpson does not find a home in this 1st round projection, however I do think there’s a solid chance he does hear his name called during the first night, on April 23rd. That will be a very interesting situation to monitor, but without further ado let’s get to my Mock 3.0:",https://andynfl.substack.com/p/2026-nfl-mock-draft-30-2-new-edge?utm_source=nflmockdraftdatabase&utm_medium=website&utm_content=read_mock_link,https://www.nflmockdraftdatabase.com/big-boards/2026/consensus-big-board-2026,https://www.nflmockdraftdatabase.com/mock-drafts/2026/final-scores,,,False,False,False,03/31/2026 11:12pm CDT,0,AndyyNFL,False,False,32,2,25.0
mock-drafts,2026,mocks/Show-0,/mock-drafts/2026/bengals-com-2026?date=2026-03-17,https://www.nflmockdraftdatabase.com/mock-drafts/2026/bengals-com-2026?date=2026-03-17,Bengals.com,Staff,03/17/26,2026 NFL Mock Draft ,"The big wave of free agency has lapped up on the shores of the draft, and as far as the port harboring the second Bengals.com Media Mock Draft of the year, the topography of the top nine drafted before the Bengals at No. 10 hardly moved. The nine names look to be frozen like a glacier, so locked in we'll have to mull a trade down for the third Bengals.com Media Mock of the year coming soon to a phone near you. Despite more than a billion being committed on the first day of free agency, only one player fell off our board that was there before the bidding. And that because of injury and not because of any moves. Florida defensive tackle Caleb Banks suffered a broken foot at the NFL scouting combine, and on top of the foot injury that limited him to three games last year, taking him in the top ten is a hellacious risk. The top five followed the first Media Mock with the Browns offering the first change at six, when they opted for the only new name of the nine, Georgia left tackle Monroe Freeling, instead of Ohio State wide receiver Carnell Tate. Tate had to wait only three spots until the Chiefs took him at No. 9. See if we stayed pat at No. 10.",https://www.bengals.com/news/bengals-com-media-mock-draft-first-wave-of-free-agency-doesn-t-touch-board?utm_source=nflmockdraftdatabase&utm_medium=website&utm_content=read_mock_link,https://www.nflmockdraftdatabase.com/big-boards/2026/consensus-big-board-2026,https://www.nflmockdraftdatabase.com/mock-drafts/2026/final-scores,,,False,False,False,03/24/2026 10:55pm CDT,0,Bengals,False,False,10,2,79.0
mock-drafts,2026,mocks/Show-0,/mock-drafts/2026/bleacher-report-2026?date=2026-03-19,https://www.nflmockdraftdatabase.com/mock-drafts/2026/bleacher-report-2026?date=2026-03-19,Bleacher Report,Staff,03/19/26,"2026 NFL Mock Draft After Free Agency Signings and Trades : The dust has settled after the whirlwind start of NFL free agency, with the league's landscape looking drastically different today than it did entering the month of March.","The dust has settled after the whirlwind start of NFL free agency, with the league's landscape looking drastically different today than it did entering the month of March. The movement didn't stop there. Multiple blockbuster trades occurred as well. The reigning Super Bowl MVP, Kenneth Walker III, is now a member of the Kansas City Chiefs. Future Hall of Fame wide receiver Mike Evans joined the San Francisco 49ers after 12 seasons with the Tampa Bay Buccaneers. Malik Willis takes over as the Miami Dolphins' quarterback to replace Tua Tagovailoa, who now plays for the Atlanta Falcons. The Dolphins also traded Jaylen Waddle to the Denver Broncos just this week. These moves serve as examples of the caliber and breadth regarding the amount of player movement since the new league began on March 11. With teams addressing areas throughout their respective rosters, draft needs and targets shifted dramatically as well. Multiple organizations did an excellent job adding new personnel to place themselves in a better position once they're on the clock. The same willingness to open their wallets and make big deals likely signals which direction each plan to go, particularly early in this year's class.",https://bleacherreport.com/articles/25407634-2026-nfl-mock-draft-after-free-agency-signings-and-trades?utm_source=nflmockdraftdatabase&utm_medium=website&utm_content=read_mock_link,https://www.nflmockdraftdatabase.com/big-boards/2026/consensus-big-board-2026,https://www.nflmockdraftdatabase.com/mock-drafts/2026/final-scores,,,False,False,False,03/26/2026 01:20pm CDT,0,BleacherReport,False,False,32,4,65.0
mock-drafts,2026,mocks/Show-0,/mock-drafts/2026/the-athletic-2026?date=2026-03-19,https://www.nflmockdraftdatabase.com/mock-drafts/2026/the-athletic-2026?date=2026-03-19,The Athletic,Staff,03/19/26,"NFL beat writer 2026 mock draft 2.0: How far could Jeremiyah Love slide? : If Love doesn't go in the top five, there aren't many teams with a glaring need at running back. Could he become Derrick Henry's successor?","With the rush of free agency mostly behind us, the 2026 NFL Draft is just over a month away, and teams’ draft needs are becoming clearer. Two teams in the top 10, the New Orleans Saints at No. 8 and the Kansas City Chiefs at No. 9, signed big-ticket veteran running backs last week. Does that mean they expect Notre Dame star running back Jeremiyah Love to fly off the board early? Or could it mean one of the draft’s top prospects will slide out of the top 10? That’s what happened when our NFL beat writers gathered virtually this week for their second simulation of next month’s draft, which saw plenty of changes from the first edition. Those changes included two in the draft order, as the Los Angeles Rams (to the Chiefs) and Denver Broncos (to the Miami Dolphins) each traded first-round picks away since our last beat writer mock draft. One thing that didn’t change? Only one quarterback was selected. That’s where we’ll start with the first pick.",https://www.nytimes.com/athletic/7125848/2026/03/19/nfl-mock-draft-2026-beat-writer/?utm_source=nflmockdraftdatabase&utm_medium=website&utm_content=read_mock_link,https://www.nflmockdraftdatabase.com/big-boards/2026/consensus-big-board-2026,https://www.nflmockdraftdatabase.com/mock-drafts/2026/final-scores,,,False,False,False,03/26/2026 08:51am CDT,1,TheAthletic,False,False,32,4,66.0
mock-drafts,2026,mocks/Show-0,/mock-drafts/2026/twsn-2026?date=2026-03-23,https://www.nflmockdraftdatabase.com/mock-drafts/2026/twsn-2026?date=2026-03-23,TWSN,Staff,03/22/26,"2026 NFL Mock Draft, Full First Round: What If Raiders Pass On Mendoza? : Another NFL Draft cycle has arrived, and it's another year in which a quarterback prospect seems to be entrenched as the No. 1 pick. All signs point to the Las Vegas Raiders selecting Indiana QB Fernando Mendoza, a pick that is expected to help the Raiders find some much-needed stability under center.","If it’s not Mendoza at No. 1, who could the Raiders realistically go with?",https://twsn.net/2026/03/22/2026-nfl-mock-draft-first-round-raiders-pass-mendoza/?utm_source=nflmockdraftdatabase&utm_medium=website&utm_content=read_mock_link,https://www.nflmockdraftdatabase.com/big-boards/2026/consensus-big-board-2026,https://www.nflmockdraftdatabase.com/mock-drafts/2026/final-scores,,,False,False,False,03/29/2026 10:23pm CDT,0,TWSN___,False,False,32,9,43.0
mock-drafts,2026,mocks/Show-0,/mock-drafts/2026/usa-today-2026?date=2026-03-16,https://www.nflmockdraftdatabase.com/mock-drafts/2026/usa-today-2026?date=2026-03-16,USA Today,Staff,03/16/26,"2026 NFL mock draft: After free agency, where do Ty Simpson, Sonny Styles, others go? : NFL free agency signings and trades, including one involving a first-round pick, inform USA TODAY Sports' first two-round mock draft of 2026.","It's been a week since NFL free agents could begin negotiating their exit strategies − and, boy, did they, the league literally spending billions upon billions over the past week as teams bid to upgrade their rosters with proven talent. Now, as free agency peters out − aside from a few veteran holdouts, like Kirk Cousins and Joey Bosa − the league's attention will largely shift back to next month's draft, pro day season now in full swing as top prospects try to improve their professional prospects while lesser-known ones attempt to get on the radar. So, while acknowledging the aftermath of free agency and simultaneously looking ahead, here is USA TODAY Sports' latest 2026 NFL mock draft − and our first two-round edition of the year:",https://www.usatoday.com/story/sports/nfl/draft/2026/03/16/2026-nfl-mock-draft-two-round-free-agency-trades-ty-simpson-chiefs/89167476007/?utm_source=nflmockdraftdatabase&utm_medium=website&utm_content=read_mock_link,https://www.nflmockdraftdatabase.com/big-boards/2026/consensus-big-board-2026,https://www.nflmockdraftdatabase.com/mock-drafts/2026/final-scores,,,False,False,False,03/23/2026 10:51am CDT,0,USATODAY,False,False,32,1,96.0
mock-drafts,2026,mocks/Show-0,/mock-drafts/2026/yahoo-2026?date=2026-03-17,https://www.nflmockdraftdatabase.com/mock-drafts/2026/yahoo-2026?date=2026-03-17,Yahoo,Staff,03/17/26,"2026 NFL mock draft 7.0: Free-agent frenzy shuffles the board where RB Jeremiyah Love lands in top 5 : With Fernando Mendoza all but a lock for the Raiders, the draft's top mystery is where Notre Dame's star rusher will land.","Multiple NFL teams addressed their weaknesses in the opening week of free agency. Those moves affect our best guesses at who’s going where in the NFL Draft. So adjustments were made. Let’s go to the latest mock! In this mock draft, Yahoo Sports’ Charles McDonald makes the odd-numbered picks, and Nate Tice makes the even.",https://sports.yahoo.com/nfl/article/2026-nfl-mock-draft-70-143508568.html?utm_source=nflmockdraftdatabase&utm_medium=website&utm_content=read_mock_link,https://www.nflmockdraftdatabase.com/big-boards/2026/consensus-big-board-2026,https://www.nflmockdraftdatabase.com/mock-drafts/2026/final-scores,,,False,False,False,03/24/2026 11:42am CDT,0,Yahoo,False,False,32,12,80.0
mock-drafts,2026,mocks/Show-0,/mock-drafts/2026/ny-post-2026-steve-serby,https://www.nflmockdraftdatabase.com/mock-drafts/2026/ny-post-2026-steve-serby,NY Post,Steve Serby,04/18/26,"2026 NFL Mock Draft 4.0: Three trades — including one by the Jets —shake things up : The Serby Mock 4.0 shakes things up with three trades, including one by the Jets. John Harbaugh’s first Giants draft pick is a player he can see fitted for a gold jacket, while Jets GM Darren Mougey leaves the first round with an elite pass rusher and a big target for Geno Smith.","The Serby Mock 4.0 shakes things up with three trades, including one by the Jets. John Harbaugh’s first Giants draft pick is a player he can see fitted for a gold jacket, while Jets GM Darren Mougey leaves the first round with an elite pass rusher and a big target for Geno Smith. Will Ty Simpson make it in the first round? You’ll have to read the entire mock to find out.",https://nypost.com/2026/04/18/sports/2026-nfl-mock-draft-4-0-jets-make-trade-ty-simpson-slides/?utm_source=nflmockdraftdatabase&utm_medium=website&utm_content=read_mock_link,https://www.nflmockdraftdatabase.com/big-boards/2026/consensus-big-board-2026,https://www.nflmockdraftdatabase.com/mock-drafts/2026/final-scores,,,False,False,False,04/25/2026 09:27pm CDT,0,NYPost_Serby,False,False,32,4,
mock-drafts,2026,mocks/Show-0,/mock-drafts/2026/barstool-sports-2026-steven-cheah,https://www.nflmockdraftdatabase.com/mock-drafts/2026/barstool-sports-2026-steven-cheah,Barstool Sports,Steven Cheah,04/20/26,Steven Cheah's 2026 NFL Mock Draft 4.0 : Read more about Steven Cheah's 2026 NFL Mock Draft 4.0 on https://www.barstoolsports.com/,"It's officially Draft Week! I'll have a Final Mock Draft that comes out on Thursday morning, but here is what I'm seeing so far:",https://www.barstoolsports.com/blog/3567947/steven-cheahs-2026-nfl-mock-draft-4.0?utm_source=nflmockdraftdatabase&utm_medium=website&utm_content=read_mock_link,https://www.nflmockdraftdatabase.com/big-boards/2026/consensus-big-board-2026,https://www.nflmockdraftdatabase.com/mock-drafts/2026/final-scores,,,False,False,False,04/27/2026 09:10am CDT,1,StevenCheah,False,False,32,3,
mock-drafts,2026,mocks/Show-0,/mock-drafts/2026/pro-football-network-2026-t-j-randall?date=2026-04-04,https://www.nflmockdraftdatabase.com/mock-drafts/2026/pro-football-network-2026-t-j-randall?date=2026-04-04,Pro Football Network,T.J. Randall,04/04/26,"7-Round 2026 NFL Mock Draft: Jordyn Tyson Slides to Super Bowl Contender, Chiefs Add Another Playmaker : Built using PFSN’s Mock Draft Simulator, this 7-round NFL mock draft projects the Browns will find a go-to option, Max Iheanachor will go top-20, and more.","Exciting times are ahead as it is officially NFL Draft month. We are also just two weeks removed from my most recent seven-round mock draft, but we return with my final seven-rounder of the 2026 cycle, built using PFSN’s Mock Draft Simulator to explore how different scenarios could unfold. The little time between mocks brings to light a worthwhile notion that holds true: mock drafts ought to serve as thought exercises for a range of outcomes. With little between mock drafts, that’s what we’re going to do. Not much has changed in the league over the last two weeks, so there will be repetition among picks, but further evaluations of prospects and roster construction have expanded the possible outcomes.",https://www.profootballnetwork.com/2026-nfl-mock-draft-7-round-randall-april/?utm_source=nflmockdraftdatabase&utm_medium=website&utm_content=read_mock_link,https://www.nflmockdraftdatabase.com/big-boards/2026/consensus-big-board-2026,https://www.nflmockdraftdatabase.com/mock-drafts/2026/final-scores,,,False,False,False,04/11/2026 04:00pm CDT,0,TJ_Randall12,False,False,32,3,
mock-drafts,2026,mocks/Show-0,/mock-drafts/2026/nfl-mocks-2026-tarringo-basile-vaughan,https://www.nflmockdraftdatabase.com/mock-drafts/2026/nfl-mocks-2026-tarringo-basile-vaughan,NFL Mocks,Tarringo Basile-Vaughan,04/18/26,"2026 NFL Mock Draft: 5 big trades as Cowboys, Patriots, Raiders shake up Round 1 : 2026 NFL Mock Draft features 5 big Round 1 trades as the Cowboys, Patriots and Raiders make aggressive moves that could reshape the first round and alter the 2026 NFL Draft landscape.","The 2026 NFL Draft is just days away. As the big draft night approaches, big questions, draft trade rumors and final player positional rankings are being finalized. With all the buzz comes final NFL Mock Draft predictions are sure to get fans hyped up in one way or another. After months and months of prospect evaluations and matching prospects with team needs, draft analysts like Mel Kiper Jr. have made final predictions that have drawn great reactions. As FanSided has created a fantastic Interactive NFL Draft Big Board featuring experts from each team site, NFL Mocks has focused on player narratives and the coverage of the league overall. In this lead up to the 2026 NFL Draft, we explore how the draft board can instantly shift and change storylines with big trades that can shift where top prosects land.",https://nflmocks.com/2026-nfl-mock-draft-5-big-trades-cowboys-patriots-raiders-round-1-01kpg8wjkmdy?utm_source=nflmockdraftdatabase&utm_medium=website&utm_content=read_mock_link,https://www.nflmockdraftdatabase.com/big-boards/2026/consensus-big-board-2026,https://www.nflmockdraftdatabase.com/mock-drafts/2026/final-scores,,,False,False,False,04/25/2026 09:01am CDT,0,TarringoVaughan,False,False,32,29,
mock-drafts,2026,mocks/Show-0,/mock-drafts/2026/fantasy-points-2026-theo-gremminger,https://www.nflmockdraftdatabase.com/mock-drafts/2026/fantasy-points-2026-theo-gremminger,Fantasy Points,Theo Gremminger,04/10/26,"2026 NFL Mock Draft : Fantasy Points analyst Theo Gremminger drops his second 2026 NFL Draft mock, predicting the first two rounds of selections.","We are in the End Game now with the NFL Draft right around the corner, and there is no better time to drop a two-round mock draft. This one includes some potential trades that could reshape the draft… and push another quarterback into the upper half of the first round. This is my second-to-last NFL Mock Draft of the year, before a final one that will drop right before the draft. There is no better source for NFL Draft coverage than Fantasy Points. We’ll have you covered with everything you need to know about the top prospects in the 2026 NFL Draft, while helping you identify which players from this class have the potential to become fantasy football stars. Make sure and checkout the 2026 NFL Draft Podcast. Each week, Brett Whitefield and I will break down everything you need to know about the upcoming draft — and how it will impact fantasy football.",https://www.fantasypoints.com/nfl/articles/2026/gremmingers-nfl-mock-draft-20?utm_source=nflmockdraftdatabase&utm_medium=website&utm_content=read_mock_link,https://www.nflmockdraftdatabase.com/big-boards/2026/consensus-big-board-2026,https://www.nflmockdraftdatabase.com/mock-drafts/2026/final-scores,,,False,False,False,04/17/2026 08:41am CDT,0,TheOGfantasy,False,False,32,2,
mock-drafts,2026,mocks/Show-0,/mock-drafts/2026/arizona-republic-2026-theo-mackie?date=2026-04-05,https://www.nflmockdraftdatabase.com/mock-drafts/2026/arizona-republic-2026-theo-mackie?date=2026-04-05,Arizona Republic,Theo Mackie,04/05/26,NFL mock draft 2026. Who will be selected in the top 10? : The 2026 NFL Draft in Pittsburgh is a few weeks away. Here is how our expert thinks it could play out.,"April is here. And, in the NFL, that only means one thing: The draft is around the corner. The needs of teams have crystallized after free agency. Now, pro days are revealing more about top prospects with each passing day. The 2026 NFL Draft will be held April 23-25 in Pittsburgh. Here, then, is our latest first-round mock draft. As always, there are no trades in this exercise.",https://www.azcentral.com/story/sports/nfl/2026/04/05/nfl-mock-draft-2026/89441306007/?utm_source=nflmockdraftdatabase&utm_medium=website&utm_content=read_mock_link,https://www.nflmockdraftdatabase.com/big-boards/2026/consensus-big-board-2026,https://www.nflmockdraftdatabase.com/mock-drafts/2026/final-scores,,,False,False,False,04/12/2026 09:30pm CDT,0,theo_mackie,False,False,32,2,
mock-drafts,2026,mocks/Show-0,/mock-drafts/2026/fantasy-life-2026-thor-nystrom?date=2026-03-14,https://www.nflmockdraftdatabase.com/mock-drafts/2026/fantasy-life-2026-thor-nystrom?date=2026-03-14,Fantasy Life,Thor Nystrom,03/14/26,"2026 NFL Mock Draft: Carnell Tate Stays In Ohio : Thor Nystrom is back with a guest NFL Mock Draft appearance, providing commentary for each of the first round picks.","Thor Nystrom is back for a guest appearance and providing an NFL Mock Draft, featuring the first round selections. Thor has been busy with two new ventures, as he's one of the voices of Skor North that covers all things Minnesota sports. For anyone who wants Minnesota Vikings content, Thor Talks Purple is ready to serve up plenty of chatter on Justin Jefferson and the purple crew. And for his great NFL Draft content, the Football Takes Podcast will get you set for that three-day fest in Pittsburgh next month. For now, let's get into his latest mock draft.",https://www.fantasylife.com/articles/nfl-draft/2026-nfl-mock-draft-carnell-tate-stays-in-ohio?utm_source=nflmockdraftdatabase&utm_medium=website&utm_content=read_mock_link,https://www.nflmockdraftdatabase.com/big-boards/2026/consensus-big-board-2026,https://www.nflmockdraftdatabase.com/mock-drafts/2026/final-scores,,,False,False,False,03/21/2026 09:58am CDT,0,thorku,False,False,32,4,108.0
mock-drafts,2026,mocks/Show-0,/mock-drafts/2026/cleveland-com-2026-tim-bielik,https://www.nflmockdraftdatabase.com/mock-drafts/2026/cleveland-com-2026-tim-bielik,Cleveland.com,Tim Bielik,04/16/26,2026 NFL Mock Draft ,"The Browns enter next week’s NFL Draft with two glaring needs and two first-round picks to help address them. They also have a pair of glaring needs they will need to fill by the time the draft is over: wide receiver and left tackle. We’ve had months to debate who is worth the picks and to learn who the best players in this class are. But as we get closer, one scenario is becoming more likely.",https://www.cleveland.com/browns/2026/04/is-a-clear-first-round-path-for-the-browns-starting-to-come-into-focus-tim-bieliks-2026-nfl-mock-draft-70.html?utm_source=nflmockdraftdatabase&utm_medium=website&utm_content=read_mock_link,https://www.nflmockdraftdatabase.com/big-boards/2026/consensus-big-board-2026,https://www.nflmockdraftdatabase.com/mock-drafts/2026/final-scores,,,False,False,False,04/23/2026 08:16am CDT,0,timbielik,False,False,32,5,
mock-drafts,2026,mocks/Show-0,/mock-drafts/2026/clutch-points-2026-tim-crean,https://www.nflmockdraftdatabase.com/mock-drafts/2026/clutch-points-2026-tim-crean,Clutch Points,Tim Crean,04/21/26,"2026 NFL Mock Draft 7.0: Final picks & predictions : In our last ClutchPoints 2026 NFL Mock draft, we make our final predictions for the first round of this year's draft.","The 2026 NFL Draft is finally here after months and months of picks, predictions, speculation, and rumors. The pro football world will descend on Pittsburgh on Thursday, and after the Las Vegas Raiders select Fernando Mendoza, we have no idea what will happen next. So, with that in mind, here is the final ClutchPoints’ 2026 NFL Mock Draft of the season. While we’ve done mock drafts with and without trades, in our final run through, we are going all in on our NFL draft predictions, which includes potential trades. This year’s draft class is one of the weaker ones in recent memory, so there will be a ton of 2026 NFL Mock Draft runs that mention teams wanting to trade back. Here’s the problem with that. While tons of teams may want to trade back, which teams are trading up, and who are they trading up for?",https://clutchpoints.com/nfl/nfl-stories/2026-nfl-mock-draft-7-0-final-picks-predictions?utm_source=nflmockdraftdatabase&utm_medium=website&utm_content=read_mock_link,https://www.nflmockdraftdatabase.com/big-boards/2026/consensus-big-board-2026,https://www.nflmockdraftdatabase.com/mock-drafts/2026/final-scores,,,False,False,False,04/28/2026 10:10pm CDT,0,twcrean,False,False,32,9,
mock-drafts,2026,mocks/Show-0,/mock-drafts/2026/detroitlions-com-2026-tim-twentyman,https://www.nflmockdraftdatabase.com/mock-drafts/2026/detroitlions-com-2026-tim-twentyman,DetroitLions.com,Tim Twentyman,04/22/26,TWENTYMAN’S MOCK DRAFT 4.0: The final selection : Tim Twentyman predicts what the Detroit Lions will do in the first round of the 2026 NFL Draft.,"NFL Draft week is finally here, and this is my last attempt at predicting how Thursday night's first round up to Detroit's pick at No. 17 might play out with Mock Draft 4.0. As always, feel free to disagree.",https://www.detroitlions.com/news/2026-nfl-mock-draft-4-0-the-final-selection-detroit-lions-freeling-mesidor?utm_source=nflmockdraftdatabase&utm_medium=website&utm_content=read_mock_link,https://www.nflmockdraftdatabase.com/big-boards/2026/consensus-big-board-2026,https://www.nflmockdraftdatabase.com/mock-drafts/2026/final-scores,,,False,False,False,04/29/2026 08:39am CDT,0,ttwentyman,False,False,17,4,
mock-drafts,2026,mocks/Show-0,/mock-drafts/2026/the-mcshay-report-2026-todd-mcshay,https://www.nflmockdraftdatabase.com/mock-drafts/2026/the-mcshay-report-2026-todd-mcshay,The McShay Report,Todd McShay,04/15/26,"Mock Draft 4.0: Two Rounds, Three Trades in the Top 10, and a Ty Simpson Sighting : We’re just a week from the NFL draft kicking off in Pittsburgh. Dive in to see who I have your team selecting.","Welcome back to The McShay Report! It’s Mock 4.0 day, and I’ve got a ton of changes to share from the last time we completed this exercise three weeks ago. And for the first time all draft season, I’m including trades in the mock, with three in the top 10 and five in the first round—including one for Alabama QB Ty Simpson. A quick note before we get to the picks: Premium subscribers will have access to two rounds of picks in this mock, and Steve and I are going to be releasing team-needs newsletters—as well as draft strategies and three rounds of picks—for all 32 franchises later this week. OK, let’s get to it. The Raiders (but really, the Jets) are on the clock.",https://mcshay-report.beehiiv.com/p/mock-draft-4-0-two-rounds-three-trades-in-the-top-10-and-a-ty-simpson-sighting?utm_source=nflmockdraftdatabase&utm_medium=website&utm_content=read_mock_link,https://www.nflmockdraftdatabase.com/big-boards/2026/consensus-big-board-2026,https://www.nflmockdraftdatabase.com/mock-drafts/2026/final-scores,,,False,False,False,04/22/2026 10:59am CDT,0,McShay13,False,False,32,5,
mock-drafts,2026,mocks/Show-0,/mock-drafts/2026/cbs-2026-tom-fornelli,https://www.nflmockdraftdatabase.com/mock-drafts/2026/cbs-2026-tom-fornelli,CBS,Tom Fornelli,04/15/26,"Fornelli 2026 NFL mock draft 5.0: Vikings make move into top 10 to fill need on offense : Buccaneers swing deal with Commanders, select Reuben Bain Jr. at No. 7","My final mock draft before the real thing is also the most trade-heavy mock I've had so far. Typically, when it comes to my final mock, I go with the ""last and best guess"" approach. That's what I'm doing here, except there's one problem I can't overcome. I genuinely have no idea what will happen next week. More so than normal, I mean. I've long been on the record with my opinion that this class is weak overall, and that leads to all sorts of possible outcomes. I wouldn't be surprised if most of the mocks you've been reading these last couple of months are way off. With so few ""no duh"" options out there, we could see a number of players nobody expected to go in the first round do so. We could also see teams get fast and loose with trades because they're willing to move up to grab one of the few guys they feel strongly about. Thursday night's first round could be a whirlwind. Or it could be extremely boring.",https://www.cbssports.com/nfl/draft/news/2026-nfl-mock-draft-vikings-trade-fornelli/?utm_source=nflmockdraftdatabase&utm_medium=website&utm_content=read_mock_link,https://www.nflmockdraftdatabase.com/big-boards/2026/consensus-big-board-2026,https://www.nflmockdraftdatabase.com/mock-drafts/2026/final-scores,,,False,False,False,04/22/2026 10:19am CDT,1,TomFornelli,False,False,32,5,
mock-drafts,2026,mocks/Show-0,/mock-drafts/2026/newsday-2026-tom-rock,https://www.nflmockdraftdatabase.com/mock-drafts/2026/newsday-2026-tom-rock,Newsday,Tom Rock,04/22/26,"NFL mock draft 3.0: Final first-round predictions from Newsday's Tom Rock : The draft starts Thursday night in Pittsburgh, so here is our third and final iteration of how we see the first round playing out.",The Giants certainly took a sledgehammer to the meat of most draft assessments — the mocks and the actual ones front offices have spent months compiling — when they traded Dexter Lawrence to the Bengals for the 10th overall pick this past weekend.,https://www.newsday.com/sports/football/nfl-mock-draft-2026-w144hios?utm_source=nflmockdraftdatabase&utm_medium=website&utm_content=read_mock_link,https://www.nflmockdraftdatabase.com/big-boards/2026/consensus-big-board-2026,https://www.nflmockdraftdatabase.com/mock-drafts/2026/final-scores,,,False,False,False,04/29/2026 09:13am CDT,0,TomRock_Newsday,False,False,32,1,
mock-drafts,2026,mocks/Show-0,/mock-drafts/2026/usa-today-2026-tyler-dragon?date=2026-04-07,https://www.nflmockdraftdatabase.com/mock-drafts/2026/usa-today-2026-tyler-dragon?date=2026-04-07,USA Today,Tyler Dragon,04/07/26,"2026 NFL mock draft with trades: Jets get more picks, Chargers fill need : The rebuilding New York Jets get additional draft capital thanks to a trade in the latest 2026 NFL mock draft.","It’s mock draft season as the 2026 NFL draft is fast approaching. Pittsburgh is the host city of the 91st edition of the NFL draft. It’s the first time the Steel City’s hosted the draft since 1948. Indiana product and Heisman Trophy recipient, Fernando Mendoza, is the surefire No. 1 pick after a national championship winning season. But this year’s draft is a mystery after the Las Vegas Raiders presumably get their quarterback with the top overall selection. A total of 257 players will be selected throughout the three-day event. USA TODAY Sports’ Tyler Dragon makes some draft predictions in his 2026 first round mock draft:",https://www.usatoday.com/story/sports/nfl/2026/04/07/nfl-draft-2026-first-round-mock-includes-two-trade-predictions/89490448007/?utm_source=nflmockdraftdatabase&utm_medium=website&utm_content=read_mock_link,https://www.nflmockdraftdatabase.com/big-boards/2026/consensus-big-board-2026,https://www.nflmockdraftdatabase.com/mock-drafts/2026/final-scores,,,False,False,False,04/14/2026 10:16am CDT,0,TheTylerDragon,False,False,32,1,
mock-drafts,2026,mocks/Show-0,/mock-drafts/2026/newsweek-2026-tyler-erzberger?date=2026-04-08,https://www.nflmockdraftdatabase.com/mock-drafts/2026/newsweek-2026-tyler-erzberger?date=2026-04-08,Newsweek,Tyler Erzberger,04/08/26,"2026 NFL Mock Draft 2.0: Ty Simpson makes massive first-round leap : Fernando Mendoza is going No. 1 overall, but what about Ty Simpson? The Alabama QB is rising up the rankings before the NFL Draft.","Months have been narrowed down to weeks, and soon it will be only a few days before the 2026 NFL Draft in Pittsburgh. Although the first selection of this year's NFL Draft doesn't appear to be much of a surprise, things could get chaotic once Las Vegas makes its pick and the New York Jets get put on the clock. Here is my Mock Draft 2.0, as I see some big movers while some others fall following pro days and private showcase sessions with several franchises.",https://www.newsweek.com/sports/nfl/2026-nfl-mock-draft-2-0-ty-simpson-makes-massive-first-round-leap-11797111?utm_source=nflmockdraftdatabase&utm_medium=website&utm_content=read_mock_link,https://www.nflmockdraftdatabase.com/big-boards/2026/consensus-big-board-2026,https://www.nflmockdraftdatabase.com/mock-drafts/2026/final-scores,,,False,False,False,04/15/2026 09:04pm CDT,0,TheNFLWire,False,False,32,2,
mock-drafts,2026,mocks/Show-0,/mock-drafts/2026/a-to-z-sports-2026-tyler-forness,https://www.nflmockdraftdatabase.com/mock-drafts/2026/a-to-z-sports-2026-tyler-forness,A To Z Sports,Tyler Forness,04/22/26,"2026 NFL Mock Draft: Final predictions include Carnell Tate outside the top 10, Chiefs capitalizing on fall at No. 29 : The NFL Draft is finally here, and Tyler Forness gives his final predictions ahead of the three-day event.","NFL mock drafts are all about exploring different situations. Because of that, it’s important to understand where the author is coming from. There are four kinds of mock drafts: Predicting what will happen Exploring a specific situation Talking about what teams should do What would you do as an analyst This mock draft is from a straight predictive perspective. Here is how I see what the first round of the NFL Draft will look like.",https://atozsports.com/nfl-draft/2026-nfl-mock-draft-final-predictions-carnell-tate-outside-top-10-arvell-reese-sonny-styles-jeremiyah-love/?utm_source=nflmockdraftdatabase&utm_medium=website&utm_content=read_mock_link,https://www.nflmockdraftdatabase.com/big-boards/2026/consensus-big-board-2026,https://www.nflmockdraftdatabase.com/mock-drafts/2026/final-scores,,,False,False,False,04/29/2026 09:04am CDT,0,TheRealForno,False,False,32,4,
mock-drafts,2026,mocks/Show-0,/mock-drafts/2026/ftn-fantasy-2026-tyler-orginski?date=2026-03-23,https://www.nflmockdraftdatabase.com/mock-drafts/2026/ftn-fantasy-2026-tyler-orginski?date=2026-03-23,FTN Fantasy,Tyler Orginski,03/23/26,Tyler Orginski's 2026 NFL Mock Draft : We're about a month out from the 2026 NFL Draft. Here's how Tyler Orginski sees the first round shaking out.,"Free agency is over (well, the majority of it). The roster moves have been made, the contracts are signed, and every team has a clearer picture of what they still need. For most of them, the 2026 NFL Draft is the only way left to fill the gaps. One month out, the board is starting to solidify at the top. After pick five, things get chaotic fast. Here is how I see the first round playing out.",https://ftnfantasy.com/nfl/tyler-orginskis-2026-nfl-mock-draft?utm_source=nflmockdraftdatabase&utm_medium=website&utm_content=read_mock_link,https://www.nflmockdraftdatabase.com/big-boards/2026/consensus-big-board-2026,https://www.nflmockdraftdatabase.com/mock-drafts/2026/final-scores,,,False,False,False,03/30/2026 09:15am CDT,0,FFTylerO,False,False,32,1,32.0
mock-drafts,2026,mocks/Show-0,/mock-drafts/2026/cbs-2026-tyler-sullivan?date=2026-04-08,https://www.nflmockdraftdatabase.com/mock-drafts/2026/cbs-2026-tyler-sullivan?date=2026-04-08,CBS,Tyler Sullivan,04/08/26,Reverse-order NFL mock draft: Seahawks hold No. 1 pick as best teams pick first : The Super Bowl champion Seahawks are on the clock -- and make history with the No. 1 overall pick,"Alright, you want to get nuts? Let's get nuts. By now, you've likely read a thousand mock drafts as you ponder how the 2026 NFL Draft will unfold. Some picks will be right, but the vast majority will be wrong. So instead of giving you another best guess on how the first round will go, we're going to turn the draft upside down. Literally. With the draft a couple of weeks away, let's momentarily escape the mock madness and liven things up with something totally different. In this thought experiment, we'll roll through a mock draft with the entire order flipped in reverse. In this scenario, it's the Super Bowl champion Seattle Seahawks who hold the No. 1 overall pick, while the Las Vegas Raiders are saddled with No. 32. Before we dive in, here's one rule: no trades. In the real world, Seattle would likely auction off this pick and have a QB-needy team pay up to land Fernando Mendoza. Here, we'll see how far the Heisman Trophy winner falls.",https://www.cbssports.com/nfl/draft/news/2026-nfl-mock-draft-reverse-order/?utm_source=nflmockdraftdatabase&utm_medium=website&utm_content=read_mock_link,https://www.nflmockdraftdatabase.com/big-boards/2026/consensus-big-board-2026,https://www.nflmockdraftdatabase.com/mock-drafts/2026/final-scores,,,False,False,False,04/15/2026 09:03pm CDT,0,TylerSully,False,False,32,1,
mock-drafts,2026,mocks/Show-0,/mock-drafts/2026/the-athletic-2026-vic-tafur?date=2026-03-25,https://www.nflmockdraftdatabase.com/mock-drafts/2026/the-athletic-2026-vic-tafur?date=2026-03-25,The Athletic,Vic Tafur,03/25/26,"NFL mock draft: What betting odds say about which prospects will land where : While Fernando Mendoza is the favorite to be picked No. 1 overall, the rest of the draft's first round could feature a few twists and turns.","The current odds of Fernando Mendoza being the No. 1 overall draft pick next month are -10000 at BetMGM. That means one would have to bet $100 to make $1 and cash in on this sure thing. It’s amazing when you consider what the odds would have been four years ago when Cal was the only FBS school to offer the quarterback a scholarship out of high school. Mendoza is a great story — just not the story of this draft. That would be the second-best player, Notre Dame running back Jeremiyah Love. Teams like the New Orleans Saints and Kansas City Chiefs gave up on Love still being there at Nos. 8 and 9 and signed running backs, and the question is who will jump the Tennessee Titans at No. 4. The New York Giants or the Los Angeles Rams? Nah, someone crazier. Dallas Cowboys owner Jerry Jones needs defensive players and has already dealt away too many draft picks but fell in love with a player who can break off long runs, as well as do everything else, and take pressure off Dak Prescott, as well as that defense. The trade price tag of two first-round picks — Nos. 12 and 20 — to get to No. 3 is steep, but Jones is not one for sticker shock. We also heard too many times at the NFL combine that a team promised Ty Simpson a first-round pick if he walked away from all that NIL money, so here’s how the rest of the first round might play out.",https://www.nytimes.com/athletic/7128901/2026/03/25/nfl-mock-draft-betting-odds-2026/?utm_source=nflmockdraftdatabase&utm_medium=website&utm_content=read_mock_link,https://www.nflmockdraftdatabase.com/big-boards/2026/consensus-big-board-2026,https://www.nflmockdraftdatabase.com/mock-drafts/2026/final-scores,,,False,False,False,04/01/2026 08:19am CDT,0,VicTafur,False,False,32,1,20.0
mock-drafts,2026,mocks/Show-0,/mock-drafts/2026/ny-post-2026-vincent-bonsignore,https://www.nflmockdraftdatabase.com/mock-drafts/2026/ny-post-2026-vincent-bonsignore,NY Post,Vincent Bonsignore,04/16/26,"2026 NFL Mock Draft: Rams take wide receiver with first pick : Here is a look at The California Post's latest mock NFL draft, spotlighting the first three rounds. ","With the NFL draft evaluation process coming to a close, here is our latest look at how the first two days play out in Pittsburgh:",https://nypost.com/2026/04/16/sports/2026-nfl-mock-draft-rams-take-wr-with-first-pick-chargers-grab-ol/?utm_source=nflmockdraftdatabase&utm_medium=website&utm_content=read_mock_link,https://www.nflmockdraftdatabase.com/big-boards/2026/consensus-big-board-2026,https://www.nflmockdraftdatabase.com/mock-drafts/2026/final-scores,,,False,False,False,04/23/2026 08:12am CDT,0,VinnyBonsignore,False,False,32,2,
mock-drafts,2026,mocks/Show-0,/mock-drafts/2026/bears-wire-2026-vincent-parise?date=2026-04-02,https://www.nflmockdraftdatabase.com/mock-drafts/2026/bears-wire-2026-vincent-parise?date=2026-04-02,Bears Wire,Vincent Parise,04/02/26,"2026 NFL mock draft: Commanders, Jets land steals on defense : We've officially reached April, which means the 2026 NFL Draft is just around the corner. Here are our latest first-round mock draft projections.","The NFL is in that stage where free agency is mostly in the rear view mirror, there haven’t been any big trades in a few weeks, and everyone is gearing up for the 2026 NFL Draft. For every team, that’s an opportunity to better their rosters heading into the next month. The NFL draft has one quarterback that most expect to be selected first overall, but he is not seen as a “can’t miss” player, like some that have come before him. Outside of that, this draft can go any way. Some NFL teams have multiple first-round picks, some teams have zero. Every team will be impacted by moves made in the first round, however, this makes it one of the most important events on the NFL calendar. With less than a month remaining until draft night, here's our updated first-round mock draft:",https://bearswire.usatoday.com/story/sports/nfl/bears/2026/04/02/nfl-mock-draft-2026-commanders-jets-steals-defense/89412249007/?utm_source=nflmockdraftdatabase&utm_medium=website&utm_content=read_mock_link,https://www.nflmockdraftdatabase.com/big-boards/2026/consensus-big-board-2026,https://www.nflmockdraftdatabase.com/mock-drafts/2026/final-scores,,,False,False,False,04/09/2026 02:26pm CDT,0,TheBearsWire,False,False,32,5,
mock-drafts,2026,mocks/Show-0,/mock-drafts/2026/sporting-news-2026-vinnie-iyer,https://www.nflmockdraftdatabase.com/mock-drafts/2026/sporting-news-2026-vinnie-iyer,Sporting News,Vinnie Iyer,04/21/26,NFL Mock Draft 2026 with player comparisons: Projecting the best NFL comps for first-round picks | Sporting News : Here's looking at the latest first-round projections for the 2026 NFL Draft through the lens of scouting in relation to past and present NFL players.,"NFL comparisons come with any pre-draft evaluation of prospects. The 2026 class is no exception, regardless of position. Likening players entering the league to players already in the league gives a better understanding of what kind of talent a team will get — great, good, bad or somewhere in between. From floor to ceiling, here's looking at Sporting News' first-round projections based on NFL veterans past and present:",https://www.sportingnews.com/us/nfl/news/nfl-mock-draft-2026-player-comparisons-first-round/1acbcd07bd56e0b111e9d01b?utm_source=nflmockdraftdatabase&utm_medium=website&utm_content=read_mock_link,https://www.nflmockdraftdatabase.com/big-boards/2026/consensus-big-board-2026,https://www.nflmockdraftdatabase.com/mock-drafts/2026/final-scores,,,False,False,False,04/28/2026 08:45am CDT,0,vinnieiyer,False,False,32,14,
mock-drafts,2026,mocks/Show-0,/mock-drafts/2026/flurry-sports-2026-zach-brunner,https://www.nflmockdraftdatabase.com/mock-drafts/2026/flurry-sports-2026-zach-brunner,Flurry Sports,Zach Brunner,04/21/26,"Zach Brunner&#8217;s 2026 NFL Mock Draft 2.0: Trades Aplenty : The final 2026 NFL Mock Draft from FlurrySports' Zach Brunner, projecting all 32 first-round draft picks. We have some trades!","It’s finally draft week, which means it’s time to release my final mock draft of the season! I am really excited about this draft due to the talent in the trenches and the depth of mid-tier wide receivers. Teams across the league will get a lot better from this draft, but for most, this is not an exciting draft class. We lack the huge stories, big personalities and top-end talent at skill positions. Someone asked me what the “story” of this draft will be. What is there to get excited about? My answer a few weeks ago was that there will be trades. Since there are so many good offensive linemen and defensive linemen, teams will be willing to move into the first round to get a fifth-year option for their rookie. But teams will be trading veteran players instead of draft picks. Since that conversation, we have seen Dexter Lawrence traded. We still have the possible trades of AJ Brown, Brandon Aiyuk, Brian Thomas Jr. and other players who could be replaced in this draft. There is a decent chance we see another one of these players traded before the end of the weekend, and that will be a bigger story than any of the incoming rookies, sadly. With that being said, let’s get into my final 2026 NFL mock draft! Unlike the first one, we will be projecting some trades. Let’s go!",https://flurrysports.org/zach-brunners-2026-nfl-mock-draft-2-trades/?utm_source=nflmockdraftdatabase&utm_medium=website&utm_content=read_mock_link,https://www.nflmockdraftdatabase.com/big-boards/2026/consensus-big-board-2026,https://www.nflmockdraftdatabase.com/mock-drafts/2026/final-scores,,,False,False,False,04/28/2026 12:29pm CDT,0,FantasyFlurry,False,False,32,1,
mock-drafts,2026,mocks/Show-0,/mock-drafts/2026/cbs-2026-zachary-pereles,https://www.nflmockdraftdatabase.com/mock-drafts/2026/cbs-2026-zachary-pereles,CBS,Zachary Pereles,04/12/26,"2026 NFL mock draft: Jeremiyah Love goes top five, Cowboys trade up, Drake Maye gets a new weapon : Here's how the first 32 picks -- including three trades -- could unfurl.","One of the joys -- and frustrations -- of mock drafting is that it's impossible to know everything. We can try our best to gather information, evaluate every player and every need and every front office tendency ... and we still won't get it right. One of the biggest reasons we'll be wrong is trades. They happen every year. Last year had the Jaguars trading up from No. 5 to No. 2 for Travis Hunter Jr. and the Giants and Falcons trading back into the first round to take Jaxson Dart and James Pearce Jr., respectively. The year before, the Vikings moved up from No. 11 to No. 10 to take J.J. McCarthy and moved up from No. 23 to No. 17 to take Dallas Turner, the Lions moved up to take Terrion Arnold, the Chiefs moved up to take Xavier Worthy, and the Panthers moved up to take Xavier Legette. Phew! With the history of trades in mind, I tried to be extra cognizant of the potential for reshuffling in this mock draft, and wherever I made a mock trade, I made sure to note both the reason for the move and the return, using a draft pick value chart. Let's begin.",https://www.cbssports.com/nfl/draft/news/2026-nfl-mock-draft-jeremiyah-love-top-five-cowboys/?utm_source=nflmockdraftdatabase&utm_medium=website&utm_content=read_mock_link,https://www.nflmockdraftdatabase.com/big-boards/2026/consensus-big-board-2026,https://www.nflmockdraftdatabase.com/mock-drafts/2026/final-scores,,,False,False,False,04/19/2026 09:30pm CDT,0,ZacharyPereles,False,False,32,1,
mock-drafts,2026,mocks/Show-0,/mock-drafts/2026/the-regional-2026-zack-hodges?date=2026-03-29,https://www.nflmockdraftdatabase.com/mock-drafts/2026/the-regional-2026-zack-hodges?date=2026-03-29,The Regional,Zack Hodges,03/29/26,The Greatest 2026 NFL Mock Draft :   The 2026 NFL Draft has changed dramatically over the last year. We started this year with almost 5 Quarterbacks being assessed as first-round talents. We ended this College Football season with only 1. The rise and fall of these prospects is what makes the NFL Draft so exciting. The offensive line and defensive back overran...,"The 2026 NFL Draft has changed dramatically over the last year. We started this year with almost 5 Quarterbacks being assessed as first-round talents. We ended this College Football season with only 1. The rise and fall of these prospects is what makes the NFL Draft so exciting. The offensive line and defensive back overran last year’s draft, and like every draft before, we will have no idea what’s gonna happen until it’s over. For me, the draft is probably one of the more exciting parts of the season. I love College Football, and probably watch more CFB than I do NFL. Being able to see the college players that I loved watching go to the NFL is pretty awesome, and for them, it’s a dream come true. The first round is usually the best of the best. College players who stood out above the rest and cemented themselves as one of the best at their positions. So with all of that being said, here are my choices for the first 12 picks of the NFL Draft.",https://theregional.org/18839/sports/the-greatest-2026-nfl-mock-draft/?utm_source=nflmockdraftdatabase&utm_medium=website&utm_content=read_mock_link,https://www.nflmockdraftdatabase.com/big-boards/2026/consensus-big-board-2026,https://www.nflmockdraftdatabase.com/mock-drafts/2026/final-scores,,,False,False,False,04/05/2026 07:48pm CDT,0,TheRegionalNRHS,False,False,12,1,
mock-drafts,2026,mocks/Show-0,/mock-drafts/2026/247-sports-2026-zack-pearson?date=2026-03-16,https://www.nflmockdraftdatabase.com/mock-drafts/2026/247-sports-2026-zack-pearson?date=2026-03-16,247 Sports,Zack Pearson,03/16/26,Pearson's 2026 NFL Mock Draft: Free Agency (Vol. 1) : Zack Pearson has his first 2026 NFL Mock Draft as the new league year is officially here. ,"The first wave of the NFL free agency period is in the books as the legal tampering period, and then the official opening of the new league year has come and gone. Now the focus for teams shifts to the next wave as well as the 2026 NFL Draft as pro days are underway. We are still just over a month away from the 2026 NFL Draft in Pittsburgh and outside of the top pick, there are a lot of questions for this draft. We know the Las Vegas Raiders are taking quarterback Fernando Mendoza at No. 1 overall but after that, the biggest question is who is next and which edge rusher goes first? Does Notre Dame running back Jeremiyah Love go in the top five? What do the Giants do at No. 5? Does a second quarterback go in this draft? There are so many questions left as we head into April's draft, and putting together a mock wasn't the easiest thing to do because of those questions. But as we sit here in mid-March, I decided to give it a go. My first mock of the year may have some surprises, but I tried to fill the needs of each team the best I could. Of course, almost all mocks never really come close to perfection and there are a lot of things that will happen between now and draft day. Mine will also change with the upcoming versions ahead of the draft. Make sure to check back with the Bear Report for complete coverage of the 2026 NFL Draft.",https://247sports.com/nfl/chicago-bears/contentgallery/pearsons-2026-nfl-mock-draft-free-agency-vol-1-273208330/?utm_source=nflmockdraftdatabase&utm_medium=website&utm_content=read_mock_link,https://www.nflmockdraftdatabase.com/big-boards/2026/consensus-big-board-2026,https://www.nflmockdraftdatabase.com/mock-drafts/2026/final-scores,,,False,False,False,03/23/2026 11:57am CDT,0,Zack_Pearson,False,False,32,1,90.0
