team_slug,team_name,player_name,player_position,weighted_mock_score,raw_mock_count,unique_mocks,unique_authors,avg_pick,median_pick,min_pick,max_pick,avg_author_weight,team_specific_weight_uses,weighted_team_total,raw_team_total,weighted_share_of_team_picks
arizona-cardinals,Arizona Cardinals,David Bailey,EDGE,29.05955934612651,74,68,68,3.108108108108108,3.0,3,7,0.3926967479206285,40,127.84433191186923,311,0.22730424502635757
arizona-cardinals,Arizona Cardinals,Francis Mauigoa,OT,27.026693911395405,67,66,64,4.044776119402985,3.0,3,12,0.4033834912148568,42,127.84433191186923,311,0.21140314558510523
arizona-cardinals,Arizona Cardinals,Arvell Reese,LB,22.204832977967307,52,50,49,3.0,3.0,3,3,0.4270160188070636,43,127.84433191186923,311,0.17368648766747383
arizona-cardinals,Arizona Cardinals,Ty Simpson,QB,20.676190476190477,49,47,47,26.244897959183675,28.0,3,32,0.4219630709426628,35,127.84433191186923,311,0.1617294264593898
arizona-cardinals,Arizona Cardinals,Jeremiyah Love,RB,5.757936507936508,12,11,11,3.25,3.0,3,6,0.4798280423280423,10,127.84433191186923,311,0.04503865303864859
arizona-cardinals,Arizona Cardinals,Spencer Fano,OT,5.0,12,12,12,9.0,9.0,3,20,0.4166666666666667,8,127.84433191186923,311,0.03911006397567004
arizona-cardinals,Arizona Cardinals,Sonny Styles,LB,4.402452025586354,10,10,9,3.0,3.0,3,3,0.44024520255863536,6,127.84433191186923,311,0.03443603607410008
arizona-cardinals,Arizona Cardinals,Rueben Bain,EDGE,3.6968253968253966,10,10,10,3.9,3.0,3,12,0.36968253968253967,8,127.84433191186923,311,0.028916615555344607
arizona-cardinals,Arizona Cardinals,Monroe Freeling,OT,2.3333333333333335,7,7,7,11.0,12.0,8,12,0.33333333333333337,4,127.84433191186923,311,0.01825136318864602
arizona-cardinals,Arizona Cardinals,Kadyn Proctor,OT,1.6666666666666667,4,4,4,18.25,16.0,12,29,0.4166666666666667,2,127.84433191186923,311,0.013036687991890013
arizona-cardinals,Arizona Cardinals,Carnell Tate,WR,1.0,2,2,2,3.0,3.0,3,3,0.5,2,127.84433191186923,311,0.007822012795134007
arizona-cardinals,Arizona Cardinals,Keldric Faulk,EDGE,0.9166666666666666,3,3,3,20.0,20.0,20,20,0.3055555555555555,3,127.84433191186923,311,0.007170178395539506
arizona-cardinals,Arizona Cardinals,Max Iheanachor,OT,0.7142857142857143,1,1,1,26.0,26.0,26,26,0.7142857142857143,1,127.84433191186923,311,0.005587151996524291
arizona-cardinals,Arizona Cardinals,Drew Allar,QB,0.6666666666666667,1,1,1,28.0,28.0,28,28,0.6666666666666667,1,127.84433191186923,311,0.005214675196756005
arizona-cardinals,Arizona Cardinals,Colton Hood,CB,0.5333333333333333,1,1,1,20.0,20.0,20,20,0.5333333333333333,1,127.84433191186923,311,0.004171740157404804
arizona-cardinals,Arizona Cardinals,Caleb Lomu,OT,0.4666666666666666,1,1,1,20.0,20.0,20,20,0.4666666666666666,1,127.84433191186923,311,0.0036502726377292028
arizona-cardinals,Arizona Cardinals,Olaivavega Ioane,IOL,0.4444444444444444,1,1,1,12.0,12.0,12,12,0.4444444444444444,1,127.84433191186923,311,0.0034764501311706697
arizona-cardinals,Arizona Cardinals,T.J. Parker,EDGE,0.3333333333333333,1,1,1,3.0,3.0,3,3,0.3333333333333333,0,127.84433191186923,311,0.002607337598378002
arizona-cardinals,Arizona Cardinals,Jermod McCoy,CB,0.3333333333333333,1,1,1,20.0,20.0,20,20,0.3333333333333333,0,127.84433191186923,311,0.002607337598378002
arizona-cardinals,Arizona Cardinals,Cashius Howell,EDGE,0.3333333333333333,1,1,1,29.0,29.0,29,29,0.3333333333333333,0,127.84433191186923,311,0.002607337598378002
arizona-cardinals,Arizona Cardinals,Zion Young,EDGE,0.2777777777777778,1,1,1,24.0,24.0,24,24,0.2777777777777778,1,127.84433191186923,311,0.0021727813319816686
atlanta-falcons,Atlanta Falcons,Blake Miller,OT,0.41666666666666663,1,1,1,32.0,32.0,32,32,0.41666666666666663,1,0.41666666666666663,1,1.0
baltimore-ravens,Baltimore Ravens,Olaivavega Ioane,IOL,34.06504778746158,109,103,101,14.119266055045872,14.0,14,19,0.31252337419689524,77,79.73342385583766,237,0.42723673636608195
baltimore-ravens,Baltimore Ravens,Kenyon Sadiq,TE,11.049206349206349,30,29,29,14.133333333333333,14.0,14,18,0.3683068783068783,22,79.73342385583766,237,0.1385768453789707
baltimore-ravens,Baltimore Ravens,Jordyn Tyson,WR,8.084920634920636,23,22,22,14.217391304347826,14.0,14,19,0.35151828847481026,18,79.73342385583766,237,0.10139939117049093
baltimore-ravens,Baltimore Ravens,Spencer Fano,OT,7.657142857142857,21,21,21,14.0,14.0,14,14,0.364625850340136,11,79.73342385583766,237,0.09603429135298874
baltimore-ravens,Baltimore Ravens,Rueben Bain,EDGE,3.0911680911680914,8,8,8,12.5,14.0,2,14,0.38639601139601143,6,79.73342385583766,237,0.038768786560038994
baltimore-ravens,Baltimore Ravens,Makai Lemon,WR,2.3333333333333335,6,6,6,14.0,14.0,14,14,0.3888888888888889,3,79.73342385583766,237,0.02926418082273911
baltimore-ravens,Baltimore Ravens,Jermod McCoy,CB,2.3095238095238093,7,7,7,14.0,14.0,14,14,0.3299319727891156,2,79.73342385583766,237,0.028965566732711157
baltimore-ravens,Baltimore Ravens,Kadyn Proctor,OT,1.5611111111111111,3,3,3,14.0,14.0,14,14,0.5203703703703704,2,79.73342385583766,237,0.019579130502832595
baltimore-ravens,Baltimore Ravens,Carnell Tate,WR,1.3967236467236468,4,4,4,12.25,14.0,7,14,0.3491809116809117,4,79.73342385583766,237,0.017517417153049875
baltimore-ravens,Baltimore Ravens,Monroe Freeling,OT,1.3148148148148147,4,4,4,14.0,14.0,14,14,0.32870370370370366,2,79.73342385583766,237,0.01649013363821013
baltimore-ravens,Baltimore Ravens,Francis Mauigoa,OT,1.0357142857142856,3,3,3,14.0,14.0,14,14,0.3452380952380952,2,79.73342385583766,237,0.012989712916215828
baltimore-ravens,Baltimore Ravens,Denzel Boston,WR,1.0,4,4,4,18.0,14.0,14,30,0.25,1,79.73342385583766,237,0.012541791781173903
baltimore-ravens,Baltimore Ravens,Peter Woods,DL,0.98005698005698,3,3,3,14.0,14.0,14,14,0.32668566001899335,2,79.73342385583766,237,0.012291670577560749
baltimore-ravens,Baltimore Ravens,Caleb Banks,DL,0.6190476190476191,1,1,1,14.0,14.0,14,14,0.6190476190476191,1,79.73342385583766,237,0.007763966340726703
baltimore-ravens,Baltimore Ravens,Jeremiyah Love,RB,0.5356125356125356,2,2,2,14.0,14.0,14,14,0.2678062678062678,2,79.73342385583766,237,0.006717540897039014
baltimore-ravens,Baltimore Ravens,Keldric Faulk,EDGE,0.5,2,2,2,14.0,14.0,14,14,0.25,2,79.73342385583766,237,0.006270895890586952
baltimore-ravens,Baltimore Ravens,Caleb Downs,S,0.33333333333333337,1,1,1,14.0,14.0,14,14,0.33333333333333337,1,79.73342385583766,237,0.004180597260391302
baltimore-ravens,Baltimore Ravens,Cashius Howell,EDGE,0.33333333333333337,1,1,1,14.0,14.0,14,14,0.33333333333333337,1,79.73342385583766,237,0.004180597260391302
baltimore-ravens,Baltimore Ravens,Kayden McDonald,DL,0.33333333333333337,1,1,1,14.0,14.0,14,14,0.33333333333333337,1,79.73342385583766,237,0.004180597260391302
baltimore-ravens,Baltimore Ravens,Mansoor Delane,CB,0.3333333333333333,1,1,1,14.0,14.0,14,14,0.3333333333333333,0,79.73342385583766,237,0.004180597260391301
baltimore-ravens,Baltimore Ravens,Omar Cooper Jr.,WR,0.3333333333333333,1,1,1,14.0,14.0,14,14,0.3333333333333333,0,79.73342385583766,237,0.004180597260391301
baltimore-ravens,Baltimore Ravens,Max Iheanachor,OT,0.3333333333333333,1,1,1,18.0,18.0,18,18,0.3333333333333333,0,79.73342385583766,237,0.004180597260391301
baltimore-ravens,Baltimore Ravens,Connor Lew,IOL,0.2,1,1,1,14.0,14.0,14,14,0.2,1,79.73342385583766,237,0.002508358356234781
buffalo-bills,Buffalo Bills,C.J. Allen,LB,6.933333333333334,21,21,21,26.19047619047619,26.0,26,30,0.33015873015873015,11,58.97338483146068,222,0.11756715937448771
buffalo-bills,Buffalo Bills,Cashius Howell,EDGE,5.309987515605493,22,20,20,26.136363636363637,26.0,26,29,0.24136306889115877,16,58.97338483146068,222,0.0900404060370766
buffalo-bills,Buffalo Bills,Kayden McDonald,DL,5.09540418227216,19,18,18,26.0,26.0,26,26,0.26817916748800846,15,58.97338483146068,222,0.08640175897710899
buffalo-bills,Buffalo Bills,Malachi Lawrence,EDGE,4.8,15,15,15,26.0,26.0,26,26,0.32,11,58.97338483146068,222,0.08139264879772226
buffalo-bills,Buffalo Bills,Keldric Faulk,EDGE,4.487765293383271,16,14,14,26.0,26.0,26,26,0.28048533083645444,8,58.97338483146068,222,0.07609814675228158
buffalo-bills,Buffalo Bills,Akheem Mesidor,EDGE,4.344444444444445,15,14,14,25.8,26.0,23,26,0.2896296296296297,10,58.97338483146068,222,0.07366788351830882
buffalo-bills,Buffalo Bills,Emmanuel McNeil-Warren,S,3.374141697877653,13,13,12,26.0,26.0,26,26,0.25954936137520407,8,58.97338483146068,222,0.0572146521268971
buffalo-bills,Buffalo Bills,Kevin Concepcion,WR,3.1516541822721598,13,13,13,26.0,26.0,26,26,0.24243493709785843,9,58.97338483146068,222,0.053441975414489674
buffalo-bills,Buffalo Bills,T.J. Parker,EDGE,3.1333333333333333,12,12,12,26.0,26.0,26,26,0.2611111111111111,9,58.97338483146068,222,0.05313131240962425
buffalo-bills,Buffalo Bills,Denzel Boston,WR,3.033333333333333,10,10,10,26.0,26.0,26,26,0.30333333333333334,6,58.97338483146068,222,0.05143563222633837
buffalo-bills,Buffalo Bills,Jordyn Tyson,WR,2.1833333333333336,7,7,7,24.571428571428573,26.0,20,26,0.31190476190476196,4,58.97338483146068,222,0.037022350668408394
buffalo-bills,Buffalo Bills,Omar Cooper Jr.,WR,2.033333333333333,8,8,8,26.0,26.0,26,26,0.25416666666666665,5,58.97338483146068,222,0.03447883039347956
buffalo-bills,Buffalo Bills,Zion Young,EDGE,1.3888888888888888,5,5,5,26.0,26.0,26,26,0.2777777777777778,3,58.97338483146068,222,0.023551113656748338
buffalo-bills,Buffalo Bills,Emmanuel Pregnon,IOL,1.3333333333333333,4,4,4,27.0,26.0,26,30,0.3333333333333333,0,58.97338483146068,222,0.022609069110478403
buffalo-bills,Buffalo Bills,Jacob Rodriguez,LB,1.3,5,5,5,26.0,26.0,26,26,0.26,4,58.97338483146068,222,0.022043842382716446
buffalo-bills,Buffalo Bills,Avieon Terrell,CB,0.9777777777777777,5,5,5,26.0,26.0,26,26,0.19555555555555554,3,58.97338483146068,222,0.01657998401435083
buffalo-bills,Buffalo Bills,Caleb Lomu,OT,0.888888888888889,3,3,3,26.0,26.0,26,26,0.29629629629629634,3,58.97338483146068,222,0.015072712740318938
buffalo-bills,Buffalo Bills,Christen Miller,DL,0.7777777777777777,3,3,3,26.0,26.0,26,26,0.25925925925925924,2,58.97338483146068,222,0.013188623647779068
buffalo-bills,Buffalo Bills,Olaivavega Ioane,IOL,0.6666666666666667,3,3,3,26.0,26.0,26,26,0.22222222222222224,2,58.97338483146068,222,0.011304534555239203
buffalo-bills,Buffalo Bills,Peter Woods,DL,0.6666666666666667,4,4,4,26.0,26.0,26,26,0.16666666666666669,3,58.97338483146068,222,0.011304534555239203
buffalo-bills,Buffalo Bills,Chase Bisontis,IOL,0.43333333333333335,4,3,3,26.0,26.0,26,26,0.10833333333333334,4,58.97338483146068,222,0.007347947460905482
buffalo-bills,Buffalo Bills,Jermod McCoy,CB,0.41666666666666663,2,2,2,26.0,26.0,26,26,0.20833333333333331,2,58.97338483146068,222,0.007065334097024501
buffalo-bills,Buffalo Bills,Caleb Banks,DL,0.3333333333333333,1,1,1,26.0,26.0,26,26,0.3333333333333333,0,58.97338483146068,222,0.005652267277619601
buffalo-bills,Buffalo Bills,Colton Hood,CB,0.3333333333333333,1,1,1,26.0,26.0,26,26,0.3333333333333333,0,58.97338483146068,222,0.005652267277619601
buffalo-bills,Buffalo Bills,Monroe Freeling,OT,0.26666666666666666,1,1,1,26.0,26.0,26,26,0.26666666666666666,1,58.97338483146068,222,0.004521813822095681
buffalo-bills,Buffalo Bills,Kadyn Proctor,OT,0.25,1,1,1,26.0,26.0,26,26,0.25,1,58.97338483146068,222,0.004239200458214701
buffalo-bills,Buffalo Bills,Dillon Thieneman,S,0.23220973782771537,2,2,2,26.0,26.0,26,26,0.11610486891385768,2,58.97338483146068,222,0.0039375345080046665
buffalo-bills,Buffalo Bills,Lee Hunter,DL,0.2222222222222222,1,1,1,26.0,26.0,26,26,0.2222222222222222,1,58.97338483146068,222,0.003768178185079734
buffalo-bills,Buffalo Bills,R Mason Thomas,EDGE,0.2222222222222222,1,1,1,26.0,26.0,26,26,0.2222222222222222,1,58.97338483146068,222,0.003768178185079734
buffalo-bills,Buffalo Bills,Blake Miller,OT,0.16666666666666669,1,1,1,26.0,26.0,26,26,0.16666666666666669,1,58.97338483146068,222,0.002826133638809801
buffalo-bills,Buffalo Bills,Chris Bell,WR,0.13333333333333333,1,1,1,30.0,30.0,30,30,0.13333333333333333,1,58.97338483146068,222,0.0022609069110478405
buffalo-bills,Buffalo Bills,Rueben Bain,EDGE,0.08333333333333334,1,1,1,7.0,7.0,7,7,0.08333333333333334,1,58.97338483146068,222,0.0014130668194049004
buffalo-bills,Buffalo Bills,Chris Johnson,CB,0.0,1,1,1,26.0,26.0,26,26,0.0,1,58.97338483146068,222,0.0
buffalo-bills,Buffalo Bills,Gabe Jacas,EDGE,0.0,1,1,1,26.0,26.0,26,26,0.0,1,58.97338483146068,222,0.0
carolina-panthers,Carolina Panthers,Kenyon Sadiq,TE,29.95525435073628,72,69,66,18.930555555555557,19.0,14,19,0.41604519931578166,43,102.22169511378848,233,0.29304204276197404
carolina-panthers,Carolina Panthers,Emmanuel McNeil-Warren,S,7.411111111111111,17,17,17,19.0,19.0,19,19,0.43594771241830066,10,102.22169511378848,233,0.07250037384785493
carolina-panthers,Carolina Panthers,Kevin Concepcion,WR,6.327083333333333,14,14,14,19.571428571428573,19.0,19,23,0.4519345238095238,11,102.22169511378848,233,0.061895699599682
carolina-panthers,Carolina Panthers,Monroe Freeling,OT,6.272222222222222,11,11,11,19.0,19.0,19,19,0.5702020202020202,8,102.22169511378848,233,0.06135901204964634
carolina-panthers,Carolina Panthers,Dillon Thieneman,S,5.572222222222222,14,14,14,18.642857142857142,19.0,14,19,0.398015873015873,7,102.22169511378848,233,0.05451115065172301
carolina-panthers,Carolina Panthers,Jordyn Tyson,WR,5.09375,11,11,11,18.363636363636363,19.0,15,19,0.4630681818181818,9,102.22169511378848,233,0.049830419993817085
carolina-panthers,Carolina Panthers,Kadyn Proctor,OT,4.946452476572959,12,11,11,19.0,19.0,19,19,0.41220437304774654,6,102.22169511378848,233,0.04838945852998031
carolina-panthers,Carolina Panthers,Omar Cooper Jr.,WR,4.3,10,10,10,19.0,19.0,19,19,0.43,9,102.22169511378848,233,0.04206543430152902
carolina-panthers,Carolina Panthers,Makai Lemon,WR,4.1,7,7,7,19.0,19.0,19,19,0.5857142857142856,4,102.22169511378848,233,0.04010890247355093
carolina-panthers,Carolina Panthers,Spencer Fano,OT,3.645138888888889,8,8,8,19.0,19.0,19,19,0.4556423611111111,5,102.22169511378848,233,0.035659151267559086
carolina-panthers,Carolina Panthers,Avieon Terrell,CB,3.390896921017403,9,9,9,19.77777777777778,19.0,19,26,0.3767663245574892,4,102.22169511378848,233,0.03317198875681735
carolina-panthers,Carolina Panthers,Jermod McCoy,CB,3.0444444444444443,7,7,7,19.0,19.0,19,19,0.4349206349206349,5,102.22169511378848,233,0.029782762270333208
carolina-panthers,Carolina Panthers,Peter Woods,DL,2.8333333333333335,7,7,7,19.0,19.0,19,19,0.40476190476190477,4,102.22169511378848,233,0.02771753422968967
carolina-panthers,Carolina Panthers,Keldric Faulk,EDGE,2.416666666666667,6,5,5,20.0,19.0,19,25,0.40277777777777785,5,102.22169511378848,233,0.023641426254735306
carolina-panthers,Carolina Panthers,Denzel Boston,WR,2.2222222222222223,4,4,4,20.0,19.0,19,23,0.5555555555555556,3,102.22169511378848,233,0.021739242533089936
carolina-panthers,Carolina Panthers,Caleb Lomu,OT,1.888888888888889,4,4,4,20.0,19.0,19,23,0.47222222222222227,4,102.22169511378848,233,0.018478356153126447
carolina-panthers,Carolina Panthers,Kayden McDonald,DL,1.3333333333333335,2,2,2,19.0,19.0,19,19,0.6666666666666667,2,102.22169511378848,233,0.013043545519853962
carolina-panthers,Carolina Panthers,Blake Miller,OT,1.3333333333333333,4,4,4,19.0,19.0,19,19,0.3333333333333333,1,102.22169511378848,233,0.01304354551985396
carolina-panthers,Carolina Panthers,Akheem Mesidor,EDGE,1.3,4,4,4,17.75,19.0,14,19,0.325,4,102.22169511378848,233,0.012717456881857613
carolina-panthers,Carolina Panthers,Caleb Downs,S,1.0,1,1,1,13.0,13.0,13,13,1.0,1,102.22169511378848,233,0.009782659139890472
carolina-panthers,Carolina Panthers,Emmanuel Pregnon,IOL,1.0,1,1,1,19.0,19.0,19,19,1.0,1,102.22169511378848,233,0.009782659139890472
carolina-panthers,Carolina Panthers,Mansoor Delane,CB,0.6666666666666667,1,1,1,19.0,19.0,19,19,0.6666666666666667,1,102.22169511378848,233,0.006521772759926981
carolina-panthers,Carolina Panthers,Caleb Banks,DL,0.5020080321285141,1,1,1,19.0,19.0,19,19,0.5020080321285141,1,102.22169511378848,233,0.004910973463800437
carolina-panthers,Carolina Panthers,Eli Stowers,TE,0.33333333333333337,1,1,1,19.0,19.0,19,19,0.33333333333333337,1,102.22169511378848,233,0.0032608863799634905
carolina-panthers,Carolina Panthers,C.J. Allen,LB,0.3333333333333333,1,1,1,19.0,19.0,19,19,0.3333333333333333,0,102.22169511378848,233,0.00326088637996349
carolina-panthers,Carolina Panthers,Lee Hunter,DL,0.3333333333333333,1,1,1,19.0,19.0,19,19,0.3333333333333333,0,102.22169511378848,233,0.00326088637996349
carolina-panthers,Carolina Panthers,Olaivavega Ioane,IOL,0.3333333333333333,1,1,1,19.0,19.0,19,19,0.3333333333333333,0,102.22169511378848,233,0.00326088637996349
carolina-panthers,Carolina Panthers,T.J. Parker,EDGE,0.3333333333333333,1,1,1,19.0,19.0,19,19,0.3333333333333333,0,102.22169511378848,233,0.00326088637996349
carolina-panthers,Carolina Panthers,Francis Mauigoa,OT,0.0,1,1,1,16.0,16.0,16,16,0.0,1,102.22169511378848,233,0.0
chicago-bears,Chicago Bears,Emmanuel McNeil-Warren,S,20.34449955908289,50,46,45,25.08,25.0,25,29,0.4068899911816578,26,104.84835758377424,231,0.19403737004490088
chicago-bears,Chicago Bears,Kayden McDonald,DL,12.792438271604938,30,28,28,25.166666666666668,25.0,25,30,0.42641460905349793,17,104.84835758377424,231,0.12200895241857966
chicago-bears,Chicago Bears,Peter Woods,DL,12.460493827160494,26,24,24,25.0,25.0,25,25,0.47924976258309593,18,104.84835758377424,231,0.11884300445244944
chicago-bears,Chicago Bears,T.J. Parker,EDGE,9.849382716049384,19,19,19,25.157894736842106,25.0,22,31,0.5183885640025991,16,104.84835758377424,231,0.09393931333811967
chicago-bears,Chicago Bears,Keldric Faulk,EDGE,8.705555555555556,19,18,18,24.473684210526315,25.0,15,25,0.458187134502924,14,104.84835758377424,231,0.0830299659067123
chicago-bears,Chicago Bears,Akheem Mesidor,EDGE,6.822222222222222,15,15,15,25.0,25.0,25,25,0.4548148148148148,11,104.84835758377424,231,0.06506751635829144
chicago-bears,Chicago Bears,Zion Young,EDGE,6.077160493827161,15,15,15,25.0,25.0,25,25,0.4051440329218107,7,104.84835758377424,231,0.05796142766443896
chicago-bears,Chicago Bears,Dillon Thieneman,S,5.691666666666666,11,11,11,24.636363636363637,25.0,19,30,0.5174242424242425,8,104.84835758377424,231,0.05428474797155504
chicago-bears,Chicago Bears,Caleb Banks,DL,3.7444444444444445,8,8,8,25.0,25.0,25,25,0.46805555555555556,6,104.84835758377424,231,0.0357129527894857
chicago-bears,Chicago Bears,Kadyn Proctor,OT,2.944444444444444,7,7,7,24.571428571428573,25.0,22,25,0.4206349206349206,5,104.84835758377424,231,0.02808288572466976
chicago-bears,Chicago Bears,Blake Miller,OT,2.7333333333333334,4,4,4,25.0,25.0,25,25,0.6833333333333333,4,104.84835758377424,231,0.02606939580478778
chicago-bears,Chicago Bears,Cashius Howell,EDGE,1.7666666666666666,4,4,4,26.0,25.0,25,29,0.44166666666666665,3,104.84835758377424,231,0.016849731434801857
chicago-bears,Chicago Bears,Malachi Lawrence,EDGE,1.2666666666666666,2,2,2,25.0,25.0,25,25,0.6333333333333333,2,104.84835758377424,231,0.012080939519291898
chicago-bears,Chicago Bears,Omar Cooper Jr.,WR,1.1666666666666667,3,3,3,25.0,25.0,25,25,0.3888888888888889,2,104.84835758377424,231,0.011127181136189906
chicago-bears,Chicago Bears,C.J. Allen,LB,1.132716049382716,2,2,2,25.0,25.0,25,25,0.566358024691358,2,104.84835758377424,231,0.010803374277729353
chicago-bears,Chicago Bears,Caleb Downs,S,0.75,1,1,1,8.0,8.0,8,8,0.75,1,104.84835758377424,231,0.00715318787326494
chicago-bears,Chicago Bears,Caleb Lomu,OT,0.7333333333333334,2,2,2,25.0,25.0,25,25,0.3666666666666667,1,104.84835758377424,231,0.006994228142747942
chicago-bears,Chicago Bears,Avieon Terrell,CB,0.6666666666666667,1,1,1,25.0,25.0,25,25,0.6666666666666667,1,104.84835758377424,231,0.006358389220679947
chicago-bears,Chicago Bears,Treydan Stukes,CB,0.6666666666666667,1,1,1,27.0,27.0,27,27,0.6666666666666667,1,104.84835758377424,231,0.006358389220679947
chicago-bears,Chicago Bears,Chris Johnson,CB,0.6,1,1,1,25.0,25.0,25,25,0.6,1,104.84835758377424,231,0.005722550298611952
chicago-bears,Chicago Bears,Anthony Hill Jr.,LB,0.5,1,1,1,25.0,25.0,25,25,0.5,1,104.84835758377424,231,0.00476879191550996
chicago-bears,Chicago Bears,Monroe Freeling,OT,0.5,1,1,1,25.0,25.0,25,25,0.5,1,104.84835758377424,231,0.00476879191550996
chicago-bears,Chicago Bears,Connor Lew,IOL,0.4666666666666666,1,1,1,25.0,25.0,25,25,0.4666666666666666,1,104.84835758377424,231,0.004450872454475962
chicago-bears,Chicago Bears,Denzel Boston,WR,0.4666666666666666,1,1,1,25.0,25.0,25,25,0.4666666666666666,1,104.84835758377424,231,0.004450872454475962
chicago-bears,Chicago Bears,Jordyn Tyson,WR,0.33333333333333337,1,1,1,18.0,18.0,18,18,0.33333333333333337,1,104.84835758377424,231,0.0031791946103399736
chicago-bears,Chicago Bears,Christen Miller,DL,0.33333333333333337,1,1,1,30.0,30.0,30,30,0.33333333333333337,1,104.84835758377424,231,0.0031791946103399736
chicago-bears,Chicago Bears,A.J. Haulcy,S,0.3333333333333333,1,1,1,25.0,25.0,25,25,0.3333333333333333,0,104.84835758377424,231,0.003179194610339973
chicago-bears,Chicago Bears,Jermod McCoy,CB,0.3333333333333333,1,1,1,25.0,25.0,25,25,0.3333333333333333,0,104.84835758377424,231,0.003179194610339973
chicago-bears,Chicago Bears,Josiah Trotter,LB,0.3333333333333333,1,1,1,25.0,25.0,25,25,0.3333333333333333,0,104.84835758377424,231,0.003179194610339973
chicago-bears,Chicago Bears,Max Iheanachor,OT,0.3333333333333333,1,1,1,25.0,25.0,25,25,0.3333333333333333,0,104.84835758377424,231,0.003179194610339973
cincinnati-bengals,Cincinnati Bengals,Caleb Downs,S,22.501187980433265,59,58,58,10.05084745762712,10.0,10,13,0.3813760674649706,39,74.43357791754018,194,0.3022988899628173
cincinnati-bengals,Cincinnati Bengals,Mansoor Delane,CB,13.083857442348009,37,35,34,10.0,10.0,10,10,0.35361776871210837,23,74.43357791754018,194,0.17577896707911464
cincinnati-bengals,Cincinnati Bengals,Rueben Bain,EDGE,8.588888888888889,23,23,23,10.0,10.0,10,10,0.3734299516908212,13,74.43357791754018,194,0.11538997760397768
cincinnati-bengals,Cincinnati Bengals,Jermod McCoy,CB,8.039412997903565,19,18,17,10.263157894736842,10.0,10,15,0.4231269998896613,17,74.43357791754018,194,0.1080078806208923
cincinnati-bengals,Cincinnati Bengals,Sonny Styles,LB,6.728301886792453,14,14,13,9.428571428571429,10.0,4,10,0.48059299191374666,8,74.43357791754018,194,0.0903933691625878
cincinnati-bengals,Cincinnati Bengals,Dillon Thieneman,S,2.8444444444444446,5,5,5,13.2,10.0,10,23,0.5688888888888889,5,74.43357791754018,194,0.038214533333270746
cincinnati-bengals,Cincinnati Bengals,Francis Mauigoa,OT,2.09748427672956,7,7,7,10.0,10.0,10,10,0.2996406109613657,4,74.43357791754018,194,0.028179275206321776
cincinnati-bengals,Cincinnati Bengals,Peter Woods,DL,1.9333333333333333,5,4,4,10.4,10.0,10,12,0.38666666666666666,5,74.43357791754018,194,0.02597394062495746
cincinnati-bengals,Cincinnati Bengals,Spencer Fano,OT,1.4222222222222223,5,5,5,10.0,10.0,10,10,0.28444444444444444,4,74.43357791754018,194,0.019107266666635373
cincinnati-bengals,Cincinnati Bengals,Jeremiyah Love,RB,1.3333333333333333,5,5,5,10.0,10.0,10,10,0.26666666666666666,2,74.43357791754018,194,0.017913062499970663
cincinnati-bengals,Cincinnati Bengals,Olaivavega Ioane,IOL,1.1833333333333333,3,3,3,10.0,10.0,10,10,0.39444444444444443,2,74.43357791754018,194,0.015897842968723964
cincinnati-bengals,Cincinnati Bengals,Monroe Freeling,OT,1.1333333333333333,3,3,3,10.0,10.0,10,10,0.37777777777777777,2,74.43357791754018,194,0.015226103124975063
cincinnati-bengals,Cincinnati Bengals,Carnell Tate,WR,0.9333333333333333,2,2,2,10.0,10.0,10,10,0.4666666666666667,2,74.43357791754018,194,0.012539143749979463
cincinnati-bengals,Cincinnati Bengals,David Bailey,EDGE,0.7777777777777777,2,2,2,10.0,10.0,10,10,0.38888888888888884,1,74.43357791754018,194,0.010449286458316219
cincinnati-bengals,Cincinnati Bengals,Caleb Lomu,OT,0.6666666666666667,2,2,2,10.0,10.0,10,10,0.33333333333333337,1,74.43357791754018,194,0.008956531249985333
cincinnati-bengals,Cincinnati Bengals,C.J. Allen,LB,0.6666666666666667,1,1,1,32.0,32.0,32,32,0.6666666666666667,1,74.43357791754018,194,0.008956531249985333
cincinnati-bengals,Cincinnati Bengals,Keldric Faulk,EDGE,0.3333333333333333,1,1,1,10.0,10.0,10,10,0.3333333333333333,0,74.43357791754018,194,0.004478265624992666
cincinnati-bengals,Cincinnati Bengals,Kenyon Sadiq,TE,0.16666666666666669,1,1,1,10.0,10.0,10,10,0.16666666666666669,1,74.43357791754018,194,0.0022391328124963332
cleveland-browns,Cleveland Browns,Carnell Tate,WR,29.5914234220609,84,81,81,6.119047619047619,6.0,6,10,0.35227885026262973,44,163.91130247677654,493,0.18053314795819833
cleveland-browns,Cleveland Browns,Monroe Freeling,OT,21.041517323775388,65,64,58,9.63076923076923,6.0,6,24,0.32371565113500594,42,163.91130247677654,493,0.12837136308374228
cleveland-browns,Cleveland Browns,Francis Mauigoa,OT,12.666997354497354,40,40,40,6.3,6.0,3,12,0.31667493386243384,23,163.91130247677654,493,0.07727958452585693
cleveland-browns,Cleveland Browns,Kevin Concepcion,WR,11.969080687830688,38,37,36,23.68421052631579,24.0,20,24,0.3149758075744918,22,163.91130247677654,493,0.07302169226265837
cleveland-browns,Cleveland Browns,Spencer Fano,OT,11.738575268817204,36,36,36,8.63888888888889,6.0,6,24,0.32607153524492233,24,163.91130247677654,493,0.07161541084380292
cleveland-browns,Cleveland Browns,Denzel Boston,WR,11.210797491039427,34,33,30,23.794117647058822,24.0,20,29,0.32972933797174786,21,163.91130247677654,493,0.0683955122169065
cleveland-browns,Cleveland Browns,Omar Cooper Jr.,WR,10.863855286738351,31,30,30,24.0,24.0,20,28,0.3504469447334952,16,163.91130247677654,493,0.06627886620739638
cleveland-browns,Cleveland Browns,Caleb Lomu,OT,8.88888888888889,29,27,27,22.482758620689655,24.0,6,24,0.30651340996168586,17,163.91130247677654,493,0.0542298716108872
cleveland-browns,Cleveland Browns,Kadyn Proctor,OT,7.954861111111112,23,22,22,15.91304347826087,16.0,6,24,0.3458635265700483,13,163.91130247677654,493,0.048531498383024445
cleveland-browns,Cleveland Browns,Blake Miller,OT,5.306030701754386,14,14,14,23.214285714285715,24.0,6,31,0.37900219298245613,6,163.91130247677654,493,0.03237135341845118
cleveland-browns,Cleveland Browns,Jordyn Tyson,WR,4.871527777777779,13,12,12,21.076923076923077,24.0,6,24,0.37473290598290604,10,163.91130247677654,493,0.02972051166799795
cleveland-browns,Cleveland Browns,Makai Lemon,WR,3.587813620071685,11,10,10,19.363636363636363,24.0,6,24,0.32616487455197135,8,163.91130247677654,493,0.02188875059778149
cleveland-browns,Cleveland Browns,Max Iheanachor,OT,3.0031250000000003,9,9,9,24.0,24.0,24,24,0.3336805555555556,6,163.91130247677654,493,0.018321646857912634
cleveland-browns,Cleveland Browns,Jermod McCoy,CB,2.3333333333333335,7,7,7,24.0,24.0,24,24,0.33333333333333337,4,163.91130247677654,493,0.014235341297857891
cleveland-browns,Cleveland Browns,Ty Simpson,QB,2.260416666666667,7,7,7,27.285714285714285,24.0,24,32,0.3229166666666667,5,163.91130247677654,493,0.013790486882299833
cleveland-browns,Cleveland Browns,T.J. Parker,EDGE,1.7766203703703705,5,5,5,24.0,24.0,24,24,0.35532407407407407,3,163.91130247677654,493,0.010838913140978106
cleveland-browns,Cleveland Browns,Rueben Bain,EDGE,1.7204301075268817,5,5,5,6.0,6.0,6,6,0.34408602150537637,2,163.91130247677654,493,0.010496104182752361
cleveland-browns,Cleveland Browns,David Bailey,EDGE,1.407258064516129,4,4,4,6.0,6.0,6,6,0.35181451612903225,1,163.91130247677654,493,0.00858548521823572
cleveland-browns,Cleveland Browns,Sonny Styles,LB,1.3333333333333335,4,4,4,6.0,6.0,6,6,0.33333333333333337,2,163.91130247677654,493,0.00813448074163308
cleveland-browns,Cleveland Browns,Caleb Downs,S,1.3020833333333335,5,4,4,6.0,6.0,6,6,0.2604166666666667,3,163.91130247677654,493,0.007943828849251055
cleveland-browns,Cleveland Browns,Avieon Terrell,CB,1.25,4,3,3,24.0,24.0,24,24,0.3125,1,163.91130247677654,493,0.007626075695281013
cleveland-browns,Cleveland Browns,Colton Hood,CB,1.1666666666666667,4,4,4,24.0,24.0,24,24,0.2916666666666667,3,163.91130247677654,493,0.007117670648928946
cleveland-browns,Cleveland Browns,Emmanuel McNeil-Warren,S,1.1666666666666667,4,4,4,24.0,24.0,24,24,0.2916666666666667,2,163.91130247677654,493,0.007117670648928946
cleveland-browns,Cleveland Browns,Kenyon Sadiq,TE,1.0,3,3,3,22.666666666666668,24.0,20,24,0.3333333333333333,2,163.91130247677654,493,0.00610086055622481
cleveland-browns,Cleveland Browns,Chris Brazzell,WR,0.6666666666666667,2,2,2,24.0,24.0,24,24,0.33333333333333337,1,163.91130247677654,493,0.00406724037081654
cleveland-browns,Cleveland Browns,Dillon Thieneman,S,0.6666666666666667,2,2,2,24.0,24.0,24,24,0.33333333333333337,2,163.91130247677654,493,0.00406724037081654
cleveland-browns,Cleveland Browns,Olaivavega Ioane,IOL,0.6666666666666666,2,2,2,24.0,24.0,24,24,0.3333333333333333,0,163.91130247677654,493,0.0040672403708165395
cleveland-browns,Cleveland Browns,Mansoor Delane,CB,0.5,2,2,2,6.0,6.0,6,6,0.25,2,163.91130247677654,493,0.003050430278112405
cleveland-browns,Cleveland Browns,Akheem Mesidor,EDGE,0.33333333333333337,1,1,1,24.0,24.0,24,24,0.33333333333333337,0,163.91130247677654,493,0.00203362018540827
cleveland-browns,Cleveland Browns,Kayden McDonald,DL,0.33333333333333337,1,1,1,24.0,24.0,24,24,0.33333333333333337,1,163.91130247677654,493,0.00203362018540827
cleveland-browns,Cleveland Browns,Arvell Reese,LB,0.3333333333333333,1,1,1,6.0,6.0,6,6,0.3333333333333333,0,163.91130247677654,493,0.0020336201854082698
cleveland-browns,Cleveland Browns,Jeremiyah Love,RB,0.3333333333333333,1,1,1,6.0,6.0,6,6,0.3333333333333333,0,163.91130247677654,493,0.0020336201854082698
cleveland-browns,Cleveland Browns,Emmanuel Pregnon,IOL,0.3333333333333333,1,1,1,24.0,24.0,24,24,0.3333333333333333,0,163.91130247677654,493,0.0020336201854082698
cleveland-browns,Cleveland Browns,Keldric Faulk,EDGE,0.3333333333333333,1,1,1,24.0,24.0,24,24,0.3333333333333333,0,163.91130247677654,493,0.0020336201854082698
dallas-cowboys,Dallas Cowboys,Jermod McCoy,CB,25.12526205450734,76,69,68,13.43421052631579,12.0,12,21,0.33059555334878077,44,145.69905660377358,448,0.1724462919676626
dallas-cowboys,Dallas Cowboys,Keldric Faulk,EDGE,15.130817610062893,47,46,45,17.95744680851064,20.0,12,20,0.3219322895758062,30,145.69905660377358,448,0.10384979808902213
dallas-cowboys,Dallas Cowboys,Sonny Styles,LB,9.8,31,30,30,9.612903225806452,8.0,4,20,0.31612903225806455,23,145.69905660377358,448,0.06726193174092372
dallas-cowboys,Dallas Cowboys,Akheem Mesidor,EDGE,9.616666666666667,27,25,25,19.333333333333332,20.0,12,26,0.35617283950617284,17,145.69905660377358,448,0.0660036302967908
dallas-cowboys,Dallas Cowboys,C.J. Allen,LB,9.436373165618448,27,26,25,20.14814814814815,20.0,20,24,0.3494953024303129,20,145.69905660377358,448,0.06476619262731759
dallas-cowboys,Dallas Cowboys,Dillon Thieneman,S,7.937631027253669,25,24,24,13.84,12.0,12,20,0.3175052410901468,16,145.69905660377358,448,0.054479632279568826
dallas-cowboys,Dallas Cowboys,Caleb Downs,S,7.444444444444445,22,22,22,10.590909090909092,12.0,6,12,0.3383838383838384,14,145.69905660377358,448,0.05109466470115521
dallas-cowboys,Dallas Cowboys,Mansoor Delane,CB,7.1252620545073375,22,22,21,12.227272727272727,12.0,8,20,0.32387554793215173,16,145.69905660377358,448,0.04890396836188433
dallas-cowboys,Dallas Cowboys,David Bailey,EDGE,5.0419287211740045,15,15,14,5.933333333333334,3.0,3,12,0.3361285814116003,10,145.69905660377358,448,0.034605088314919256
dallas-cowboys,Dallas Cowboys,Avieon Terrell,CB,4.583333333333334,15,15,15,19.466666666666665,20.0,12,20,0.3055555555555556,10,145.69905660377358,448,0.03145753610332317
dallas-cowboys,Dallas Cowboys,Emmanuel McNeil-Warren,S,4.555555555555555,14,13,13,20.071428571428573,20.0,20,21,0.3253968253968254,8,145.69905660377358,448,0.03126688436936363
dallas-cowboys,Dallas Cowboys,Rueben Bain,EDGE,4.461111111111111,16,16,16,10.6875,12.0,6,12,0.27881944444444445,13,145.69905660377358,448,0.03061866847390122
dallas-cowboys,Dallas Cowboys,Colton Hood,CB,4.444444444444445,12,12,12,20.25,20.0,12,29,0.3703703703703704,11,145.69905660377358,448,0.030504277433525497
dallas-cowboys,Dallas Cowboys,Kadyn Proctor,OT,3.2222222222222223,7,6,6,17.714285714285715,20.0,12,20,0.46031746031746035,6,145.69905660377358,448,0.022115601139305986
dallas-cowboys,Dallas Cowboys,Arvell Reese,LB,3.0833333333333335,11,10,10,4.909090909090909,3.0,3,12,0.28030303030303033,7,145.69905660377358,448,0.021162342469508315
dallas-cowboys,Dallas Cowboys,Jeremiyah Love,RB,2.9,9,9,9,7.111111111111111,4.0,3,12,0.3222222222222222,6,145.69905660377358,448,0.019904041025375387
dallas-cowboys,Dallas Cowboys,T.J. Parker,EDGE,2.805555555555556,9,9,9,18.22222222222222,20.0,12,20,0.31172839506172845,8,145.69905660377358,448,0.01925582512991297
dallas-cowboys,Dallas Cowboys,Jacob Rodriguez,LB,2.4722222222222223,8,8,8,20.0,20.0,20,20,0.3090277777777778,5,145.69905660377358,448,0.016968004322398558
dallas-cowboys,Dallas Cowboys,Cashius Howell,EDGE,2.011111111111111,6,6,6,19.333333333333332,20.0,16,20,0.3351851851851852,3,145.69905660377358,448,0.013803185538670286
dallas-cowboys,Dallas Cowboys,Monroe Freeling,OT,1.6944444444444444,7,7,7,17.0,20.0,12,20,0.24206349206349206,6,145.69905660377358,448,0.011629755771531596
dallas-cowboys,Dallas Cowboys,Chris Johnson,CB,1.6555555555555557,6,6,6,22.166666666666668,20.0,20,29,0.27592592592592596,6,145.69905660377358,448,0.011362843343988249
dallas-cowboys,Dallas Cowboys,Spencer Fano,OT,1.6555555555555554,5,5,5,16.8,20.0,12,20,0.3311111111111111,3,145.69905660377358,448,0.011362843343988247
dallas-cowboys,Dallas Cowboys,Zion Young,EDGE,1.3888888888888888,2,2,2,20.0,20.0,20,20,0.6944444444444444,2,145.69905660377358,448,0.009532586697976717
dallas-cowboys,Dallas Cowboys,Peter Woods,DL,1.29874213836478,4,4,4,19.0,20.0,16,20,0.324685534591195,1,145.69905660377358,448,0.008913867863240115
dallas-cowboys,Dallas Cowboys,R Mason Thomas,EDGE,1.1111111111111112,3,3,3,17.333333333333332,20.0,12,20,0.3703703703703704,2,145.69905660377358,448,0.007626069358381374
dallas-cowboys,Dallas Cowboys,Omar Cooper Jr.,WR,0.9444444444444445,3,3,3,17.333333333333332,20.0,12,20,0.3148148148148148,3,145.69905660377358,448,0.006482158954624169
dallas-cowboys,Dallas Cowboys,Francis Mauigoa,OT,0.6666666666666667,2,2,2,12.0,12.0,12,12,0.33333333333333337,2,145.69905660377358,448,0.004575641615028825
dallas-cowboys,Dallas Cowboys,Jordyn Tyson,WR,0.6000000000000001,2,2,2,12.0,12.0,12,12,0.30000000000000004,2,145.69905660377358,448,0.004118077453525943
dallas-cowboys,Dallas Cowboys,Caleb Banks,DL,0.5555555555555556,2,2,2,20.0,20.0,20,20,0.2777777777777778,2,145.69905660377358,448,0.003813034679190687
dallas-cowboys,Dallas Cowboys,Denzel Boston,WR,0.5555555555555556,3,3,3,20.0,20.0,20,20,0.1851851851851852,2,145.69905660377358,448,0.003813034679190687
dallas-cowboys,Dallas Cowboys,Malachi Lawrence,EDGE,0.5,2,2,2,25.0,25.0,20,30,0.25,1,145.69905660377358,448,0.003431731211271618
dallas-cowboys,Dallas Cowboys,Olaivavega Ioane,IOL,0.33333333333333337,1,1,1,12.0,12.0,12,12,0.33333333333333337,1,145.69905660377358,448,0.0022878208075144124
dallas-cowboys,Dallas Cowboys,Brandon Cisse,CB,0.33333333333333337,1,1,1,20.0,20.0,20,20,0.33333333333333337,1,145.69905660377358,448,0.0022878208075144124
dallas-cowboys,Dallas Cowboys,Caleb Lomu,OT,0.3333333333333333,1,1,1,20.0,20.0,20,20,0.3333333333333333,0,145.69905660377358,448,0.002287820807514412
dallas-cowboys,Dallas Cowboys,Anthony Hill Jr.,LB,0.29874213836477986,1,1,1,20.0,20.0,20,20,0.29874213836477986,1,145.69905660377358,448,0.0020504054406968787
dallas-cowboys,Dallas Cowboys,Jake Golday,LB,0.29874213836477986,1,1,1,20.0,20.0,20,20,0.29874213836477986,1,145.69905660377358,448,0.0020504054406968787
dallas-cowboys,Dallas Cowboys,Treydan Stukes,CB,0.2777777777777778,1,1,1,20.0,20.0,20,20,0.2777777777777778,1,145.69905660377358,448,0.0019065173395953435
dallas-cowboys,Dallas Cowboys,Kenyon Sadiq,TE,0.0,1,1,1,12.0,12.0,12,12,0.0,1,145.69905660377358,448,0.0
dallas-cowboys,Dallas Cowboys,Makai Lemon,WR,0.0,1,1,1,12.0,12.0,12,12,0.0,1,145.69905660377358,448,0.0
denver-broncos,Denver Broncos,Denzel Boston,WR,1.0,3,3,3,30.0,30.0,30,30,0.3333333333333333,2,5.00531045751634,14,0.1997878070676569
denver-broncos,Denver Broncos,Caleb Banks,DL,0.7352941176470589,2,2,2,30.0,30.0,30,30,0.36764705882352944,2,5.00531045751634,14,0.1469027993144536
denver-broncos,Denver Broncos,Lee Hunter,DL,0.6666666666666667,2,2,2,30.0,30.0,30,30,0.33333333333333337,1,5.00531045751634,14,0.13319187137843794
denver-broncos,Denver Broncos,Christen Miller,DL,0.6458333333333334,2,2,2,30.0,30.0,30,30,0.3229166666666667,1,5.00531045751634,14,0.12902962539786175
denver-broncos,Denver Broncos,Colton Hood,CB,0.5555555555555556,1,1,1,30.0,30.0,30,30,0.5555555555555556,1,5.00531045751634,14,0.11099322614869828
denver-broncos,Denver Broncos,C.J. Allen,LB,0.4019607843137255,1,1,1,30.0,30.0,30,30,0.4019607843137255,1,5.00531045751634,14,0.08030686362523463
denver-broncos,Denver Broncos,Kenyon Sadiq,TE,0.33333333333333337,1,1,1,27.0,27.0,27,27,0.33333333333333337,1,5.00531045751634,14,0.06659593568921897
denver-broncos,Denver Broncos,Jacob Rodriguez,LB,0.33333333333333337,1,1,1,30.0,30.0,30,30,0.33333333333333337,1,5.00531045751634,14,0.06659593568921897
denver-broncos,Denver Broncos,Kayden McDonald,DL,0.33333333333333337,1,1,1,30.0,30.0,30,30,0.33333333333333337,1,5.00531045751634,14,0.06659593568921897
detroit-lions,Detroit Lions,Kadyn Proctor,OT,26.950937950937952,72,66,66,16.930555555555557,17.0,13,17,0.374318582651916,54,82.05349025974026,234,0.32845571669925044
detroit-lions,Detroit Lions,Monroe Freeling,OT,21.58278318903319,65,62,62,16.73846153846154,17.0,6,17,0.3320428182928183,45,82.05349025974026,234,0.2630330912275993
detroit-lions,Detroit Lions,Spencer Fano,OT,9.35108225108225,29,29,28,16.310344827586206,17.0,11,17,0.32245111210628447,16,82.05349025974026,234,0.11396324789453083
detroit-lions,Detroit Lions,Blake Miller,OT,5.888888888888889,17,16,16,17.0,17.0,17,17,0.34640522875817,12,82.05349025974026,234,0.0717689018498496
detroit-lions,Detroit Lions,Olaivavega Ioane,IOL,3.3476190476190477,8,7,7,17.0,17.0,17,17,0.41845238095238096,5,82.05349025974026,234,0.040798009164779735
detroit-lions,Detroit Lions,Caleb Lomu,OT,3.3358585858585856,10,10,10,17.0,17.0,17,17,0.33358585858585854,5,82.05349025974026,234,0.04065468239436163
detroit-lions,Detroit Lions,Akheem Mesidor,EDGE,2.407828282828283,9,9,8,17.0,17.0,17,17,0.2675364758698092,8,82.05349025974026,234,0.029344617458761404
detroit-lions,Detroit Lions,Francis Mauigoa,OT,1.6626984126984128,5,5,5,13.4,14.0,6,17,0.3325396825396826,5,82.05349025974026,234,0.02026359156003166
detroit-lions,Detroit Lions,Keldric Faulk,EDGE,1.3333333333333333,4,3,3,17.0,17.0,17,17,0.3333333333333333,1,82.05349025974026,234,0.016249562682984813
detroit-lions,Detroit Lions,Max Iheanachor,OT,1.1785714285714284,3,3,3,17.0,17.0,17,17,0.3928571428571428,2,82.05349025974026,234,0.01436345272870979
detroit-lions,Detroit Lions,Jordyn Tyson,WR,1.0,1,1,1,17.0,17.0,17,17,1.0,1,82.05349025974026,234,0.012187172012238612
detroit-lions,Detroit Lions,Cashius Howell,EDGE,0.8333333333333333,2,2,2,17.0,17.0,17,17,0.41666666666666663,1,82.05349025974026,234,0.010155976676865509
detroit-lions,Detroit Lions,C.J. Allen,LB,0.6666666666666666,2,2,2,20.0,20.0,17,23,0.3333333333333333,0,82.05349025974026,234,0.008124781341492407
detroit-lions,Detroit Lions,Avieon Terrell,CB,0.5,1,1,1,17.0,17.0,17,17,0.5,1,82.05349025974026,234,0.006093586006119306
detroit-lions,Detroit Lions,Kenyon Sadiq,TE,0.5,2,2,2,17.0,17.0,17,17,0.25,2,82.05349025974026,234,0.006093586006119306
detroit-lions,Detroit Lions,T.J. Parker,EDGE,0.45833333333333337,1,1,1,17.0,17.0,17,17,0.45833333333333337,1,82.05349025974026,234,0.005585787172276031
detroit-lions,Detroit Lions,Dillon Thieneman,S,0.38888888888888884,1,1,1,17.0,17.0,17,17,0.38888888888888884,1,82.05349025974026,234,0.004739455782537237
detroit-lions,Detroit Lions,Caleb Downs,S,0.3333333333333333,1,1,1,17.0,17.0,17,17,0.3333333333333333,0,82.05349025974026,234,0.004062390670746203
detroit-lions,Detroit Lions,Jermod McCoy,CB,0.3333333333333333,1,1,1,17.0,17.0,17,17,0.3333333333333333,0,82.05349025974026,234,0.004062390670746203
houston-texans,Houston Texans,Kayden McDonald,DL,18.06597222222222,44,42,42,27.863636363636363,28.0,22,28,0.41059027777777773,28,85.19394841269842,216,0.212056989478955
houston-texans,Houston Texans,Peter Woods,DL,14.818948412698413,34,33,32,28.0,28.0,28,28,0.4358514239028945,23,85.19394841269842,216,0.17394367427263888
houston-texans,Houston Texans,Blake Miller,OT,11.10763888888889,28,25,25,28.107142857142858,28.0,28,31,0.3967013888888889,17,85.19394841269842,216,0.13038060913764693
houston-texans,Houston Texans,Chase Bisontis,IOL,7.4222222222222225,19,19,19,28.0,28.0,28,28,0.3906432748538012,12,85.19394841269842,216,0.08712147236406192
houston-texans,Houston Texans,Caleb Lomu,OT,6.9,19,17,17,28.0,28.0,28,28,0.3631578947368421,14,85.19394841269842,216,0.08099166817078211
houston-texans,Houston Texans,Max Iheanachor,OT,5.774305555555555,17,17,17,28.0,28.0,28,28,0.3396650326797386,9,85.19394841269842,216,0.06777835354670424
houston-texans,Houston Texans,Emmanuel Pregnon,IOL,3.944444444444444,10,10,10,28.0,28.0,28,28,0.39444444444444443,7,85.19394841269842,216,0.0462995848641347
houston-texans,Houston Texans,Kadyn Proctor,OT,3.5541666666666667,10,10,10,28.0,28.0,28,28,0.35541666666666666,5,85.19394841269842,216,0.041718534389901654
houston-texans,Houston Texans,Caleb Banks,DL,2.9333333333333336,8,8,8,27.5,28.0,24,28,0.3666666666666667,5,85.19394841269842,216,0.034431240575018486
houston-texans,Houston Texans,Christen Miller,DL,2.795138888888889,7,7,7,28.0,28.0,28,28,0.3993055555555555,1,85.19394841269842,216,0.03280912483770109
houston-texans,Houston Texans,Cashius Howell,EDGE,1.0444444444444443,2,2,2,28.0,28.0,28,28,0.5222222222222221,2,85.19394841269842,216,0.012259608386559609
houston-texans,Houston Texans,Akheem Mesidor,EDGE,0.888888888888889,2,2,2,28.0,28.0,28,28,0.4444444444444445,1,85.19394841269842,216,0.010433709265157118
houston-texans,Houston Texans,Jacob Rodriguez,LB,0.7333333333333334,2,2,2,28.0,28.0,28,28,0.3666666666666667,1,85.19394841269842,216,0.008607810143754622
houston-texans,Houston Texans,Anthony Hill Jr.,LB,0.7333333333333333,1,1,1,28.0,28.0,28,28,0.7333333333333333,1,85.19394841269842,216,0.00860781014375462
houston-texans,Houston Texans,C.J. Allen,LB,0.6666666666666666,2,2,2,28.0,28.0,28,28,0.3333333333333333,0,85.19394841269842,216,0.007825281948867837
houston-texans,Houston Texans,Avieon Terrell,CB,0.6,2,2,2,25.5,25.5,23,28,0.3,1,85.19394841269842,216,0.0070427537539810535
houston-texans,Houston Texans,Keylan Rutledge,IOL,0.4666666666666666,1,1,1,28.0,28.0,28,28,0.4666666666666666,1,85.19394841269842,216,0.0054776973642074855
houston-texans,Houston Texans,Omar Cooper Jr.,WR,0.41111111111111115,1,1,1,28.0,28.0,28,28,0.41111111111111115,1,85.19394841269842,216,0.0048255905351351665
houston-texans,Houston Texans,Sonny Styles,LB,0.33333333333333337,1,1,1,5.0,5.0,5,5,0.33333333333333337,1,85.19394841269842,216,0.003912640974433919
houston-texans,Houston Texans,Spencer Fano,OT,0.33333333333333337,1,1,1,16.0,16.0,16,16,0.33333333333333337,1,85.19394841269842,216,0.003912640974433919
houston-texans,Houston Texans,Chris Johnson,CB,0.33333333333333337,1,1,1,28.0,28.0,28,28,0.33333333333333337,1,85.19394841269842,216,0.003912640974433919
houston-texans,Houston Texans,Kevin Concepcion,WR,0.33333333333333337,1,1,1,28.0,28.0,28,28,0.33333333333333337,1,85.19394841269842,216,0.003912640974433919
houston-texans,Houston Texans,T.J. Parker,EDGE,0.33333333333333337,1,1,1,28.0,28.0,28,28,0.33333333333333337,1,85.19394841269842,216,0.003912640974433919
houston-texans,Houston Texans,Eli Stowers,TE,0.3333333333333333,1,1,1,28.0,28.0,28,28,0.3333333333333333,0,85.19394841269842,216,0.003912640974433918
houston-texans,Houston Texans,Jadarian Price,RB,0.3333333333333333,1,1,1,28.0,28.0,28,28,0.3333333333333333,0,85.19394841269842,216,0.003912640974433918
jacksonville-jaguars,Jacksonville Jaguars,Peter Woods,DL,0.3333333333333333,1,1,1,30.0,30.0,30,30,0.3333333333333333,0,0.3333333333333333,1,1.0
kansas-city-chiefs,Kansas City Chiefs,Mansoor Delane,CB,20.72222222222222,67,65,65,9.298507462686567,9.0,6,29,0.3092868988391376,39,154.51031748124046,477,0.1341154594723952
kansas-city-chiefs,Kansas City Chiefs,Rueben Bain,EDGE,20.605926614292244,63,60,58,8.80952380952381,9.0,4,9,0.327078200226861,43,154.51031748124046,477,0.13336278735427534
kansas-city-chiefs,Kansas City Chiefs,Colton Hood,CB,11.909059633027523,39,39,38,29.0,29.0,29,29,0.3053605034109621,26,154.51031748124046,477,0.0770761449925403
kansas-city-chiefs,Kansas City Chiefs,Avieon Terrell,CB,8.635448521916413,27,26,25,28.814814814814813,29.0,24,29,0.3198314267376449,15,154.51031748124046,477,0.055889138425755075
kansas-city-chiefs,Kansas City Chiefs,Jermod McCoy,CB,8.519113149847096,21,21,21,18.285714285714285,12.0,9,29,0.4056720547546236,15,154.51031748124046,477,0.05513620895175123
kansas-city-chiefs,Kansas City Chiefs,Spencer Fano,OT,7.364814814814815,19,19,19,9.578947368421053,9.0,9,20,0.3876218323586745,12,154.51031748124046,477,0.04766552120837495
kansas-city-chiefs,Kansas City Chiefs,Denzel Boston,WR,6.2555555555555555,16,16,16,29.0,29.0,29,29,0.3909722222222222,12,154.51031748124046,477,0.04048632905252467
kansas-city-chiefs,Kansas City Chiefs,T.J. Parker,EDGE,6.05,13,12,12,29.0,29.0,29,29,0.4653846153846154,9,154.51031748124046,477,0.03915596122397812
kansas-city-chiefs,Kansas City Chiefs,Jordyn Tyson,WR,5.269113149847095,17,17,17,11.882352941176471,9.0,9,29,0.30994783234394674,8,154.51031748124046,477,0.03410201490581257
kansas-city-chiefs,Kansas City Chiefs,Francis Mauigoa,OT,4.982670744138634,15,15,14,9.266666666666667,9.0,6,16,0.33217804960924224,11,154.51031748124046,477,0.03224814255361034
kansas-city-chiefs,Kansas City Chiefs,Kenyon Sadiq,TE,4.555555555555555,15,14,14,17.2,9.0,9,29,0.3037037037037037,8,154.51031748124046,477,0.029483827551572136
kansas-city-chiefs,Kansas City Chiefs,David Bailey,EDGE,4.502446483180428,10,10,10,6.9,9.0,3,9,0.4502446483180428,7,154.51031748124046,477,0.02914010246420653
kansas-city-chiefs,Kansas City Chiefs,Kevin Concepcion,WR,3.9333333333333336,12,12,12,29.0,29.0,29,29,0.3277777777777778,10,154.51031748124046,477,0.02545676817867448
kansas-city-chiefs,Kansas City Chiefs,Caleb Downs,S,3.305555555555556,11,11,11,8.727272727272727,9.0,6,9,0.30050505050505055,8,154.51031748124046,477,0.021393752918518808
kansas-city-chiefs,Kansas City Chiefs,Chris Johnson,CB,2.75,10,10,10,29.3,29.0,29,32,0.275,10,154.51031748124046,477,0.017798164192717326
kansas-city-chiefs,Kansas City Chiefs,Carnell Tate,WR,2.707208387942333,11,11,11,7.545454545454546,9.0,4,9,0.246109853449303,11,154.51031748124046,477,0.017521214324545172
kansas-city-chiefs,Kansas City Chiefs,Max Iheanachor,OT,2.6944444444444446,8,8,8,29.0,29.0,29,29,0.3368055555555556,6,154.51031748124046,477,0.01743860532013718
kansas-city-chiefs,Kansas City Chiefs,Arvell Reese,LB,2.611111111111111,5,5,5,4.2,3.0,3,9,0.5222222222222223,3,154.51031748124046,477,0.016899267011266955
kansas-city-chiefs,Kansas City Chiefs,Omar Cooper Jr.,WR,2.566666666666667,9,8,8,29.0,29.0,29,29,0.2851851851851852,6,154.51031748124046,477,0.01661161991320284
kansas-city-chiefs,Kansas City Chiefs,Keldric Faulk,EDGE,2.477777777777778,8,8,8,23.5,29.0,9,29,0.30972222222222223,4,154.51031748124046,477,0.0160363257170746
kansas-city-chiefs,Kansas City Chiefs,Cashius Howell,EDGE,2.4047619047619047,8,8,8,29.0,29.0,29,29,0.3005952380952381,3,154.51031748124046,477,0.015563762627397835
kansas-city-chiefs,Kansas City Chiefs,Blake Miller,OT,2.3277777777777775,10,9,9,27.0,29.0,9,29,0.23277777777777775,7,154.51031748124046,477,0.0150655167611082
kansas-city-chiefs,Kansas City Chiefs,Makai Lemon,WR,2.2777777777777777,7,7,7,11.857142857142858,9.0,9,29,0.3253968253968254,3,154.51031748124046,477,0.014741913775786068
kansas-city-chiefs,Kansas City Chiefs,Zion Young,EDGE,2.111111111111111,6,6,6,29.0,29.0,29,29,0.35185185185185186,2,154.51031748124046,477,0.013663237158045625
kansas-city-chiefs,Kansas City Chiefs,Malachi Lawrence,EDGE,1.0,3,3,3,29.0,29.0,29,29,0.3333333333333333,2,154.51031748124046,477,0.006472059706442664
kansas-city-chiefs,Kansas City Chiefs,Kadyn Proctor,OT,0.9444444444444444,3,3,3,23.666666666666668,22.0,20,29,0.3148148148148148,2,154.51031748124046,477,0.006112500833862516
kansas-city-chiefs,Kansas City Chiefs,Monroe Freeling,OT,0.8888888888888888,4,4,4,9.0,9.0,9,9,0.2222222222222222,3,154.51031748124046,477,0.005752941961282368
kansas-city-chiefs,Kansas City Chiefs,Caleb Lomu,OT,0.8888888888888888,3,3,3,29.0,29.0,29,29,0.2962962962962963,1,154.51031748124046,477,0.005752941961282368
kansas-city-chiefs,Kansas City Chiefs,Akheem Mesidor,EDGE,0.8333333333333334,3,3,3,29.0,29.0,29,29,0.2777777777777778,2,154.51031748124046,477,0.005393383088702221
kansas-city-chiefs,Kansas City Chiefs,Emmanuel McNeil-Warren,S,0.7777777777777778,2,2,2,29.0,29.0,29,29,0.3888888888888889,2,154.51031748124046,477,0.005033824216122073
kansas-city-chiefs,Kansas City Chiefs,Peter Woods,DL,0.7604166666666667,2,2,2,29.0,29.0,29,29,0.38020833333333337,1,154.51031748124046,477,0.004921462068440776
kansas-city-chiefs,Kansas City Chiefs,Sonny Styles,LB,0.7555555555555555,5,5,5,8.4,9.0,6,9,0.1511111111111111,5,154.51031748124046,477,0.004890000667090013
kansas-city-chiefs,Kansas City Chiefs,Kayden McDonald,DL,0.7135575942915393,3,3,3,29.0,29.0,29,29,0.2378525314305131,3,154.51031748124046,477,0.004618187354240434
kansas-city-chiefs,Kansas City Chiefs,Dillon Thieneman,S,0.6666666666666667,2,2,2,19.0,19.0,9,29,0.33333333333333337,1,154.51031748124046,477,0.004314706470961776
kansas-city-chiefs,Kansas City Chiefs,Chris Brazzell,WR,0.6024464831804281,2,2,2,29.0,29.0,29,29,0.3012232415902141,1,154.51031748124046,477,0.0038990696090801373
kansas-city-chiefs,Kansas City Chiefs,Brandon Cisse,CB,0.5555555555555556,2,2,2,29.0,29.0,29,29,0.2777777777777778,1,154.51031748124046,477,0.0035955887258014804
kansas-city-chiefs,Kansas City Chiefs,Caleb Banks,DL,0.5,3,3,3,29.0,29.0,29,29,0.16666666666666666,2,154.51031748124046,477,0.003236029853221332
kansas-city-chiefs,Kansas City Chiefs,C.J. Allen,LB,0.4444444444444444,2,1,1,29.0,29.0,29,29,0.2222222222222222,2,154.51031748124046,477,0.002876470980641184
kansas-city-chiefs,Kansas City Chiefs,R Mason Thomas,EDGE,0.4444444444444444,2,2,2,29.0,29.0,29,29,0.2222222222222222,2,154.51031748124046,477,0.002876470980641184
kansas-city-chiefs,Kansas City Chiefs,Ted Hurst,WR,0.33333333333333337,1,1,1,9.0,9.0,9,9,0.33333333333333337,1,154.51031748124046,477,0.002157353235480888
kansas-city-chiefs,Kansas City Chiefs,Antonio Williams,WR,0.33333333333333337,1,1,1,29.0,29.0,29,29,0.33333333333333337,1,154.51031748124046,477,0.002157353235480888
kansas-city-chiefs,Kansas City Chiefs,D'angelo Ponds,CB,0.33333333333333337,1,1,1,29.0,29.0,29,29,0.33333333333333337,1,154.51031748124046,477,0.002157353235480888
kansas-city-chiefs,Kansas City Chiefs,Ty Simpson,QB,0.33333333333333337,1,1,1,29.0,29.0,29,29,0.33333333333333337,1,154.51031748124046,477,0.002157353235480888
kansas-city-chiefs,Kansas City Chiefs,Romello Height,EDGE,0.3333333333333333,1,1,1,29.0,29.0,29,29,0.3333333333333333,0,154.51031748124046,477,0.002157353235480888
kansas-city-chiefs,Kansas City Chiefs,Nic Scourton,EDGE,0.25,1,1,1,29.0,29.0,29,29,0.25,1,154.51031748124046,477,0.001618014926610666
kansas-city-chiefs,Kansas City Chiefs,Emmanuel Pregnon,IOL,0.16666666666666669,1,1,1,29.0,29.0,29,29,0.16666666666666669,1,154.51031748124046,477,0.001078676617740444
kansas-city-chiefs,Kansas City Chiefs,Jacob Rodriguez,LB,0.1111111111111111,1,1,1,29.0,29.0,29,29,0.1111111111111111,1,154.51031748124046,477,0.000719117745160296
kansas-city-chiefs,Kansas City Chiefs,Gabe Jacas,EDGE,0.0,1,1,1,29.0,29.0,29,29,0.0,1,154.51031748124046,477,0.0
las-vegas-raiders,Las Vegas Raiders,Fernando Mendoza,QB,96.33988095238095,251,229,223,1.0,1.0,1,1,0.38382422690191614,163,99.38988095238095,262,0.96931277137296
las-vegas-raiders,Las Vegas Raiders,Omar Cooper Jr.,WR,1.3166666666666667,4,4,4,27.0,27.0,24,30,0.32916666666666666,3,99.38988095238095,262,0.013247492139541848
las-vegas-raiders,Las Vegas Raiders,Max Iheanachor,OT,0.7333333333333334,3,3,3,30.666666666666668,32.0,28,32,0.24444444444444446,3,99.38988095238095,262,0.0073783500524030555
las-vegas-raiders,Las Vegas Raiders,Caleb Downs,S,0.33333333333333337,1,1,1,1.0,1.0,1,1,0.33333333333333337,1,99.38988095238095,262,0.0033537954783650252
las-vegas-raiders,Las Vegas Raiders,Caleb Lomu,OT,0.33333333333333337,1,1,1,32.0,32.0,32,32,0.33333333333333337,1,99.38988095238095,262,0.0033537954783650252
las-vegas-raiders,Las Vegas Raiders,Arvell Reese,LB,0.16666666666666669,1,1,1,2.0,2.0,2,2,0.16666666666666669,1,99.38988095238095,262,0.0016768977391825126
las-vegas-raiders,Las Vegas Raiders,Avieon Terrell,CB,0.16666666666666669,1,1,1,27.0,27.0,27,27,0.16666666666666669,1,99.38988095238095,262,0.0016768977391825126
los-angeles-chargers,Los Angeles Chargers,Peter Woods,DL,9.027777777777779,23,23,23,22.130434782608695,22.0,22,25,0.392512077294686,12,83.24731703890996,231,0.10844527005666955
los-angeles-chargers,Los Angeles Chargers,Akheem Mesidor,EDGE,7.907936507936508,21,21,21,22.0,22.0,22,22,0.37656840513983375,16,83.24731703890996,231,0.09499328974458508
los-angeles-chargers,Los Angeles Chargers,Olaivavega Ioane,IOL,7.783333333333333,24,23,23,21.833333333333332,22.0,18,22,0.32430555555555557,13,83.24731703890996,231,0.09349650667655017
los-angeles-chargers,Los Angeles Chargers,T.J. Parker,EDGE,7.20504284309594,19,19,16,22.736842105263158,22.0,22,30,0.37921278121557583,12,83.24731703890996,231,0.08654985048621194
los-angeles-chargers,Los Angeles Chargers,Keldric Faulk,EDGE,5.917530552043827,14,13,13,22.0,22.0,22,22,0.4226807537174162,13,83.24731703890996,231,0.07108373894233687
los-angeles-chargers,Los Angeles Chargers,Kadyn Proctor,OT,5.492063492063492,16,16,16,22.0,22.0,22,22,0.34325396825396826,11,83.24731703890996,231,0.06597285879491457
los-angeles-chargers,Los Angeles Chargers,Chase Bisontis,IOL,4.794444444444444,13,13,13,22.23076923076923,22.0,22,25,0.36880341880341877,9,83.24731703890996,231,0.05759278034394204
los-angeles-chargers,Los Angeles Chargers,Kayden McDonald,DL,4.753968253968254,14,13,13,22.5,22.0,22,29,0.33956916099773243,9,83.24731703890996,231,0.05710656418808356
los-angeles-chargers,Los Angeles Chargers,Caleb Banks,DL,3.3333333333333335,10,10,10,22.0,22.0,22,22,0.33333333333333337,6,83.24731703890996,231,0.040041330482462605
los-angeles-chargers,Los Angeles Chargers,Blake Miller,OT,3.066666666666667,8,8,8,22.0,22.0,22,22,0.38333333333333336,7,83.24731703890996,231,0.036838024043865596
los-angeles-chargers,Los Angeles Chargers,Cashius Howell,EDGE,2.6666666666666665,6,5,5,22.0,22.0,22,22,0.4444444444444444,4,83.24731703890996,231,0.032033064385970075
los-angeles-chargers,Los Angeles Chargers,Emmanuel Pregnon,IOL,2.6588003933136677,8,7,7,22.0,22.0,22,22,0.33235004916420846,4,83.24731703890996,231,0.03193857157067223
los-angeles-chargers,Los Angeles Chargers,Jordyn Tyson,WR,2.4444444444444446,6,6,6,22.0,22.0,22,22,0.40740740740740744,6,83.24731703890996,231,0.029363642353805907
los-angeles-chargers,Los Angeles Chargers,Spencer Fano,OT,2.4365781710914454,7,7,7,20.428571428571427,22.0,11,22,0.34808259587020646,6,83.24731703890996,231,0.02926914953850806
los-angeles-chargers,Los Angeles Chargers,Zion Young,EDGE,1.8333333333333335,6,6,6,24.0,22.0,22,30,0.3055555555555556,5,83.24731703890996,231,0.022022731765354433
los-angeles-chargers,Los Angeles Chargers,Emmanuel McNeil-Warren,S,1.7698412698412698,5,5,5,23.0,22.0,22,27,0.35396825396825393,4,83.24731703890996,231,0.021260039756164664
los-angeles-chargers,Los Angeles Chargers,Chris Johnson,CB,1.5555555555555556,5,5,5,22.6,22.0,22,25,0.3111111111111111,3,83.24731703890996,231,0.018685954225149213
los-angeles-chargers,Los Angeles Chargers,Avieon Terrell,CB,1.3333333333333335,4,2,2,22.0,22.0,22,22,0.33333333333333337,4,83.24731703890996,231,0.01601653219298504
los-angeles-chargers,Los Angeles Chargers,Caleb Lomu,OT,1.0,3,3,3,22.0,22.0,22,22,0.3333333333333333,3,83.24731703890996,231,0.01201239914473878
los-angeles-chargers,Los Angeles Chargers,Monroe Freeling,OT,1.0,3,3,3,22.0,22.0,22,22,0.3333333333333333,1,83.24731703890996,231,0.01201239914473878
los-angeles-chargers,Los Angeles Chargers,Omar Cooper Jr.,WR,1.0,3,3,3,22.0,22.0,22,22,0.3333333333333333,2,83.24731703890996,231,0.01201239914473878
los-angeles-chargers,Los Angeles Chargers,Jermod McCoy,CB,0.7333333333333334,2,2,2,22.0,22.0,22,22,0.3666666666666667,2,83.24731703890996,231,0.008809092706141773
los-angeles-chargers,Los Angeles Chargers,Dillon Thieneman,S,0.6666666666666667,2,2,2,22.0,22.0,22,22,0.33333333333333337,2,83.24731703890996,231,0.00800826609649252
los-angeles-chargers,Los Angeles Chargers,Kevin Concepcion,WR,0.6666666666666667,2,2,2,22.0,22.0,22,22,0.33333333333333337,1,83.24731703890996,231,0.00800826609649252
los-angeles-chargers,Los Angeles Chargers,Francis Mauigoa,OT,0.5555555555555556,1,1,1,22.0,22.0,22,22,0.5555555555555556,1,83.24731703890996,231,0.006673555080410434
los-angeles-chargers,Los Angeles Chargers,Denzel Boston,WR,0.5333333333333334,2,2,2,22.0,22.0,22,22,0.2666666666666667,2,83.24731703890996,231,0.006406612877194017
los-angeles-chargers,Los Angeles Chargers,Anthony Hill Jr.,LB,0.3333333333333333,1,1,1,22.0,22.0,22,22,0.3333333333333333,0,83.24731703890996,231,0.004004133048246259
los-angeles-chargers,Los Angeles Chargers,Colton Hood,CB,0.3333333333333333,1,1,1,22.0,22.0,22,22,0.3333333333333333,0,83.24731703890996,231,0.004004133048246259
los-angeles-chargers,Los Angeles Chargers,C.J. Allen,LB,0.2222222222222222,1,1,1,22.0,22.0,22,22,0.2222222222222222,1,83.24731703890996,231,0.002669422032164173
los-angeles-chargers,Los Angeles Chargers,Malachi Lawrence,EDGE,0.2222222222222222,1,1,1,22.0,22.0,22,22,0.2222222222222222,1,83.24731703890996,231,0.002669422032164173
los-angeles-rams,Los Angeles Rams,Makai Lemon,WR,26.04813959020911,78,76,76,13.205128205128204,13.0,13,20,0.33395050756678346,47,79.28031457885103,239,0.3285574701435123
los-angeles-rams,Los Angeles Rams,Jordyn Tyson,WR,9.291462418300654,27,27,27,13.0,13.0,13,13,0.344128237714839,12,79.28031457885103,239,0.11719759776002783
los-angeles-rams,Los Angeles Rams,Spencer Fano,OT,9.184831593927894,28,26,26,13.0,13.0,13,13,0.32802969978313906,16,79.28031457885103,239,0.1158526128802478
los-angeles-rams,Los Angeles Rams,Monroe Freeling,OT,8.147916666666667,22,22,22,13.363636363636363,13.0,13,21,0.3703598484848485,10,79.28031457885103,239,0.10277351584626811
los-angeles-rams,Los Angeles Rams,Francis Mauigoa,OT,7.426879084967321,22,19,19,12.727272727272727,13.0,10,13,0.33758541295306005,14,79.28031457885103,239,0.09367872875404216
los-angeles-rams,Los Angeles Rams,Omar Cooper Jr.,WR,6.847991279315892,19,19,19,14.31578947368421,13.0,13,21,0.36042059364820483,10,79.28031457885103,239,0.08637694383143472
los-angeles-rams,Los Angeles Rams,Kevin Concepcion,WR,2.385416666666667,8,8,8,13.75,13.0,13,17,0.29817708333333337,6,79.28031457885103,239,0.030088385488104573
los-angeles-rams,Los Angeles Rams,Kenyon Sadiq,TE,2.058823529411765,9,9,9,13.0,13.0,13,13,0.22875816993464054,7,79.28031457885103,239,0.025968912211670015
los-angeles-rams,Los Angeles Rams,Jermod McCoy,CB,1.405615292712067,4,4,4,13.0,13.0,13,13,0.35140382317801677,1,79.28031457885103,239,0.017729688639341393
los-angeles-rams,Los Angeles Rams,Sonny Styles,LB,1.0878136200716846,3,3,3,13.0,13.0,13,13,0.36260454002389486,1,79.28031457885103,239,0.013721106252545974
los-angeles-rams,Los Angeles Rams,Carnell Tate,WR,1.0,4,4,4,10.25,11.5,5,13,0.25,3,79.28031457885103,239,0.012613471645668293
los-angeles-rams,Los Angeles Rams,Jeremiyah Love,RB,0.6666666666666667,2,2,2,8.5,8.5,4,13,0.33333333333333337,2,79.28031457885103,239,0.008408981097112196
los-angeles-rams,Los Angeles Rams,Rueben Bain,EDGE,0.6666666666666667,2,2,2,13.0,13.0,13,13,0.33333333333333337,2,79.28031457885103,239,0.008408981097112196
los-angeles-rams,Los Angeles Rams,Ty Simpson,QB,0.6666666666666667,2,2,2,29.5,29.5,28,31,0.33333333333333337,2,79.28031457885103,239,0.008408981097112196
los-angeles-rams,Los Angeles Rams,Kadyn Proctor,OT,0.6666666666666666,2,2,2,13.0,13.0,13,13,0.3333333333333333,0,79.28031457885103,239,0.008408981097112194
los-angeles-rams,Los Angeles Rams,Mansoor Delane,CB,0.4444444444444445,2,2,2,13.0,13.0,13,13,0.22222222222222224,2,79.28031457885103,239,0.005605987398074797
los-angeles-rams,Los Angeles Rams,Caleb Lomu,OT,0.3921568627450981,1,1,1,13.0,13.0,13,13,0.3921568627450981,1,79.28031457885103,239,0.0049464594688895264
los-angeles-rams,Los Angeles Rams,Denzel Boston,WR,0.3921568627450981,1,1,1,13.0,13.0,13,13,0.3921568627450981,1,79.28031457885103,239,0.0049464594688895264
los-angeles-rams,Los Angeles Rams,Olaivavega Ioane,IOL,0.33333333333333337,1,1,1,13.0,13.0,13,13,0.33333333333333337,1,79.28031457885103,239,0.004204490548556098
los-angeles-rams,Los Angeles Rams,Caleb Downs,S,0.16666666666666669,2,2,2,13.0,13.0,13,13,0.08333333333333334,2,79.28031457885103,239,0.002102245274278049
miami-dolphins,Miami Dolphins,Francis Mauigoa,OT,12.73548128731615,36,33,33,11.055555555555555,11.0,9,15,0.35376336909211525,23,148.06273888012012,448,0.08601408689074372
miami-dolphins,Miami Dolphins,Makai Lemon,WR,12.630793603818168,40,39,38,11.325,11.0,7,25,0.31576984009545417,25,148.06273888012012,448,0.0853070374042234
miami-dolphins,Miami Dolphins,Mansoor Delane,CB,12.233862433862434,36,35,35,11.0,11.0,11,11,0.3398295120517343,17,148.06273888012012,448,0.08262620647432203
miami-dolphins,Miami Dolphins,Spencer Fano,OT,9.392391146060872,29,28,27,11.0,11.0,11,11,0.3238755567607197,20,148.06273888012012,448,0.06343521143199625
miami-dolphins,Miami Dolphins,Kevin Concepcion,WR,9.30079365079365,28,27,27,29.285714285714285,30.0,22,30,0.33217120181405896,20,148.06273888012012,448,0.06281657168535895
miami-dolphins,Miami Dolphins,Colton Hood,CB,8.637580621673548,26,25,25,30.0,30.0,30,30,0.33221463929513645,15,148.06273888012012,448,0.058337301383213074
miami-dolphins,Miami Dolphins,Jermod McCoy,CB,7.744726062467998,24,24,24,12.583333333333334,11.0,11,30,0.3226969192694999,16,148.06273888012012,448,0.05230705659672121
miami-dolphins,Miami Dolphins,Denzel Boston,WR,7.1663850486431135,22,22,22,30.0,30.0,30,30,0.3257447749383233,14,148.06273888012012,448,0.04840100286436968
miami-dolphins,Miami Dolphins,Chris Johnson,CB,6.31031746031746,19,19,19,30.0,30.0,30,30,0.3321219715956558,13,148.06273888012012,448,0.0426192133689128
miami-dolphins,Miami Dolphins,Avieon Terrell,CB,5.218581622251347,18,17,16,29.61111111111111,30.0,23,30,0.2899212012361859,13,148.06273888012012,448,0.035245745565172897
miami-dolphins,Miami Dolphins,Keldric Faulk,EDGE,4.708497160332023,14,13,13,23.285714285714285,30.0,11,30,0.3363212257380016,12,148.06273888012012,448,0.03180068932903021
miami-dolphins,Miami Dolphins,Emmanuel McNeil-Warren,S,4.7023809523809526,13,13,13,28.23076923076923,30.0,11,30,0.3617216117216117,9,148.06273888012012,448,0.031759381110653795
miami-dolphins,Miami Dolphins,Rueben Bain,EDGE,4.394444444444444,11,11,11,10.636363636363637,11.0,7,11,0.39949494949494946,7,148.06273888012012,448,0.029679610668302117
miami-dolphins,Miami Dolphins,Carnell Tate,WR,4.073576525411387,12,12,12,11.0,11.0,11,11,0.33946471045094895,8,148.06273888012012,448,0.02751250284995459
miami-dolphins,Miami Dolphins,Caleb Downs,S,3.9743701762050385,12,12,12,10.583333333333334,11.0,6,11,0.3311975146837532,9,148.06273888012012,448,0.026842473712599027
miami-dolphins,Miami Dolphins,Jordyn Tyson,WR,3.6648809523809525,11,11,11,11.0,11.0,11,11,0.3331709956709957,5,148.06273888012012,448,0.024752216392189295
miami-dolphins,Miami Dolphins,Omar Cooper Jr.,WR,2.835813492063492,10,10,10,28.5,30.0,22,30,0.2835813492063492,6,148.06273888012012,448,0.019152782891308836
miami-dolphins,Miami Dolphins,Akheem Mesidor,EDGE,2.811671763506626,9,9,9,28.22222222222222,30.0,18,30,0.3124079737229584,7,148.06273888012012,448,0.018989732222791805
miami-dolphins,Miami Dolphins,Dillon Thieneman,S,2.4201228878648235,8,8,8,20.5,20.5,11,30,0.30251536098310294,7,148.06273888012012,448,0.016345252736573314
miami-dolphins,Miami Dolphins,Monroe Freeling,OT,2.282258064516129,7,7,7,12.428571428571429,11.0,11,21,0.326036866359447,3,148.06273888012012,448,0.015414128374080483
miami-dolphins,Miami Dolphins,Kenyon Sadiq,TE,1.9047619047619047,5,5,5,18.8,20.0,11,30,0.38095238095238093,2,148.06273888012012,448,0.012864559437226853
miami-dolphins,Miami Dolphins,T.J. Parker,EDGE,1.8333333333333335,6,6,6,30.0,30.0,30,30,0.3055555555555556,6,148.06273888012012,448,0.012382138458330848
miami-dolphins,Miami Dolphins,Olaivavega Ioane,IOL,1.780952380952381,5,5,5,13.0,11.0,11,21,0.3561904761904762,4,148.06273888012012,448,0.01202836307380711
miami-dolphins,Miami Dolphins,Kayden McDonald,DL,1.6825396825396826,5,5,5,30.0,30.0,30,30,0.33650793650793653,4,148.06273888012012,448,0.011363694169550388
miami-dolphins,Miami Dolphins,Blake Miller,OT,1.5833333333333333,4,4,4,26.75,30.0,17,30,0.3958333333333333,2,148.06273888012012,448,0.010693665032194821
miami-dolphins,Miami Dolphins,Brandon Cisse,CB,1.4166666666666667,4,3,3,30.0,30.0,30,30,0.3541666666666667,1,148.06273888012012,448,0.009568016081437473
miami-dolphins,Miami Dolphins,Caleb Lomu,OT,1.1666666666666665,3,3,3,30.0,30.0,30,30,0.38888888888888884,1,148.06273888012012,448,0.007879542655301447
miami-dolphins,Miami Dolphins,Zion Young,EDGE,1.0,3,3,3,30.0,30.0,30,30,0.3333333333333333,1,148.06273888012012,448,0.006753893704544099
miami-dolphins,Miami Dolphins,Ty Simpson,QB,0.888888888888889,2,2,2,30.0,30.0,30,30,0.4444444444444445,2,148.06273888012012,448,0.0060034610707058655
miami-dolphins,Miami Dolphins,Sonny Styles,LB,0.6666666666666667,2,2,2,11.0,11.0,11,11,0.33333333333333337,1,148.06273888012012,448,0.0045025958030294
miami-dolphins,Miami Dolphins,Kadyn Proctor,OT,0.6666666666666667,2,2,2,20.5,20.5,11,30,0.33333333333333337,2,148.06273888012012,448,0.0045025958030294
miami-dolphins,Miami Dolphins,C.J. Allen,LB,0.6666666666666667,3,3,3,30.0,30.0,30,30,0.22222222222222224,2,148.06273888012012,448,0.0045025958030294
miami-dolphins,Miami Dolphins,Chase Bisontis,IOL,0.6666666666666667,2,2,2,30.0,30.0,30,30,0.33333333333333337,1,148.06273888012012,448,0.0045025958030294
miami-dolphins,Miami Dolphins,Peter Woods,DL,0.6666666666666666,2,2,2,30.0,30.0,30,30,0.3333333333333333,0,148.06273888012012,448,0.004502595803029399
miami-dolphins,Miami Dolphins,Cashius Howell,EDGE,0.5,2,2,2,23.5,23.5,17,30,0.25,1,148.06273888012012,448,0.0033769468522720494
miami-dolphins,Miami Dolphins,Max Iheanachor,OT,0.5,2,2,2,30.0,30.0,30,30,0.25,2,148.06273888012012,448,0.0033769468522720494
miami-dolphins,Miami Dolphins,Malachi Lawrence,EDGE,0.4,1,1,1,30.0,30.0,30,30,0.4,1,148.06273888012012,448,0.0027015574818176394
miami-dolphins,Miami Dolphins,D'angelo Ponds,CB,0.38095238095238093,1,1,1,30.0,30.0,30,30,0.38095238095238093,1,148.06273888012012,448,0.002572911887445371
miami-dolphins,Miami Dolphins,Anthony Hill Jr.,LB,0.33333333333333337,1,1,1,30.0,30.0,30,30,0.33333333333333337,1,148.06273888012012,448,0.0022512979015147
miami-dolphins,Miami Dolphins,Antonio Williams,WR,0.33333333333333337,1,1,1,30.0,30.0,30,30,0.33333333333333337,1,148.06273888012012,448,0.0022512979015147
miami-dolphins,Miami Dolphins,Emmanuel Pregnon,IOL,0.33333333333333337,1,1,1,30.0,30.0,30,30,0.33333333333333337,1,148.06273888012012,448,0.0022512979015147
miami-dolphins,Miami Dolphins,Chris Bell,WR,0.3333333333333333,1,1,1,30.0,30.0,30,30,0.3333333333333333,0,148.06273888012012,448,0.0022512979015146995
miami-dolphins,Miami Dolphins,Chris Brazzell,WR,0.3333333333333333,1,1,1,30.0,30.0,30,30,0.3333333333333333,0,148.06273888012012,448,0.0022512979015146995
miami-dolphins,Miami Dolphins,Christen Miller,DL,0.3333333333333333,1,1,1,30.0,30.0,30,30,0.3333333333333333,0,148.06273888012012,448,0.0022512979015146995
miami-dolphins,Miami Dolphins,Fernando Mendoza,QB,0.28571428571428575,1,1,1,3.0,3.0,3,3,0.28571428571428575,1,148.06273888012012,448,0.0019296839155840285
miami-dolphins,Miami Dolphins,Caleb Banks,DL,0.16666666666666669,1,1,1,26.0,26.0,26,26,0.16666666666666669,1,148.06273888012012,448,0.00112564895075735
miami-dolphins,Miami Dolphins,David Bailey,EDGE,0.0,1,1,1,11.0,11.0,11,11,0.0,1,148.06273888012012,448,0.0
minnesota-vikings,Minnesota Vikings,Dillon Thieneman,S,51.565208564045776,140,131,128,18.014285714285716,18.0,18,20,0.36832291831461267,93,87.81933985480497,233,0.5871737210653198
minnesota-vikings,Minnesota Vikings,Emmanuel McNeil-Warren,S,9.192955580164883,24,22,22,19.041666666666668,18.0,18,25,0.38303981584020347,19,87.81933985480497,233,0.10468030840773733
minnesota-vikings,Minnesota Vikings,Jermod McCoy,CB,5.805555555555555,12,12,12,17.666666666666668,18.0,14,18,0.4837962962962963,8,87.81933985480497,233,0.0661079389250033
minnesota-vikings,Minnesota Vikings,Peter Woods,DL,3.4444444444444446,10,10,10,18.1,18.0,15,22,0.34444444444444444,6,87.81933985480497,233,0.03922193505598283
minnesota-vikings,Minnesota Vikings,Jeremiyah Love,RB,3.0180878552971575,7,7,7,15.142857142857142,18.0,9,18,0.43115540789959395,3,87.81933985480497,233,0.03436700686075614
minnesota-vikings,Minnesota Vikings,Keldric Faulk,EDGE,2.916666666666667,5,5,5,17.6,18.0,16,18,0.5833333333333334,3,87.81933985480497,233,0.03321212242643707
minnesota-vikings,Minnesota Vikings,Kayden McDonald,DL,1.9069767441860466,3,3,3,18.0,18.0,18,18,0.6356589147286822,3,87.81933985480497,233,0.021714769745922975
minnesota-vikings,Minnesota Vikings,Avieon Terrell,CB,1.8333333333333335,4,4,4,18.0,18.0,18,18,0.45833333333333337,4,87.81933985480497,233,0.02087619123947473
minnesota-vikings,Minnesota Vikings,Spencer Fano,OT,1.1944444444444444,4,4,4,18.0,18.0,18,18,0.2986111111111111,4,87.81933985480497,233,0.013601154898445657
minnesota-vikings,Minnesota Vikings,Akheem Mesidor,EDGE,1.0,3,3,3,18.0,18.0,18,18,0.3333333333333333,1,87.81933985480497,233,0.011387013403349851
minnesota-vikings,Minnesota Vikings,Kenyon Sadiq,TE,0.8666666666666667,3,3,3,18.0,18.0,18,18,0.2888888888888889,3,87.81933985480497,233,0.009868744949569873
minnesota-vikings,Minnesota Vikings,Jordyn Tyson,WR,0.8333333333333335,2,2,2,18.0,18.0,18,18,0.41666666666666674,2,87.81933985480497,233,0.009489177836124879
minnesota-vikings,Minnesota Vikings,Colton Hood,CB,0.7083333333333333,2,2,2,18.0,18.0,18,18,0.35416666666666663,1,87.81933985480497,233,0.008065801160706144
minnesota-vikings,Minnesota Vikings,Caleb Downs,S,0.6388888888888888,3,3,3,18.0,18.0,18,18,0.21296296296296294,3,87.81933985480497,233,0.007275036341029072
minnesota-vikings,Minnesota Vikings,C.J. Allen,LB,0.5333333333333333,1,1,1,18.0,18.0,18,18,0.5333333333333333,1,87.81933985480497,233,0.006073073815119921
minnesota-vikings,Minnesota Vikings,Olaivavega Ioane,IOL,0.5,1,1,1,18.0,18.0,18,18,0.5,1,87.81933985480497,233,0.005693506701674926
minnesota-vikings,Minnesota Vikings,Kadyn Proctor,OT,0.4166666666666667,2,2,2,18.0,18.0,18,18,0.20833333333333334,2,87.81933985480497,233,0.004744588918062439
minnesota-vikings,Minnesota Vikings,Chris Johnson,CB,0.3333333333333333,1,1,1,18.0,18.0,18,18,0.3333333333333333,0,87.81933985480497,233,0.0037956711344499503
minnesota-vikings,Minnesota Vikings,Denzel Boston,WR,0.3333333333333333,1,1,1,18.0,18.0,18,18,0.3333333333333333,0,87.81933985480497,233,0.0037956711344499503
minnesota-vikings,Minnesota Vikings,Mansoor Delane,CB,0.3333333333333333,2,2,2,18.0,18.0,18,18,0.16666666666666666,1,87.81933985480497,233,0.0037956711344499503
minnesota-vikings,Minnesota Vikings,Zion Young,EDGE,0.3333333333333333,1,1,1,18.0,18.0,18,18,0.3333333333333333,0,87.81933985480497,233,0.0037956711344499503
minnesota-vikings,Minnesota Vikings,Omar Cooper Jr.,WR,0.1111111111111111,1,1,1,18.0,18.0,18,18,0.1111111111111111,1,87.81933985480497,233,0.001265223711483317
minnesota-vikings,Minnesota Vikings,Caleb Banks,DL,0.0,1,1,1,18.0,18.0,18,18,0.0,1,87.81933985480497,233,0.0
new-england-patriots,New England Patriots,Max Iheanachor,OT,14.581858407079645,27,26,26,30.555555555555557,31.0,23,31,0.5400688298918387,20,107.31586599241466,220,0.135877936335251
new-england-patriots,New England Patriots,Blake Miller,OT,12.309636184857425,22,22,22,31.0,31.0,31,31,0.5595289174935193,19,107.31586599241466,220,0.11470471836594506
new-england-patriots,New England Patriots,Cashius Howell,EDGE,9.358161258603737,19,18,17,31.0,31.0,31,31,0.49253480308440717,12,107.31586599241466,220,0.08720202900161281
new-england-patriots,New England Patriots,Denzel Boston,WR,6.216666666666667,14,14,14,30.785714285714285,31.0,28,31,0.4440476190476191,7,107.31586599241466,220,0.057928681925802805
new-england-patriots,New England Patriots,T.J. Parker,EDGE,5.711111111111111,13,12,12,31.0,31.0,31,31,0.4393162393162393,7,107.31586599241466,220,0.053217770348279965
new-england-patriots,New England Patriots,Omar Cooper Jr.,WR,5.0151917404129795,10,10,10,31.0,31.0,31,31,0.501519174041298,6,107.31586599241466,220,0.04673299417597269
new-england-patriots,New England Patriots,Zion Young,EDGE,4.877777777777778,11,11,11,31.0,31.0,31,31,0.44343434343434346,8,107.31586599241466,220,0.04545253148423134
new-england-patriots,New England Patriots,Malachi Lawrence,EDGE,4.433333333333334,8,8,8,31.0,31.0,31,31,0.5541666666666667,6,107.31586599241466,220,0.04131107075673873
new-england-patriots,New England Patriots,Kayden McDonald,DL,4.055555555555555,8,7,7,31.0,31.0,31,31,0.5069444444444444,6,107.31586599241466,220,0.037790829138370015
new-england-patriots,New England Patriots,C.J. Allen,LB,3.911111111111111,8,6,6,31.0,31.0,31,31,0.4888888888888889,4,107.31586599241466,220,0.036444854401934915
new-england-patriots,New England Patriots,Caleb Lomu,OT,3.8373015873015874,9,9,9,31.0,31.0,31,31,0.4263668430335097,8,107.31586599241466,220,0.035757076102547754
new-england-patriots,New England Patriots,Keldric Faulk,EDGE,3.1111111111111107,5,5,5,29.6,31.0,24,31,0.6222222222222221,3,107.31586599241466,220,0.028990225092448228
new-england-patriots,New England Patriots,R Mason Thomas,EDGE,2.887413962635202,5,5,5,31.0,31.0,31,31,0.5774827925270404,4,107.31586599241466,220,0.026905750943101842
new-england-patriots,New England Patriots,Kadyn Proctor,OT,2.5651917404129794,5,5,5,29.8,31.0,25,31,0.5130383480825959,5,107.31586599241466,220,0.023903191915669704
new-england-patriots,New England Patriots,Akheem Mesidor,EDGE,2.555555555555556,6,6,6,29.833333333333332,31.0,24,31,0.425925925925926,3,107.31586599241466,220,0.02381339918308248
new-england-patriots,New England Patriots,Colton Hood,CB,2.4444444444444446,4,4,4,31.0,31.0,31,31,0.6111111111111112,3,107.31586599241466,220,0.022778034001209327
new-england-patriots,New England Patriots,Jacob Rodriguez,LB,2.3555555555555556,5,5,5,31.0,31.0,31,31,0.47111111111111115,4,107.31586599241466,220,0.021949741855710803
new-england-patriots,New England Patriots,Caleb Banks,DL,2.3333333333333335,5,4,4,31.0,31.0,31,31,0.4666666666666667,5,107.31586599241466,220,0.021742668819336175
new-england-patriots,New England Patriots,Emmanuel McNeil-Warren,S,2.2444444444444445,6,6,6,31.0,31.0,31,31,0.37407407407407406,3,107.31586599241466,220,0.02091437667383765
new-england-patriots,New England Patriots,Kevin Concepcion,WR,2.1111111111111107,5,5,5,31.0,31.0,31,31,0.42222222222222217,1,107.31586599241466,220,0.019671938455589868
new-england-patriots,New England Patriots,Eli Stowers,TE,1.2777777777777777,4,4,4,31.0,31.0,31,31,0.3194444444444444,2,107.31586599241466,220,0.011906699591541236
new-england-patriots,New England Patriots,Jermod McCoy,CB,1.1666666666666667,2,2,2,31.0,31.0,31,31,0.5833333333333334,2,107.31586599241466,220,0.010871334409668088
new-england-patriots,New England Patriots,Kenyon Sadiq,TE,1.142857142857143,2,2,2,31.0,31.0,31,31,0.5714285714285715,2,107.31586599241466,220,0.01064947044212384
new-england-patriots,New England Patriots,Avieon Terrell,CB,1.1111111111111112,2,2,2,31.0,31.0,31,31,0.5555555555555556,2,107.31586599241466,220,0.010353651818731512
new-england-patriots,New England Patriots,Jake Golday,LB,0.8888888888888888,2,2,2,31.0,31.0,31,31,0.4444444444444444,1,107.31586599241466,220,0.008282921454985208
new-england-patriots,New England Patriots,Gabe Jacas,EDGE,0.6666666666666666,2,2,2,31.0,31.0,31,31,0.3333333333333333,0,107.31586599241466,220,0.006212191091238906
new-england-patriots,New England Patriots,Peter Woods,DL,0.5555555555555556,2,2,2,31.0,31.0,31,31,0.2777777777777778,2,107.31586599241466,220,0.005176825909365756
new-england-patriots,New England Patriots,Monroe Freeling,OT,0.5333333333333333,1,1,1,31.0,31.0,31,31,0.5333333333333333,1,107.31586599241466,220,0.004969752872991125
new-england-patriots,New England Patriots,Keylan Rutledge,IOL,0.4761904761904762,1,1,1,31.0,31.0,31,31,0.4761904761904762,1,107.31586599241466,220,0.004437279350884934
new-england-patriots,New England Patriots,Arvell Reese,LB,0.4666666666666666,1,1,1,2.0,2.0,2,2,0.4666666666666666,1,107.31586599241466,220,0.004348533763867234
new-england-patriots,New England Patriots,Chris Brazzell,WR,0.4,1,1,1,31.0,31.0,31,31,0.4,1,107.31586599241466,220,0.003727314654743344
new-england-patriots,New England Patriots,Dillon Thieneman,S,0.38095238095238093,1,1,1,31.0,31.0,31,31,0.38095238095238093,1,107.31586599241466,220,0.0035498234807079462
new-england-patriots,New England Patriots,Anthony Hill Jr.,LB,0.3333333333333333,1,1,1,31.0,31.0,31,31,0.3333333333333333,0,107.31586599241466,220,0.003106095545619453
new-england-patriots,New England Patriots,Chase Bisontis,IOL,0.3333333333333333,1,1,1,31.0,31.0,31,31,0.3333333333333333,0,107.31586599241466,220,0.003106095545619453
new-england-patriots,New England Patriots,Chris Bell,WR,0.3333333333333333,1,1,1,31.0,31.0,31,31,0.3333333333333333,0,107.31586599241466,220,0.003106095545619453
new-england-patriots,New England Patriots,Matayo Uiagalelei,EDGE,0.3333333333333333,1,1,1,31.0,31.0,31,31,0.3333333333333333,0,107.31586599241466,220,0.003106095545619453
new-orleans-saints,New Orleans Saints,Rueben Bain,EDGE,19.68015873015873,55,50,50,8.145454545454545,8.0,8,12,0.3578210678210678,28,89.60517747781527,255,0.2196319373959301
new-orleans-saints,New Orleans Saints,Mansoor Delane,CB,16.594550681164854,47,43,41,8.042553191489361,8.0,8,10,0.35307554640776284,40,89.60517747781527,255,0.1851963374021929
new-orleans-saints,New Orleans Saints,Carnell Tate,WR,15.305361829771279,47,46,45,8.02127659574468,8.0,5,12,0.3256459963781123,29,89.60517747781527,255,0.1708089003401687
new-orleans-saints,New Orleans Saints,Jordyn Tyson,WR,8.74315710536183,25,24,24,8.32,8.0,8,12,0.34972628421447316,15,89.60517747781527,255,0.09757424014395248
new-orleans-saints,New Orleans Saints,Makai Lemon,WR,7.386904761904762,22,21,21,8.0,8.0,8,8,0.33576839826839827,16,89.60517747781527,255,0.08243836985573333
new-orleans-saints,New Orleans Saints,David Bailey,EDGE,5.830952380952381,19,19,19,7.473684210526316,8.0,3,8,0.3068922305764411,13,89.60517747781527,255,0.06507383328821625
new-orleans-saints,New Orleans Saints,Caleb Downs,S,5.217760279965004,12,12,12,8.0,8.0,8,8,0.43481335666375037,9,89.60517747781527,255,0.058230566880544746
new-orleans-saints,New Orleans Saints,Sonny Styles,LB,2.862204724409449,9,9,9,8.0,8.0,8,8,0.31802274715660545,7,89.60517747781527,255,0.031942403385318695
new-orleans-saints,New Orleans Saints,Jermod McCoy,CB,2.2063492063492065,6,6,6,8.666666666666666,8.0,8,12,0.36772486772486773,4,89.60517747781527,255,0.02462301028191659
new-orleans-saints,New Orleans Saints,Francis Mauigoa,OT,1.6111111111111112,4,4,4,8.0,8.0,8,8,0.4027777777777778,4,89.60517747781527,255,0.017980111824564993
new-orleans-saints,New Orleans Saints,Denzel Boston,WR,1.1666666666666667,2,2,2,12.5,12.5,8,17,0.5833333333333334,2,89.60517747781527,255,0.013020080976409132
new-orleans-saints,New Orleans Saints,Jeremiyah Love,RB,1.1111111111111112,2,2,2,8.0,8.0,8,8,0.5555555555555556,2,89.60517747781527,255,0.01240007712038965
new-orleans-saints,New Orleans Saints,Zion Young,EDGE,0.5,1,1,1,32.0,32.0,32,32,0.5,1,89.60517747781527,255,0.005580034704175342
new-orleans-saints,New Orleans Saints,Keldric Faulk,EDGE,0.38888888888888884,1,1,1,25.0,25.0,25,25,0.38888888888888884,1,89.60517747781527,255,0.004340026992136377
new-orleans-saints,New Orleans Saints,Kenyon Sadiq,TE,0.33333333333333337,1,1,1,8.0,8.0,8,8,0.33333333333333337,1,89.60517747781527,255,0.0037200231361168954
new-orleans-saints,New Orleans Saints,Arvell Reese,LB,0.3333333333333333,1,1,1,3.0,3.0,3,3,0.3333333333333333,0,89.60517747781527,255,0.0037200231361168945
new-orleans-saints,New Orleans Saints,Kayden McDonald,DL,0.3333333333333333,1,1,1,8.0,8.0,8,8,0.3333333333333333,0,89.60517747781527,255,0.0037200231361168945
new-york-giants,New York Giants,Sonny Styles,LB,56.78165445665446,114,106,104,5.219298245614035,5.0,5,10,0.49808468821626717,73,161.5688034188034,318,0.35143946885260025
new-york-giants,New York Giants,Caleb Downs,S,34.238461538461536,67,63,63,6.1940298507462686,5.0,5,10,0.5110218140068886,37,161.5688034188034,318,0.21191257726723287
new-york-giants,New York Giants,Carnell Tate,WR,14.024969474969476,27,26,26,5.7407407407407405,5.0,5,10,0.5194433138877583,19,161.5688034188034,318,0.0868049349763102
new-york-giants,New York Giants,Jordyn Tyson,WR,13.036874236874237,22,22,22,8.636363636363637,10.0,5,10,0.5925851925851926,18,161.5688034188034,318,0.08068930363420022
new-york-giants,New York Giants,Francis Mauigoa,OT,12.16031746031746,25,25,25,5.0,5.0,5,5,0.4864126984126984,18,161.5688034188034,318,0.07526401881430435
new-york-giants,New York Giants,Jeremiyah Love,RB,10.348748473748474,20,20,19,5.0,5.0,5,5,0.5174374236874237,18,161.5688034188034,318,0.06405165016246003
new-york-giants,New York Giants,Olaivavega Ioane,IOL,4.0,7,7,7,10.857142857142858,10.0,10,13,0.5714285714285714,5,161.5688034188034,318,0.024757254589746373
new-york-giants,New York Giants,Mansoor Delane,CB,2.861111111111111,6,6,6,7.5,7.5,5,10,0.47685185185185186,6,161.5688034188034,318,0.017708314046832475
new-york-giants,New York Giants,Spencer Fano,OT,2.8555555555555556,7,7,7,7.857142857142857,10.0,5,10,0.40793650793650793,5,161.5688034188034,318,0.017673928971013383
new-york-giants,New York Giants,Arvell Reese,LB,2.4444444444444446,5,5,5,5.0,5.0,5,5,0.48888888888888893,3,161.5688034188034,318,0.015129433360400561
new-york-giants,New York Giants,Rueben Bain,EDGE,1.8888888888888888,4,4,4,8.75,10.0,5,10,0.4722222222222222,2,161.5688034188034,318,0.011690925778491342
new-york-giants,New York Giants,Makai Lemon,WR,1.6666666666666667,4,4,4,9.75,10.0,9,10,0.4166666666666667,3,161.5688034188034,318,0.010315522745727656
new-york-giants,New York Giants,David Bailey,EDGE,1.1944444444444444,2,2,2,5.0,5.0,5,5,0.5972222222222222,2,161.5688034188034,318,0.007392791301104819
new-york-giants,New York Giants,Avieon Terrell,CB,1.0,1,1,1,31.0,31.0,31,31,1.0,1,161.5688034188034,318,0.006189313647436593
new-york-giants,New York Giants,Kayden McDonald,DL,0.888888888888889,2,2,2,28.0,28.0,28,28,0.4444444444444445,2,161.5688034188034,318,0.00550161213105475
new-york-giants,New York Giants,Brandon Cisse,CB,0.8333333333333333,2,2,2,18.5,18.5,5,32,0.41666666666666663,1,161.5688034188034,318,0.005157761372863827
new-york-giants,New York Giants,Jermod McCoy,CB,0.7333333333333333,1,1,1,5.0,5.0,5,5,0.7333333333333333,1,161.5688034188034,318,0.0045388300081201675
new-york-giants,New York Giants,Peter Woods,DL,0.6111111111111112,2,2,2,19.0,19.0,10,28,0.3055555555555556,1,161.5688034188034,318,0.0037823583401001403
new-york-jets,New York Jets,Arvell Reese,LB,68.89143990929705,159,149,144,2.0,2.0,2,2,0.4332794962848871,100,221.84361300075585,495,0.3105405604310201
new-york-jets,New York Jets,David Bailey,EDGE,36.51477702191988,76,71,71,2.0,2.0,2,2,0.4804575923936827,56,221.84361300075585,495,0.16459692721374616
new-york-jets,New York Jets,Jordyn Tyson,WR,22.198639455782313,50,49,49,15.96,16.0,9,24,0.44397278911564625,33,221.84361300075585,495,0.10006436135579291
new-york-jets,New York Jets,Omar Cooper Jr.,WR,19.24669312169312,41,39,39,16.0,16.0,16,16,0.4694315395534907,26,221.84361300075585,495,0.08675793213675953
new-york-jets,New York Jets,Makai Lemon,WR,18.84591836734694,43,39,37,15.604651162790697,16.0,7,16,0.43827717133364974,29,221.84361300075585,495,0.08495136782361513
new-york-jets,New York Jets,Ty Simpson,QB,8.21111111111111,16,16,16,18.25,16.0,16,32,0.5131944444444444,11,221.84361300075585,495,0.03701306068740926
new-york-jets,New York Jets,Denzel Boston,WR,7.023809523809524,13,12,12,16.923076923076923,16.0,16,23,0.5402930402930403,11,221.84361300075585,495,0.03166108516176029
new-york-jets,New York Jets,Jermod McCoy,CB,6.783163265306123,15,15,15,16.733333333333334,16.0,16,26,0.4522108843537415,13,221.84361300075585,495,0.030576328854160034
new-york-jets,New York Jets,Kevin Concepcion,WR,4.841666666666667,10,10,10,17.6,16.0,16,24,0.4841666666666667,8,221.84361300075585,495,0.021824683619132052
new-york-jets,New York Jets,Olaivavega Ioane,IOL,3.5750566893424036,10,10,9,15.7,16.0,13,16,0.35750566893424035,6,221.84361300075585,495,0.016115211256184432
new-york-jets,New York Jets,Kenyon Sadiq,TE,2.9333333333333336,7,7,7,16.0,16.0,16,16,0.41904761904761906,5,221.84361300075585,495,0.0132225277692504
new-york-jets,New York Jets,Avieon Terrell,CB,2.7666666666666666,7,7,7,19.428571428571427,16.0,16,28,0.3952380952380952,6,221.84361300075585,495,0.012471247782361172
new-york-jets,New York Jets,Caleb Downs,S,2.5,4,4,4,10.75,10.5,6,16,0.625,4,221.84361300075585,495,0.011269199803338409
new-york-jets,New York Jets,Carnell Tate,WR,2.1904761904761907,6,6,6,6.0,4.5,2,16,0.3650793650793651,4,221.84361300075585,495,0.009873965541972703
new-york-jets,New York Jets,Sonny Styles,LB,2.055555555555556,6,6,6,6.666666666666667,2.0,2,16,0.3425925925925926,5,221.84361300075585,495,0.009265786504967137
new-york-jets,New York Jets,Dillon Thieneman,S,1.7222222222222223,4,4,4,16.0,16.0,16,16,0.4305555555555556,4,221.84361300075585,495,0.007763226531188682
new-york-jets,New York Jets,Rueben Bain,EDGE,1.6666666666666667,5,5,5,2.0,2.0,2,2,0.33333333333333337,2,221.84361300075585,495,0.007512799868892273
new-york-jets,New York Jets,Keldric Faulk,EDGE,1.523809523809524,4,4,4,16.0,16.0,16,16,0.380952380952381,4,221.84361300075585,495,0.006868845594415793
new-york-jets,New York Jets,Fernando Mendoza,QB,1.4875283446712018,2,2,2,1.5,1.5,1,2,0.7437641723356009,2,221.84361300075585,495,0.006705301651691606
new-york-jets,New York Jets,Francis Mauigoa,OT,1.0,3,3,3,6.666666666666667,2.0,2,16,0.3333333333333333,2,221.84361300075585,495,0.004507679921335364
new-york-jets,New York Jets,Emmanuel McNeil-Warren,S,1.0,2,2,2,17.5,17.5,16,19,0.5,1,221.84361300075585,495,0.004507679921335364
new-york-jets,New York Jets,Spencer Fano,OT,0.8571428571428572,2,2,2,16.0,16.0,16,16,0.4285714285714286,1,221.84361300075585,495,0.0038637256468588834
new-york-jets,New York Jets,Zion Young,EDGE,0.6190476190476191,1,1,1,31.0,31.0,31,31,0.6190476190476191,1,221.84361300075585,495,0.002790468522731416
new-york-jets,New York Jets,Jeremiyah Love,RB,0.5555555555555556,1,1,1,2.0,2.0,2,2,0.5555555555555556,1,221.84361300075585,495,0.002504266622964091
new-york-jets,New York Jets,Colton Hood,CB,0.5,1,1,1,16.0,16.0,16,16,0.5,1,221.84361300075585,495,0.002253839960667682
new-york-jets,New York Jets,T.J. Parker,EDGE,0.33333333333333337,1,1,1,16.0,16.0,16,16,0.33333333333333337,1,221.84361300075585,495,0.0015025599737784547
new-york-jets,New York Jets,A.J. Harris,CB,0.3333333333333333,1,1,1,16.0,16.0,16,16,0.3333333333333333,0,221.84361300075585,495,0.0015025599737784545
new-york-jets,New York Jets,Akheem Mesidor,EDGE,0.3333333333333333,1,1,1,16.0,16.0,16,16,0.3333333333333333,0,221.84361300075585,495,0.0015025599737784545
new-york-jets,New York Jets,Chris Johnson,CB,0.3333333333333333,1,1,1,16.0,16.0,16,16,0.3333333333333333,0,221.84361300075585,495,0.0015025599737784545
new-york-jets,New York Jets,Monroe Freeling,OT,0.3333333333333333,1,1,1,16.0,16.0,16,16,0.3333333333333333,0,221.84361300075585,495,0.0015025599737784545
new-york-jets,New York Jets,Max Iheanachor,OT,0.3333333333333333,1,1,1,18.0,18.0,18,18,0.3333333333333333,0,221.84361300075585,495,0.0015025599737784545
new-york-jets,New York Jets,Cole Payton,QB,0.3333333333333333,1,1,1,30.0,30.0,30,30,0.3333333333333333,0,221.84361300075585,495,0.0015025599737784545
philadelphia-eagles,Philadelphia Eagles,Max Iheanachor,OT,11.817460317460318,32,31,31,23.59375,23.0,21,31,0.36929563492063494,23,85.170300608828,232,0.1387509523036182
philadelphia-eagles,Philadelphia Eagles,Blake Miller,OT,11.561851761252447,32,32,31,22.96875,23.0,15,30,0.36130786753913896,23,85.170300608828,232,0.13574980572575374
philadelphia-eagles,Philadelphia Eagles,Kenyon Sadiq,TE,6.971749293324636,20,19,19,22.8,23.0,19,23,0.3485874646662318,13,85.170300608828,232,0.08185657727503672
philadelphia-eagles,Philadelphia Eagles,Kadyn Proctor,OT,6.594368340943683,19,19,19,23.0,23.0,23,23,0.3470720179444044,10,85.170300608828,232,0.07742567883176132
philadelphia-eagles,Philadelphia Eagles,Emmanuel McNeil-Warren,S,5.507936507936508,14,12,12,23.0,23.0,23,23,0.3934240362811791,9,85.170300608828,232,0.06466968495548088
philadelphia-eagles,Philadelphia Eagles,Monroe Freeling,OT,5.130952380952381,14,14,14,22.214285714285715,23.0,16,23,0.36649659863945583,10,85.170300608828,232,0.060243445711409785
philadelphia-eagles,Philadelphia Eagles,Akheem Mesidor,EDGE,4.944444444444445,11,10,10,22.545454545454547,23.0,18,23,0.4494949494949495,9,85.170300608828,232,0.05805362208539566
philadelphia-eagles,Philadelphia Eagles,Caleb Lomu,OT,4.26031746031746,13,12,12,23.0,23.0,23,23,0.3277167277167277,7,85.170300608828,232,0.050021162657207685
philadelphia-eagles,Philadelphia Eagles,Denzel Boston,WR,3.8234126984126986,10,10,10,23.5,23.0,23,28,0.38234126984126987,8,85.170300608828,232,0.0448913843332895
philadelphia-eagles,Philadelphia Eagles,T.J. Parker,EDGE,2.75,8,8,8,23.0,23.0,23,23,0.34375,8,85.170300608828,232,0.032288250485697584
philadelphia-eagles,Philadelphia Eagles,Dillon Thieneman,S,2.7166666666666663,7,7,7,20.571428571428573,23.0,16,23,0.38809523809523805,3,85.170300608828,232,0.03189687775253761
philadelphia-eagles,Philadelphia Eagles,Omar Cooper Jr.,WR,2.353098499673842,7,7,7,23.0,23.0,23,23,0.3361569285248346,5,85.170300608828,232,0.027628157736359342
philadelphia-eagles,Philadelphia Eagles,Keldric Faulk,EDGE,2.163812785388128,6,6,6,23.0,23.0,23,23,0.3606354642313547,4,85.170300608828,232,0.025405719715915223
philadelphia-eagles,Philadelphia Eagles,Kevin Concepcion,WR,2.1527777777777777,5,5,5,23.0,23.0,23,23,0.4305555555555555,3,85.170300608828,232,0.02527615568324811
philadelphia-eagles,Philadelphia Eagles,Spencer Fano,OT,1.4166666666666665,4,4,4,22.0,23.0,19,23,0.35416666666666663,2,85.170300608828,232,0.016633341159298754
philadelphia-eagles,Philadelphia Eagles,Malachi Lawrence,EDGE,1.413812785388128,4,3,3,25.0,23.0,23,31,0.353453196347032,4,85.170300608828,232,0.016599833219815882
philadelphia-eagles,Philadelphia Eagles,Jordyn Tyson,WR,1.3576388888888888,4,4,4,22.5,23.0,21,23,0.3394097222222222,2,85.170300608828,232,0.015940285277661306
philadelphia-eagles,Philadelphia Eagles,Cashius Howell,EDGE,1.0833333333333335,2,2,2,23.0,23.0,23,23,0.5416666666666667,2,85.170300608828,232,0.012719613827699051
philadelphia-eagles,Philadelphia Eagles,Carnell Tate,WR,1.0,1,1,1,11.0,11.0,11,11,1.0,1,85.170300608828,232,0.011741181994799121
philadelphia-eagles,Philadelphia Eagles,Ty Simpson,QB,0.8888888888888888,3,3,3,23.0,23.0,23,23,0.2962962962962963,2,85.170300608828,232,0.01043660621759922
philadelphia-eagles,Philadelphia Eagles,C.J. Allen,LB,0.8333333333333334,2,2,2,23.0,23.0,23,23,0.4166666666666667,2,85.170300608828,232,0.009784318328999269
philadelphia-eagles,Philadelphia Eagles,Olaivavega Ioane,IOL,0.7777777777777777,2,2,2,19.0,19.0,15,23,0.38888888888888884,1,85.170300608828,232,0.009132030440399315
philadelphia-eagles,Philadelphia Eagles,Francis Mauigoa,OT,0.6666666666666667,2,2,2,14.0,14.0,10,18,0.33333333333333337,2,85.170300608828,232,0.007827454663199415
philadelphia-eagles,Philadelphia Eagles,Avieon Terrell,CB,0.6666666666666667,2,1,1,23.0,23.0,23,23,0.33333333333333337,2,85.170300608828,232,0.007827454663199415
philadelphia-eagles,Philadelphia Eagles,Peter Woods,DL,0.5833333333333333,2,2,2,23.0,23.0,23,23,0.29166666666666663,1,85.170300608828,232,0.006849022830299487
philadelphia-eagles,Philadelphia Eagles,Caleb Downs,S,0.4,1,1,1,11.0,11.0,11,11,0.4,1,85.170300608828,232,0.004696472797919649
philadelphia-eagles,Philadelphia Eagles,Keylan Rutledge,IOL,0.33333333333333337,1,1,1,23.0,23.0,23,23,0.33333333333333337,1,85.170300608828,232,0.003913727331599707
philadelphia-eagles,Philadelphia Eagles,Zion Young,EDGE,0.33333333333333337,1,1,1,23.0,23.0,23,23,0.33333333333333337,1,85.170300608828,232,0.003913727331599707
philadelphia-eagles,Philadelphia Eagles,Eli Stowers,TE,0.3333333333333333,1,1,1,23.0,23.0,23,23,0.3333333333333333,0,85.170300608828,232,0.003913727331599707
philadelphia-eagles,Philadelphia Eagles,Germie Bernard,WR,0.3333333333333333,1,1,1,23.0,23.0,23,23,0.3333333333333333,0,85.170300608828,232,0.003913727331599707
philadelphia-eagles,Philadelphia Eagles,Jermod McCoy,CB,0.0,1,1,1,23.0,23.0,23,23,0.0,1,85.170300608828,232,0.0
pittsburgh-steelers,Pittsburgh Steelers,Olaivavega Ioane,IOL,13.539654195011337,37,37,36,20.756756756756758,21.0,12,21,0.3659365998651713,26,82.31031746031746,231,0.1644952250553392
pittsburgh-steelers,Pittsburgh Steelers,Omar Cooper Jr.,WR,9.688888888888888,25,24,24,20.8,21.0,16,21,0.38755555555555554,14,82.31031746031746,231,0.11771171813983086
pittsburgh-steelers,Pittsburgh Steelers,Ty Simpson,QB,8.522222222222222,24,23,23,21.083333333333332,21.0,21,23,0.35509259259259257,16,82.31031746031746,231,0.10353771538216774
pittsburgh-steelers,Pittsburgh Steelers,Kevin Concepcion,WR,5.787882653061224,14,14,14,21.0,21.0,21,21,0.41342018950437315,9,82.31031746031746,231,0.07031782687330314
pittsburgh-steelers,Pittsburgh Steelers,Monroe Freeling,OT,5.344444444444444,15,13,13,20.666666666666668,21.0,16,21,0.3562962962962963,10,82.31031746031746,231,0.06493043168034249
pittsburgh-steelers,Pittsburgh Steelers,Blake Miller,OT,4.933333333333334,14,11,11,21.0,21.0,21,21,0.3523809523809524,10,82.31031746031746,231,0.05993578308954692
pittsburgh-steelers,Pittsburgh Steelers,Kadyn Proctor,OT,4.345521541950114,18,18,18,21.0,21.0,21,21,0.241417863441673,12,82.31031746031746,231,0.05279437227350178
pittsburgh-steelers,Pittsburgh Steelers,Makai Lemon,WR,3.7729166666666667,10,10,10,18.9,21.0,12,21,0.3772916666666667,6,82.31031746031746,231,0.045837712489514126
pittsburgh-steelers,Pittsburgh Steelers,Emmanuel McNeil-Warren,S,3.0833333333333335,8,8,8,21.25,21.0,21,23,0.3854166666666667,7,82.31031746031746,231,0.03745986443096682
pittsburgh-steelers,Pittsburgh Steelers,Spencer Fano,OT,3.0816326530612246,8,8,8,20.625,21.0,15,24,0.3852040816326531,5,82.31031746031746,231,0.03743920261936673
pittsburgh-steelers,Pittsburgh Steelers,Jordyn Tyson,WR,2.6482993197278915,8,8,8,19.25,21.0,13,21,0.33103741496598643,7,82.31031746031746,231,0.032174573023663285
pittsburgh-steelers,Pittsburgh Steelers,Caleb Lomu,OT,2.526077097505669,8,8,8,21.0,21.0,21,21,0.3157596371882086,5,82.31031746031746,231,0.030689677496670002
pittsburgh-steelers,Pittsburgh Steelers,Kayden McDonald,DL,2.066666666666667,5,5,5,22.8,21.0,21,30,0.4133333333333334,3,82.31031746031746,231,0.025108233456431817
pittsburgh-steelers,Pittsburgh Steelers,Denzel Boston,WR,1.8888888888888888,4,4,4,21.0,21.0,21,21,0.4722222222222222,2,82.31031746031746,231,0.022948385417168864
pittsburgh-steelers,Pittsburgh Steelers,T.J. Parker,EDGE,1.8833333333333333,5,5,5,21.0,21.0,21,21,0.37666666666666665,3,82.31031746031746,231,0.022880890165941897
pittsburgh-steelers,Pittsburgh Steelers,C.J. Allen,LB,1.0729166666666667,3,3,3,21.0,21.0,21,21,0.3576388888888889,2,82.31031746031746,231,0.013035020393208049
pittsburgh-steelers,Pittsburgh Steelers,Francis Mauigoa,OT,1.0,2,2,2,21.0,21.0,21,21,0.5,1,82.31031746031746,231,0.012149145220854104
pittsburgh-steelers,Pittsburgh Steelers,Max Iheanachor,OT,0.7520833333333333,3,3,3,21.0,21.0,21,21,0.25069444444444444,2,82.31031746031746,231,0.00913716963485069
pittsburgh-steelers,Pittsburgh Steelers,Emmanuel Pregnon,IOL,0.7333333333333334,2,2,2,21.0,21.0,21,21,0.3666666666666667,2,82.31031746031746,231,0.008909373161959677
pittsburgh-steelers,Pittsburgh Steelers,Akheem Mesidor,EDGE,0.6666666666666667,2,2,2,21.0,21.0,21,21,0.33333333333333337,1,82.31031746031746,231,0.00809943014723607
pittsburgh-steelers,Pittsburgh Steelers,Avieon Terrell,CB,0.6666666666666667,2,2,2,21.0,21.0,21,21,0.33333333333333337,1,82.31031746031746,231,0.00809943014723607
pittsburgh-steelers,Pittsburgh Steelers,Dillon Thieneman,S,0.6666666666666667,2,2,2,21.0,21.0,21,21,0.33333333333333337,1,82.31031746031746,231,0.00809943014723607
pittsburgh-steelers,Pittsburgh Steelers,Jacob Rodriguez,LB,0.5555555555555556,1,1,1,21.0,21.0,21,21,0.5555555555555556,1,82.31031746031746,231,0.0067495251226967245
pittsburgh-steelers,Pittsburgh Steelers,Keldric Faulk,EDGE,0.5,2,2,2,21.0,21.0,21,21,0.25,2,82.31031746031746,231,0.006074572610427052
pittsburgh-steelers,Pittsburgh Steelers,Caleb Banks,DL,0.33333333333333337,1,1,1,21.0,21.0,21,21,0.33333333333333337,1,82.31031746031746,231,0.004049715073618035
pittsburgh-steelers,Pittsburgh Steelers,Chase Bisontis,IOL,0.33333333333333337,1,1,1,21.0,21.0,21,21,0.33333333333333337,1,82.31031746031746,231,0.004049715073618035
pittsburgh-steelers,Pittsburgh Steelers,Zion Young,EDGE,0.33333333333333337,1,1,1,21.0,21.0,21,21,0.33333333333333337,0,82.31031746031746,231,0.004049715073618035
pittsburgh-steelers,Pittsburgh Steelers,Caleb Downs,S,0.3333333333333333,1,1,1,13.0,13.0,13,13,0.3333333333333333,0,82.31031746031746,231,0.004049715073618034
pittsburgh-steelers,Pittsburgh Steelers,Drew Shelton,OT,0.3333333333333333,1,1,1,21.0,21.0,21,21,0.3333333333333333,0,82.31031746031746,231,0.004049715073618034
pittsburgh-steelers,Pittsburgh Steelers,Kenyon Sadiq,TE,0.3333333333333333,1,1,1,21.0,21.0,21,21,0.3333333333333333,0,82.31031746031746,231,0.004049715073618034
pittsburgh-steelers,Pittsburgh Steelers,Chris Johnson,CB,0.25,1,1,1,21.0,21.0,21,21,0.25,1,82.31031746031746,231,0.003037286305213526
pittsburgh-steelers,Pittsburgh Steelers,Colton Hood,CB,0.16666666666666669,1,1,1,21.0,21.0,21,21,0.16666666666666669,1,82.31031746031746,231,0.0020248575368090175
pittsburgh-steelers,Pittsburgh Steelers,Peter Woods,DL,0.16666666666666669,1,1,1,21.0,21.0,21,21,0.16666666666666669,1,82.31031746031746,231,0.0020248575368090175
san-francisco-49ers,San Francisco 49ers,Caleb Lomu,OT,18.330185786435788,56,55,55,27.0,27.0,27,27,0.3273247461863534,40,74.01994745845552,228,0.2476384598452167
san-francisco-49ers,San Francisco 49ers,Max Iheanachor,OT,6.407963564213564,21,20,20,27.0,27.0,27,27,0.30514112210540784,13,74.01994745845552,228,0.08657076618177961
san-francisco-49ers,San Francisco 49ers,Kevin Concepcion,WR,6.254480286738351,18,18,18,27.0,27.0,27,27,0.3474711270410195,13,74.01994745845552,228,0.0844972267813179
san-francisco-49ers,San Francisco 49ers,Omar Cooper Jr.,WR,4.350649350649351,12,12,11,26.833333333333332,27.0,25,27,0.3625541125541126,9,74.01994745845552,228,0.05877671492662433
san-francisco-49ers,San Francisco 49ers,Blake Miller,OT,3.8333333333333335,13,13,13,27.307692307692307,27.0,27,31,0.2948717948717949,7,74.01994745845552,228,0.051787841858234665
san-francisco-49ers,San Francisco 49ers,Kadyn Proctor,OT,3.5166666666666666,12,10,10,27.0,27.0,27,27,0.29305555555555557,7,74.01994745845552,228,0.047509715791684844
san-francisco-49ers,San Francisco 49ers,Keldric Faulk,EDGE,3.3333333333333335,10,10,10,27.0,27.0,27,27,0.33333333333333337,3,74.01994745845552,228,0.04503290596368232
san-francisco-49ers,San Francisco 49ers,T.J. Parker,EDGE,2.966666666666667,10,9,9,27.0,27.0,27,27,0.2966666666666667,7,74.01994745845552,228,0.040079286307677264
san-francisco-49ers,San Francisco 49ers,Kenyon Sadiq,TE,2.7222222222222223,6,6,6,27.0,27.0,27,27,0.4537037037037037,5,74.01994745845552,228,0.03677687320367389
san-francisco-49ers,San Francisco 49ers,Emmanuel McNeil-Warren,S,2.3333333333333335,6,6,6,27.0,27.0,27,27,0.3888888888888889,4,74.01994745845552,228,0.03152303417457762
san-francisco-49ers,San Francisco 49ers,Cashius Howell,EDGE,2.1753246753246755,9,8,8,27.0,27.0,27,27,0.24170274170274172,7,74.01994745845552,228,0.029388357463312163
san-francisco-49ers,San Francisco 49ers,Zion Young,EDGE,1.9166666666666667,5,4,4,27.0,27.0,27,27,0.38333333333333336,3,74.01994745845552,228,0.025893920929117333
san-francisco-49ers,San Francisco 49ers,Malachi Lawrence,EDGE,1.8055555555555556,5,5,5,27.0,27.0,27,27,0.3611111111111111,5,74.01994745845552,228,0.024392824063661257
san-francisco-49ers,San Francisco 49ers,Denzel Boston,WR,1.6888888888888889,5,5,5,27.0,27.0,27,27,0.3377777777777778,4,74.01994745845552,228,0.022816672354932375
san-francisco-49ers,San Francisco 49ers,Akheem Mesidor,EDGE,1.6753246753246753,5,5,5,27.0,27.0,27,27,0.33506493506493507,1,74.01994745845552,228,0.022633421568759814
san-francisco-49ers,San Francisco 49ers,Monroe Freeling,OT,1.3611111111111112,5,5,5,27.0,27.0,27,27,0.27222222222222225,3,74.01994745845552,228,0.018388436601836946
san-francisco-49ers,San Francisco 49ers,Avieon Terrell,CB,1.341991341991342,5,5,5,27.0,27.0,27,27,0.2683982683982684,4,74.01994745845552,228,0.01813013097239158
san-francisco-49ers,San Francisco 49ers,Peter Woods,DL,1.3333333333333335,3,3,3,27.0,27.0,27,27,0.4444444444444445,2,74.01994745845552,228,0.01801316238547293
san-francisco-49ers,San Francisco 49ers,Emmanuel Pregnon,IOL,1.3333333333333333,4,4,4,27.0,27.0,27,27,0.3333333333333333,1,74.01994745845552,228,0.018013162385472927
san-francisco-49ers,San Francisco 49ers,Colton Hood,CB,1.0,3,3,3,27.0,27.0,27,27,0.3333333333333333,1,74.01994745845552,228,0.013509871789104694
san-francisco-49ers,San Francisco 49ers,Jermod McCoy,CB,0.7000000000000001,3,3,3,27.0,27.0,27,27,0.23333333333333336,3,74.01994745845552,228,0.009456910252373288
san-francisco-49ers,San Francisco 49ers,Jordyn Tyson,WR,0.5,2,2,2,24.5,24.5,22,27,0.25,1,74.01994745845552,228,0.006754935894552347
san-francisco-49ers,San Francisco 49ers,Chase Bisontis,IOL,0.4666666666666666,1,1,1,27.0,27.0,27,27,0.4666666666666666,1,74.01994745845552,228,0.006304606834915524
san-francisco-49ers,San Francisco 49ers,Olaivavega Ioane,IOL,0.40625,1,1,1,27.0,27.0,27,27,0.40625,0,74.01994745845552,228,0.005488385414323782
san-francisco-49ers,San Francisco 49ers,D'angelo Ponds,CB,0.33333333333333337,1,1,1,27.0,27.0,27,27,0.33333333333333337,1,74.01994745845552,228,0.004503290596368233
san-francisco-49ers,San Francisco 49ers,Makai Lemon,WR,0.33333333333333337,1,1,1,27.0,27.0,27,27,0.33333333333333337,1,74.01994745845552,228,0.004503290596368233
san-francisco-49ers,San Francisco 49ers,Caleb Banks,DL,0.3333333333333333,1,1,1,27.0,27.0,27,27,0.3333333333333333,0,74.01994745845552,228,0.004503290596368232
san-francisco-49ers,San Francisco 49ers,Francis Mauigoa,OT,0.3333333333333333,1,1,1,27.0,27.0,27,27,0.3333333333333333,0,74.01994745845552,228,0.004503290596368232
san-francisco-49ers,San Francisco 49ers,Kayden McDonald,DL,0.3333333333333333,1,1,1,27.0,27.0,27,27,0.3333333333333333,0,74.01994745845552,228,0.004503290596368232
san-francisco-49ers,San Francisco 49ers,Spencer Fano,OT,0.3333333333333333,1,1,1,27.0,27.0,27,27,0.3333333333333333,0,74.01994745845552,228,0.004503290596368232
san-francisco-49ers,San Francisco 49ers,David Bailey,EDGE,0.26666666666666666,1,1,1,6.0,6.0,6,6,0.26666666666666666,1,74.01994745845552,228,0.0036026324770945853
san-francisco-49ers,San Francisco 49ers,Brandon Cisse,CB,0.0,1,1,1,27.0,27.0,27,27,0.0,1,74.01994745845552,228,0.0
seattle-seahawks,Seattle Seahawks,Colton Hood,CB,13.432563813813815,36,35,34,32.0,32.0,32,32,0.3731267726059393,21,77.8554912054912,214,0.17253200263498442
seattle-seahawks,Seattle Seahawks,Jadarian Price,RB,12.79024024024024,37,35,35,32.0,32.0,32,32,0.3456821686551416,22,77.8554912054912,214,0.16428180006573687
seattle-seahawks,Seattle Seahawks,Avieon Terrell,CB,7.861111111111111,20,20,20,32.0,32.0,32,32,0.39305555555555555,11,77.8554912054912,214,0.10097054156864224
seattle-seahawks,Seattle Seahawks,Chris Johnson,CB,6.256906906906907,19,16,16,32.0,32.0,32,32,0.32931088983720563,16,77.8554912054912,214,0.08036564679031404
seattle-seahawks,Seattle Seahawks,Cashius Howell,EDGE,6.166666666666666,15,15,15,32.0,32.0,32,32,0.4111111111111111,9,77.8554912054912,214,0.07920657324465928
seattle-seahawks,Seattle Seahawks,Brandon Cisse,CB,5.406906906906907,13,13,13,32.0,32.0,32,32,0.4159159159159159,7,77.8554912054912,214,0.06944798399172586
seattle-seahawks,Seattle Seahawks,T.J. Parker,EDGE,4.122222222222222,10,9,9,32.0,32.0,32,32,0.41222222222222216,7,77.8554912054912,214,0.05294709670949296
seattle-seahawks,Seattle Seahawks,Chase Bisontis,IOL,3.447916666666667,7,7,7,32.0,32.0,32,32,0.49255952380952384,4,77.8554912054912,214,0.044286107675645656
seattle-seahawks,Seattle Seahawks,Keldric Faulk,EDGE,1.666666666666667,4,4,4,32.0,32.0,32,32,0.41666666666666674,4,77.8554912054912,214,0.02140718195801603
seattle-seahawks,Seattle Seahawks,Peter Woods,DL,1.5555555555555558,4,3,3,32.0,32.0,32,32,0.38888888888888895,4,77.8554912054912,214,0.019980036494148295
seattle-seahawks,Seattle Seahawks,Malachi Lawrence,EDGE,1.5,4,4,4,32.0,32.0,32,32,0.375,3,77.8554912054912,214,0.019266463762214425
seattle-seahawks,Seattle Seahawks,Kevin Concepcion,WR,1.3333333333333333,4,4,4,32.0,32.0,32,32,0.3333333333333333,2,77.8554912054912,214,0.01712574556641282
seattle-seahawks,Seattle Seahawks,Emmanuel McNeil-Warren,S,1.1944444444444442,3,3,3,32.0,32.0,32,32,0.3981481481481481,3,77.8554912054912,214,0.015341813736578148
seattle-seahawks,Seattle Seahawks,C.J. Allen,LB,1.1666666666666667,4,3,3,32.0,32.0,32,32,0.2916666666666667,4,77.8554912054912,214,0.014985027370611219
seattle-seahawks,Seattle Seahawks,Treydan Stukes,CB,1.0555555555555556,3,3,3,32.0,32.0,32,32,0.35185185185185186,2,77.8554912054912,214,0.013557881906743483
seattle-seahawks,Seattle Seahawks,Zion Young,EDGE,1.018018018018018,3,3,3,32.0,32.0,32,32,0.33933933933933935,3,77.8554912054912,214,0.01307573816895033
seattle-seahawks,Seattle Seahawks,Mike Washington Jr.,RB,1.0,3,3,3,32.0,32.0,32,32,0.3333333333333333,2,77.8554912054912,214,0.012844309174809615
seattle-seahawks,Seattle Seahawks,R Mason Thomas,EDGE,0.8571428571428572,3,3,3,32.0,32.0,32,32,0.28571428571428575,3,77.8554912054912,214,0.011009407864122528
seattle-seahawks,Seattle Seahawks,Anthony Hill Jr.,LB,0.75,2,2,2,32.0,32.0,32,32,0.375,1,77.8554912054912,214,0.009633231881107212
seattle-seahawks,Seattle Seahawks,Dillon Thieneman,S,0.6846846846846847,2,2,2,32.0,32.0,32,32,0.34234234234234234,1,77.8554912054912,214,0.008794301777347123
seattle-seahawks,Seattle Seahawks,Jermod McCoy,CB,0.6666666666666667,2,2,2,32.0,32.0,32,32,0.33333333333333337,2,77.8554912054912,214,0.00856287278320641
seattle-seahawks,Seattle Seahawks,Caleb Lomu,OT,0.5,1,1,1,32.0,32.0,32,32,0.5,1,77.8554912054912,214,0.006422154587404807
seattle-seahawks,Seattle Seahawks,Emmanuel Pregnon,IOL,0.5,2,2,2,32.0,32.0,32,32,0.25,1,77.8554912054912,214,0.006422154587404807
seattle-seahawks,Seattle Seahawks,Jeremiyah Love,RB,0.33333333333333337,1,1,1,1.0,1.0,1,1,0.33333333333333337,1,77.8554912054912,214,0.004281436391603205
seattle-seahawks,Seattle Seahawks,Chris Bell,WR,0.33333333333333337,1,1,1,32.0,32.0,32,32,0.33333333333333337,1,77.8554912054912,214,0.004281436391603205
seattle-seahawks,Seattle Seahawks,Keylan Rutledge,IOL,0.33333333333333337,1,1,1,32.0,32.0,32,32,0.33333333333333337,1,77.8554912054912,214,0.004281436391603205
seattle-seahawks,Seattle Seahawks,Germie Bernard,WR,0.3333333333333333,1,1,1,32.0,32.0,32,32,0.3333333333333333,0,77.8554912054912,214,0.004281436391603205
seattle-seahawks,Seattle Seahawks,Jaydn Ott,RB,0.3333333333333333,1,1,1,32.0,32.0,32,32,0.3333333333333333,0,77.8554912054912,214,0.004281436391603205
seattle-seahawks,Seattle Seahawks,Kayden McDonald,DL,0.3333333333333333,1,1,1,32.0,32.0,32,32,0.3333333333333333,0,77.8554912054912,214,0.004281436391603205
seattle-seahawks,Seattle Seahawks,Josiah Trotter,LB,0.26666666666666666,1,1,1,32.0,32.0,32,32,0.26666666666666666,1,77.8554912054912,214,0.003425149113282564
seattle-seahawks,Seattle Seahawks,Max Iheanachor,OT,0.26666666666666666,1,1,1,32.0,32.0,32,32,0.26666666666666666,1,77.8554912054912,214,0.003425149113282564
seattle-seahawks,Seattle Seahawks,Kadyn Proctor,OT,0.2222222222222222,1,1,1,32.0,32.0,32,32,0.2222222222222222,1,77.8554912054912,214,0.00285429092773547
seattle-seahawks,Seattle Seahawks,Akheem Mesidor,EDGE,0.16666666666666669,1,1,1,32.0,32.0,32,32,0.16666666666666669,1,77.8554912054912,214,0.0021407181958016026
seattle-seahawks,Seattle Seahawks,Billy Schrauth,IOL,0.0,1,1,1,32.0,32.0,32,32,0.0,1,77.8554912054912,214,0.0
seattle-seahawks,Seattle Seahawks,D'angelo Ponds,CB,0.0,1,1,1,32.0,32.0,32,32,0.0,1,77.8554912054912,214,0.0
seattle-seahawks,Seattle Seahawks,Denzel Boston,WR,0.0,1,1,1,32.0,32.0,32,32,0.0,1,77.8554912054912,214,0.0
tampa-bay-buccaneers,Tampa Bay Buccaneers,Akheem Mesidor,EDGE,19.923809523809524,69,65,64,15.405797101449275,15.0,15,23,0.28875086266390615,42,70.12453703703704,238,0.28412037163662907
tampa-bay-buccaneers,Tampa Bay Buccaneers,Kenyon Sadiq,TE,15.806349206349207,53,50,50,14.867924528301886,15.0,10,15,0.29823300389338125,35,70.12453703703704,238,0.22540397233568774
tampa-bay-buccaneers,Tampa Bay Buccaneers,Keldric Faulk,EDGE,10.134126984126985,35,34,34,15.285714285714286,15.0,13,23,0.289546485260771,23,70.12453703703704,238,0.14451613390010024
tampa-bay-buccaneers,Tampa Bay Buccaneers,Jermod McCoy,CB,5.044543650793651,15,15,15,15.0,15.0,15,15,0.3363029100529101,10,70.12453703703704,238,0.07193692627345717
tampa-bay-buccaneers,Tampa Bay Buccaneers,Olaivavega Ioane,IOL,4.783333333333333,17,17,17,15.0,15.0,15,15,0.28137254901960784,13,70.12453703703704,238,0.06821197736830638
tampa-bay-buccaneers,Tampa Bay Buccaneers,C.J. Allen,LB,2.1666666666666665,8,7,7,17.125,15.0,15,32,0.2708333333333333,4,70.12453703703704,238,0.03089741135149766
tampa-bay-buccaneers,Tampa Bay Buccaneers,Mansoor Delane,CB,1.8833333333333333,6,6,6,14.333333333333334,15.0,11,15,0.3138888888888889,6,70.12453703703704,238,0.026856980636301816
tampa-bay-buccaneers,Tampa Bay Buccaneers,Jordyn Tyson,WR,1.7604166666666665,5,5,5,15.0,15.0,15,15,0.3520833333333333,0,70.12453703703704,238,0.025104146723091848
tampa-bay-buccaneers,Tampa Bay Buccaneers,T.J. Parker,EDGE,1.4166666666666665,4,4,4,15.0,15.0,15,15,0.35416666666666663,4,70.12453703703704,238,0.02020215357597924
tampa-bay-buccaneers,Tampa Bay Buccaneers,Cashius Howell,EDGE,1.0,3,3,3,15.0,15.0,15,15,0.3333333333333333,3,70.12453703703704,238,0.014260343700691229
tampa-bay-buccaneers,Tampa Bay Buccaneers,Spencer Fano,OT,1.0,3,3,3,15.0,15.0,15,15,0.3333333333333333,2,70.12453703703704,238,0.014260343700691229
tampa-bay-buccaneers,Tampa Bay Buccaneers,Sonny Styles,LB,0.6666666666666667,2,1,1,15.0,15.0,15,15,0.33333333333333337,2,70.12453703703704,238,0.00950689580046082
tampa-bay-buccaneers,Tampa Bay Buccaneers,Emmanuel McNeil-Warren,S,0.5925925925925926,1,1,1,15.0,15.0,15,15,0.5925925925925926,0,70.12453703703704,238,0.008450574044854062
tampa-bay-buccaneers,Tampa Bay Buccaneers,Malachi Lawrence,EDGE,0.5619047619047619,3,3,3,17.0,15.0,15,21,0.1873015873015873,3,70.12453703703704,238,0.008012955031816977
tampa-bay-buccaneers,Tampa Bay Buccaneers,Zion Young,EDGE,0.5555555555555556,3,3,3,18.0,15.0,15,24,0.1851851851851852,3,70.12453703703704,238,0.007922413167050684
tampa-bay-buccaneers,Tampa Bay Buccaneers,Avieon Terrell,CB,0.5063492063492063,2,2,2,15.0,15.0,15,15,0.25317460317460316,2,70.12453703703704,238,0.007220713715111908
tampa-bay-buccaneers,Tampa Bay Buccaneers,Rueben Bain,EDGE,0.43333333333333335,2,2,2,8.0,8.0,7,9,0.21666666666666667,2,70.12453703703704,238,0.006179482270299533
tampa-bay-buccaneers,Tampa Bay Buccaneers,David Bailey,EDGE,0.33333333333333337,1,1,1,15.0,15.0,15,15,0.33333333333333337,1,70.12453703703704,238,0.00475344790023041
tampa-bay-buccaneers,Tampa Bay Buccaneers,Makai Lemon,WR,0.33333333333333337,1,1,1,15.0,15.0,15,15,0.33333333333333337,1,70.12453703703704,238,0.00475344790023041
tampa-bay-buccaneers,Tampa Bay Buccaneers,Omar Cooper Jr.,WR,0.33333333333333337,1,1,1,15.0,15.0,15,15,0.33333333333333337,1,70.12453703703704,238,0.00475344790023041
tampa-bay-buccaneers,Tampa Bay Buccaneers,Ty Simpson,QB,0.33333333333333337,1,1,1,15.0,15.0,15,15,0.33333333333333337,1,70.12453703703704,238,0.00475344790023041
tampa-bay-buccaneers,Tampa Bay Buccaneers,Jacob Rodriguez,LB,0.2222222222222222,1,1,1,30.0,30.0,30,30,0.2222222222222222,1,70.12453703703704,238,0.003168965266820273
tampa-bay-buccaneers,Tampa Bay Buccaneers,Jeremiyah Love,RB,0.16666666666666669,1,1,1,15.0,15.0,15,15,0.16666666666666669,1,70.12453703703704,238,0.002376723950115205
tampa-bay-buccaneers,Tampa Bay Buccaneers,Colton Hood,CB,0.16666666666666669,1,1,1,25.0,25.0,25,25,0.16666666666666669,1,70.12453703703704,238,0.002376723950115205
tennessee-titans,Tennessee Titans,Jeremiyah Love,RB,67.63456790123456,144,130,129,4.055555555555555,4.0,3,10,0.4696844993141289,89,120.75731922398589,260,0.560086695662588
tennessee-titans,Tennessee Titans,David Bailey,EDGE,17.82962962962963,39,38,36,4.0,4.0,4,4,0.4571699905033238,29,120.75731922398589,260,0.1476484385725594
tennessee-titans,Tennessee Titans,Sonny Styles,LB,9.558730158730159,22,22,22,4.5,4.0,4,10,0.4344877344877345,14,120.75731922398589,260,0.07915652831775946
tennessee-titans,Tennessee Titans,Arvell Reese,LB,7.0436507936507935,12,12,12,4.0,4.0,4,4,0.5869708994708994,10,120.75731922398589,260,0.058328976155771775
tennessee-titans,Tennessee Titans,Rueben Bain,EDGE,6.890123456790123,15,15,14,4.533333333333333,4.0,4,12,0.4593415637860082,12,120.75731922398589,260,0.057057605295212165
tennessee-titans,Tennessee Titans,Carnell Tate,WR,4.106172839506173,10,10,10,4.8,4.0,4,12,0.4106172839506173,8,120.75731922398589,260,0.0340035110574943
tennessee-titans,Tennessee Titans,Francis Mauigoa,OT,1.8333333333333335,3,3,3,4.0,4.0,4,4,0.6111111111111112,3,120.75731922398589,260,0.015181964498009331
tennessee-titans,Tennessee Titans,Olaivavega Ioane,IOL,1.0666666666666667,2,2,2,12.0,12.0,4,20,0.5333333333333333,2,120.75731922398589,260,0.008833142980659974
tennessee-titans,Tennessee Titans,Spencer Fano,OT,1.0,3,3,3,6.666666666666667,4.0,4,12,0.3333333333333333,1,120.75731922398589,260,0.008281071544368725
tennessee-titans,Tennessee Titans,Makai Lemon,WR,0.75,2,2,2,8.5,8.5,4,13,0.375,2,120.75731922398589,260,0.006210803658276544
tennessee-titans,Tennessee Titans,T.J. Parker,EDGE,0.6,1,1,1,29.0,29.0,29,29,0.6,1,120.75731922398589,260,0.004968642926621235
tennessee-titans,Tennessee Titans,Mansoor Delane,CB,0.5555555555555556,1,1,1,4.0,4.0,4,4,0.5555555555555556,1,120.75731922398589,260,0.00460059530242707
tennessee-titans,Tennessee Titans,Akheem Mesidor,EDGE,0.5555555555555556,1,1,1,20.0,20.0,20,20,0.5555555555555556,1,120.75731922398589,260,0.00460059530242707
tennessee-titans,Tennessee Titans,Cashius Howell,EDGE,0.33333333333333337,2,2,2,26.0,26.0,20,32,0.16666666666666669,2,120.75731922398589,260,0.002760357181456242
tennessee-titans,Tennessee Titans,Monroe Freeling,OT,0.3333333333333333,1,1,1,4.0,4.0,4,4,0.3333333333333333,0,120.75731922398589,260,0.0027603571814562417
tennessee-titans,Tennessee Titans,Jordyn Tyson,WR,0.3333333333333333,1,1,1,12.0,12.0,12,12,0.3333333333333333,0,120.75731922398589,260,0.0027603571814562417
tennessee-titans,Tennessee Titans,Anthony Hill Jr.,LB,0.3333333333333333,1,1,1,32.0,32.0,32,32,0.3333333333333333,0,120.75731922398589,260,0.0027603571814562417
washington-commanders,Washington Commanders,Caleb Downs,S,20.63783068783069,47,45,43,7.127659574468085,7.0,7,11,0.4391027805921423,34,109.70640432098766,254,0.18811874124911518
washington-commanders,Washington Commanders,Jeremiyah Love,RB,18.085802469135803,47,47,46,6.659574468085107,7.0,3,7,0.38480430785395325,33,109.70640432098766,254,0.16485639631592458
washington-commanders,Washington Commanders,Carnell Tate,WR,17.581889329805996,42,41,41,6.9523809523809526,7.0,5,7,0.4186164126144285,25,109.70640432098766,254,0.16026310805304964
washington-commanders,Washington Commanders,Sonny Styles,LB,14.744444444444445,32,31,31,6.90625,7.0,4,7,0.4607638888888889,21,109.70640432098766,254,0.13439912223632802
washington-commanders,Washington Commanders,Rueben Bain,EDGE,13.496119929453263,31,28,27,7.0,7.0,7,7,0.43535870740171817,22,109.70640432098766,254,0.12302034701607073
washington-commanders,Washington Commanders,Mansoor Delane,CB,8.815873015873017,18,17,17,7.0,7.0,7,7,0.48977072310405645,11,109.70640432098766,254,0.08035878188185659
washington-commanders,Washington Commanders,David Bailey,EDGE,3.533333333333333,8,8,8,7.0,7.0,7,7,0.44166666666666665,4,109.70640432098766,254,0.03220717473334763
washington-commanders,Washington Commanders,Francis Mauigoa,OT,2.422222222222222,5,5,5,7.0,7.0,7,7,0.4844444444444444,3,109.70640432098766,254,0.02207913236437039
washington-commanders,Washington Commanders,Arvell Reese,LB,2.3333333333333335,4,4,4,7.0,7.0,7,7,0.5833333333333334,3,109.70640432098766,254,0.021268888974852213
washington-commanders,Washington Commanders,Makai Lemon,WR,1.8888888888888888,5,5,5,9.2,9.0,7,12,0.37777777777777777,1,109.70640432098766,254,0.017217672027261315
washington-commanders,Washington Commanders,Jordyn Tyson,WR,1.4666666666666666,5,5,5,8.8,7.0,7,16,0.29333333333333333,3,109.70640432098766,254,0.01336901592704996
washington-commanders,Washington Commanders,Spencer Fano,OT,1.1666666666666667,2,2,2,7.0,7.0,7,7,0.5833333333333334,2,109.70640432098766,254,0.010634444487426106
washington-commanders,Washington Commanders,Olaivavega Ioane,IOL,0.6666666666666667,1,1,1,7.0,7.0,7,7,0.6666666666666667,1,109.70640432098766,254,0.006076825421386347
washington-commanders,Washington Commanders,Kevin Concepcion,WR,0.6666666666666667,1,1,1,16.0,16.0,16,16,0.6666666666666667,1,109.70640432098766,254,0.006076825421386347
washington-commanders,Washington Commanders,Kenyon Sadiq,TE,0.5555555555555556,1,1,1,14.0,14.0,14,14,0.5555555555555556,1,109.70640432098766,254,0.005064021184488622
washington-commanders,Washington Commanders,Colton Hood,CB,0.5333333333333333,1,1,1,26.0,26.0,26,26,0.5333333333333333,1,109.70640432098766,254,0.0048614603371090765
washington-commanders,Washington Commanders,Akheem Mesidor,EDGE,0.4444444444444444,1,1,1,15.0,15.0,15,15,0.4444444444444444,1,109.70640432098766,254,0.004051216947590897
washington-commanders,Washington Commanders,Omar Cooper Jr.,WR,0.3333333333333333,1,1,1,16.0,16.0,16,16,0.3333333333333333,0,109.70640432098766,254,0.0030384127106931726
washington-commanders,Washington Commanders,Jermod McCoy,CB,0.3333333333333333,1,1,1,20.0,20.0,20,20,0.3333333333333333,0,109.70640432098766,254,0.0030384127106931726
washington-commanders,Washington Commanders,Monroe Freeling,OT,0.0,1,1,1,7.0,7.0,7,7,0.0,1,109.70640432098766,254,0.0
